Account,date,daily_pnl,trade_count,total_volume_usd,avg_trade_size_usd,total_fees,n_closing_trades,n_wins,n_buys,n_sells,sentiment_value,sentiment_class,sentiment_binary,win_rate_trade_level,long_short_ratio,is_winning_day,cumulative_pnl,running_peak,drawdown
0x083384f897ee0f19899168e3b1bec365f52a9012,2024-11-11,0.0,177,900880.13,5089.718248587571,167.796055,0,0,0,177,76,Extreme Greed,Greed,,0.0,False,0.0,0.0,0.0
0x083384f897ee0f19899168e3b1bec365f52a9012,2024-11-17,0.0,68,542413.1799999999,7976.664411764705,67.883615,0,0,0,68,90,Extreme Greed,Greed,,0.0,False,0.0,0.0,0.0
0x083384f897ee0f19899168e3b1bec365f52a9012,2024-11-18,0.0,40,949380.0,23734.5,94.93798300000002,0,0,0,40,83,Extreme Greed,Greed,,0.0,False,0.0,0.0,0.0
0x083384f897ee0f19899168e3b1bec365f52a9012,2024-11-22,-21227.0,12,338240.0,28186.666666666668,33.823995,12,0,12,0,94,Extreme Greed,Greed,0.0,,False,-21227.0,0.0,-21227.0
0x083384f897ee0f19899168e3b1bec365f52a9012,2024-11-26,1603.1,27,465700.0,17248.14814814815,104.62249,12,12,12,15,79,Extreme Greed,Greed,1.0,0.8,True,-19623.9,0.0,-19623.9
0x083384f897ee0f19899168e3b1bec365f52a9012,2024-11-28,-132271.0,82,1316799.98,16058.536341463414,131.679967,82,0,82,0,77,Extreme Greed,Greed,0.0,,False,-151894.9,0.0,-151894.9
0x083384f897ee0f19899168e3b1bec365f52a9012,2024-11-30,0.0,23,1116918.77,48561.68565217392,390.921553,0,0,0,23,84,Extreme Greed,Greed,,0.0,False,-151894.9,0.0,-151894.9
0x083384f897ee0f19899168e3b1bec365f52a9012,2024-12-06,-175611.00005600002,33,1212299.96,36736.36242424243,121.229992,33,0,33,0,72,Greed,Greed,0.0,,False,-327505.900056,0.0,-327505.900056
0x083384f897ee0f19899168e3b1bec365f52a9012,2025-01-19,71393.964098,465,5306093.62,11410.954021505377,780.33644,112,23,112,353,77,Extreme Greed,Greed,0.20535714285714285,0.31728045325779036,True,-256111.93595800002,0.0,-256111.93595800002
0x083384f897ee0f19899168e3b1bec365f52a9012,2025-01-20,40218.599998,51,479429.99,9400.588039215687,23.971493,28,28,28,23,76,Extreme Greed,Greed,1.0,1.2173913043478262,True,-215893.33596000003,0.0,-215893.33596000003
0x083384f897ee0f19899168e3b1bec365f52a9012,2025-02-02,76710.0,10,1858470.0,185847.0,92.923496,9,9,9,1,60,Greed,Greed,1.0,9.0,True,-139183.33596000003,0.0,-139183.33596000003
0x083384f897ee0f19899168e3b1bec365f52a9012,2025-02-03,101011.685664,839,19794543.66,23593.019856972587,2355.038296,371,256,350,489,44,Fear,Fear,0.6900269541778976,0.7157464212678937,True,-38171.65029600002,0.0,-38171.65029600002
0x083384f897ee0f19899168e3b1bec365f52a9012,2025-02-04,375620.270243,531,5616220.88,10576.687156308852,704.19937,111,83,111,420,72,Greed,Greed,0.7477477477477478,0.2642857142857143,True,337448.619947,337448.619947,0.0
0x083384f897ee0f19899168e3b1bec365f52a9012,2025-02-05,44400.9058,210,5582863.31,26585.06338095238,700.101577,78,78,78,132,54,Neutral,Neutral,1.0,0.5909090909090909,True,381849.525747,381849.525747,0.0
0x083384f897ee0f19899168e3b1bec365f52a9012,2025-02-09,30897.0887,141,1432708.93,10161.056241134751,0.0,132,132,132,9,46,Neutral,Neutral,1.0,14.666666666666666,True,412746.61444699997,412746.61444699997,0.0
0x083384f897ee0f19899168e3b1bec365f52a9012,2025-02-10,55086.0,48,1537560.0,32032.5,0.0,16,16,16,32,43,Fear,Fear,1.0,0.5,True,467832.61444699997,467832.61444699997,0.0
0x083384f897ee0f19899168e3b1bec365f52a9012,2025-02-11,0.0,6,807600.01,134600.00166666668,0.0,0,0,0,6,47,Neutral,Neutral,,0.0,False,467832.61444699997,467832.61444699997,0.0
0x083384f897ee0f19899168e3b1bec365f52a9012,2025-02-24,10152.12224,59,1603504.46,27178.041694915253,561.226533,31,31,31,28,49,Neutral,Neutral,1.0,1.1071428571428572,True,477984.736687,477984.736687,0.0
0x083384f897ee0f19899168e3b1bec365f52a9012,2025-02-25,115445.395538,219,2898197.14,13233.776894977169,555.888761,93,93,93,126,25,Fear,Fear,1.0,0.7380952380952381,True,593430.132225,593430.132225,0.0
0x083384f897ee0f19899168e3b1bec365f52a9012,2025-02-28,115287.0,55,1372739.97,24958.908545454546,137.273975,1,1,1,54,16,Extreme Fear,Fear,1.0,0.018518518518518517,True,708717.132225,708717.132225,0.0
0x083384f897ee0f19899168e3b1bec365f52a9012,2025-03-01,9482.221441,45,134360.89,2985.797555555556,6.71802,36,36,36,9,20,Extreme Fear,Fear,1.0,4.0,True,718199.353666,718199.353666,0.0
0x083384f897ee0f19899168e3b1bec365f52a9012,2025-03-03,533974.662903,641,5365898.24,8371.136099843994,268.294625,540,540,540,101,33,Fear,Fear,1.0,5.346534653465347,True,1252174.016569,1252174.016569,0.0
0x083384f897ee0f19899168e3b1bec365f52a9012,2025-03-24,40200.0,5,398200.0,79640.0,39.819998,4,4,4,1,45,Neutral,Neutral,1.0,4.0,True,1292374.016569,1292374.016569,0.0
0x083384f897ee0f19899168e3b1bec365f52a9012,2025-04-12,307855.80341,31,666240.85,21491.640322580646,66.62407,31,31,31,0,43,Fear,Fear,1.0,,True,1600229.819979,1600229.819979,0.0
0x23e7a7f8d14b550961925fbfdaa92f5d195ba5bd,2024-11-30,11715.94323,55,135847.3,2469.9509090909087,34.68082399,46,46,8,47,84,Extreme Greed,Greed,1.0,0.1702127659574468,True,11715.94323,11715.94323,0.0
0x23e7a7f8d14b550961925fbfdaa92f5d195ba5bd,2024-12-01,0.0,1,0.06,0.06,0.0,0,0,0,1,81,Extreme Greed,Greed,,0.0,False,11715.94323,11715.94323,0.0
0x23e7a7f8d14b550961925fbfdaa92f5d195ba5bd,2024-12-06,0.0,34,48513.58,1426.8700000000001,1.31668822,0,0,34,0,72,Greed,Greed,,,False,11715.94323,11715.94323,0.0
0x23e7a7f8d14b550961925fbfdaa92f5d195ba5bd,2024-12-07,3515.031065,26,52028.630000000005,2001.101153846154,5.2028479999999995,25,25,0,26,75,Extreme Greed,Greed,1.0,0.0,True,15230.974295,15230.974295,0.0
0x23e7a7f8d14b550961925fbfdaa92f5d195ba5bd,2024-12-09,0.0,46,52066.88,1131.888695652174,1.4383267,0,0,46,0,78,Extreme Greed,Greed,,,False,15230.974295,15230.974295,0.0
0x23e7a7f8d14b550961925fbfdaa92f5d195ba5bd,2024-12-10,2517.787385,64,54584.72,852.88625,19.104602,63,63,0,64,78,Extreme Greed,Greed,1.0,0.0,True,17748.76168,17748.76168,0.0
0x23e7a7f8d14b550961925fbfdaa92f5d195ba5bd,2024-12-18,1613.165903,59,112897.91,1913.523898305085,20.81460217,15,15,44,15,81,Extreme Greed,Greed,1.0,2.933333333333333,True,19361.927583,19361.927583,0.0
0x23e7a7f8d14b550961925fbfdaa92f5d195ba5bd,2024-12-19,0.0,1,0.11,0.11,0.0,0,0,0,1,75,Extreme Greed,Greed,,0.0,False,19361.927583,19361.927583,0.0
0x23e7a7f8d14b550961925fbfdaa92f5d195ba5bd,2024-12-20,1245.51851,34,341740.77999999997,10051.199411764705,119.60926,21,21,13,21,74,Greed,Greed,1.0,0.6190476190476191,True,20607.446093000002,20607.446093000002,0.0
0x23e7a7f8d14b550961925fbfdaa92f5d195ba5bd,2025-01-13,0.0,13,36997.54,2845.9646153846156,61.51029,0,0,13,0,61,Greed,Greed,,,False,20607.446093000002,20607.446093000002,0.0
0x23e7a7f8d14b550961925fbfdaa92f5d195ba5bd,2025-01-17,4493.232479,17,41490.68,2440.6282352941175,14.521732,17,17,0,17,75,Extreme Greed,Greed,1.0,0.0,True,25100.678572,25100.678572,0.0
0x23e7a7f8d14b550961925fbfdaa92f5d195ba5bd,2025-01-18,1047.030992,39,84021.26999999999,2154.3915384615384,89.144541,28,28,10,29,77,Extreme Greed,Greed,1.0,0.3448275862068966,True,26147.709564,26147.709564,0.0
0x23e7a7f8d14b550961925fbfdaa92f5d195ba5bd,2025-01-19,4842.054317,124,272092.55,2194.294758064516,124.96169717000001,80,80,43,81,77,Extreme Greed,Greed,1.0,0.5308641975308642,True,30989.763881000003,30989.763881000003,0.0
0x23e7a7f8d14b550961925fbfdaa92f5d195ba5bd,2025-01-24,1693.493165,339,588968.28,1737.369557522124,108.05738221,198,198,141,198,75,Extreme Greed,Greed,1.0,0.7121212121212122,True,32683.257046000002,32683.257046000002,0.0
0x23e7a7f8d14b550961925fbfdaa92f5d195ba5bd,2025-01-25,4221.156399,54,129509.91,2398.331666666667,24.25559825,4,4,50,4,75,Extreme Greed,Greed,1.0,12.5,True,36904.413445,36904.413445,0.0
0x23e7a7f8d14b550961925fbfdaa92f5d195ba5bd,2025-01-27,0.0,44,66856.49,1519.465681818182,1.05928092,0,0,44,0,71,Greed,Greed,,,False,36904.413445,36904.413445,0.0
0x23e7a7f8d14b550961925fbfdaa92f5d195ba5bd,2025-01-28,6899.2458320000005,56,73755.74,1317.0667857142857,25.814472,56,56,0,56,72,Greed,Greed,1.0,0.0,True,43803.659277,43803.659277,0.0
0x23e7a7f8d14b550961925fbfdaa92f5d195ba5bd,2025-01-29,0.0,46,73735.48,1602.9452173913044,1.16815524,0,0,46,0,72,Greed,Greed,,,False,43803.659277,43803.659277,0.0
0x23e7a7f8d14b550961925fbfdaa92f5d195ba5bd,2025-01-30,7372.485101,55,81107.93000000001,1474.6896363636365,28.387735,55,55,0,55,70,Greed,Greed,1.0,0.0,True,51176.144378000005,51176.144378000005,0.0
0x23e7a7f8d14b550961925fbfdaa92f5d195ba5bd,2025-02-01,1162.002541,78,163388.11,2094.719358974359,29.90369878,25,25,53,25,68,Greed,Greed,1.0,2.12,True,52338.146919000006,52338.146919000006,0.0
0x23e7a7f8d14b550961925fbfdaa92f5d195ba5bd,2025-02-02,6352.452613,517,1443682.0,2792.42166344294,487.25693852,246,233,270,247,60,Greed,Greed,0.9471544715447154,1.0931174089068827,True,58690.599532,58690.599532,0.0
0x23e7a7f8d14b550961925fbfdaa92f5d195ba5bd,2025-02-11,-12346.990829,124,75901.55,612.1092741935485,26.565471000000002,124,0,0,124,47,Neutral,Neutral,0.0,0.0,False,46343.608703000005,58690.599532,-12346.990828999995
0x23e7a7f8d14b550961925fbfdaa92f5d195ba5bd,2025-02-12,355.5854,159,427297.12,2687.4032704402516,149.553903,127,127,31,128,46,Neutral,Neutral,1.0,0.2421875,True,46699.194103,58690.599532,-11991.405428999999
0x23e7a7f8d14b550961925fbfdaa92f5d195ba5bd,2025-02-24,1129.8489260000001,160,262595.6,1641.2224999999999,34.19572673,52,52,108,52,49,Neutral,Neutral,1.0,2.076923076923077,True,47829.043029,58690.599532,-10861.556503
0x23e7a7f8d14b550961925fbfdaa92f5d195ba5bd,2025-02-25,-6820.76955,1,82910.81,82910.81,29.018782,1,0,0,1,25,Fear,Fear,0.0,0.0,False,41008.273479,58690.599532,-17682.326052999997
0x23e7a7f8d14b550961925fbfdaa92f5d195ba5bd,2025-02-28,0.0,52,76066.87,1462.824423076923,1.35322108,0,0,52,0,16,Extreme Fear,Fear,,,False,41008.273479,58690.599532,-17682.326052999997
0x23e7a7f8d14b550961925fbfdaa92f5d195ba5bd,2025-03-03,2480.902379,110,219900.91,1999.099181818182,53.50649472,50,50,60,50,33,Fear,Fear,1.0,1.2,True,43489.175858,58690.599532,-15201.423673999998
0x23e7a7f8d14b550961925fbfdaa92f5d195ba5bd,2025-03-04,-3169.3554679999997,65,114173.17,1756.5103076923076,20.67737314,10,0,55,10,15,Extreme Fear,Fear,0.0,5.5,False,40319.82039,58690.599532,-18370.779142
0x23e7a7f8d14b550961925fbfdaa92f5d195ba5bd,2025-03-07,0.0,37,55481.42,1499.4978378378378,1.26292469,0,0,37,0,34,Fear,Fear,,,False,40319.82039,58690.599532,-18370.779142
0x23e7a7f8d14b550961925fbfdaa92f5d195ba5bd,2025-03-08,2099.019688,47,57580.5,1225.1170212765958,20.153151,47,47,0,47,28,Fear,Fear,1.0,0.0,True,42418.840078,58690.599532,-16271.759454
0x23e7a7f8d14b550961925fbfdaa92f5d195ba5bd,2025-03-09,656.540742,65,173973.68,2676.518153846154,22.11483517,57,57,8,57,27,Fear,Fear,1.0,0.14035087719298245,True,43075.38082,58690.599532,-15615.218712000002
0x23e7a7f8d14b550961925fbfdaa92f5d195ba5bd,2025-03-10,-1065.797583,53,176292.61,3326.2756603773582,41.25995296,52,51,1,52,20,Extreme Fear,Fear,0.9807692307692307,0.019230769230769232,False,42009.583237,58690.599532,-16681.016295
0x23e7a7f8d14b550961925fbfdaa92f5d195ba5bd,2025-03-12,1591.753271,53,115769.39,2184.328113207547,20.961068,52,52,1,52,34,Fear,Fear,1.0,0.019230769230769232,True,43601.336508,58690.599532,-15089.263024
0x23e7a7f8d14b550961925fbfdaa92f5d195ba5bd,2025-03-13,-2315.377191,27,115001.41,4259.311481481482,20.268314959999998,10,0,17,10,45,Neutral,Neutral,0.0,1.7,False,41285.959317,58690.599532,-17404.640215
0x23e7a7f8d14b550961925fbfdaa92f5d195ba5bd,2025-03-28,0.0,42,61324.83,1460.115,1.54451693,0,0,42,0,44,Fear,Fear,,,False,41285.959317,58690.599532,-17404.640215
0x23e7a7f8d14b550961925fbfdaa92f5d195ba5bd,2025-03-29,-5018.466447,97,56306.5,580.479381443299,19.707219000000002,97,0,0,97,26,Fear,Fear,0.0,0.0,False,36267.49287,58690.599532,-22423.106662
0x23e7a7f8d14b550961925fbfdaa92f5d195ba5bd,2025-03-31,716.143949,155,113285.54,730.8744516129032,20.92763202,83,83,72,83,34,Fear,Fear,1.0,0.8674698795180723,True,36983.636819,58690.599532,-21706.962713
0x23e7a7f8d14b550961925fbfdaa92f5d195ba5bd,2025-04-03,0.0,1,54768.6,54768.6,0.456405,0,0,1,0,25,Fear,Fear,,,False,36983.636819,58690.599532,-21706.962713
0x23e7a7f8d14b550961925fbfdaa92f5d195ba5bd,2025-04-15,0.0,1,16.37,16.37,0.00035346,0,0,1,0,38,Fear,Fear,,,False,36983.636819,58690.599532,-21706.962713
0x23e7a7f8d14b550961925fbfdaa92f5d195ba5bd,2025-04-16,-95.985744,88,68679.46,780.4484090909092,24.037758,88,1,0,88,29,Fear,Fear,0.011363636363636364,0.0,False,36887.651075,58690.599532,-21802.948457
0x23e7a7f8d14b550961925fbfdaa92f5d195ba5bd,2025-04-17,-133.41237,125,91365.76,730.92608,31.977951,67,20,60,65,30,Fear,Fear,0.29850746268656714,0.9230769230769231,False,36754.238705,58690.599532,-21936.360826999997
0x23e7a7f8d14b550961925fbfdaa92f5d195ba5bd,2025-04-18,951.934443,689,528313.42,766.7829027576198,129.33009467,301,301,312,377,33,Fear,Fear,1.0,0.8275862068965517,True,37706.173148,58690.599532,-20984.426384
0x23e7a7f8d14b550961925fbfdaa92f5d195ba5bd,2025-04-19,371.503,411,226906.97,552.0850851581508,51.02067149,297,297,122,289,32,Fear,Fear,1.0,0.42214532871972316,True,38077.676148,58690.599532,-20612.923384
0x23e7a7f8d14b550961925fbfdaa92f5d195ba5bd,2025-04-20,-1892.58947,603,581052.14,963.6022222222223,119.87578636,335,249,297,306,37,Fear,Fear,0.7432835820895523,0.9705882352941176,False,36185.086678,58690.599532,-22505.512854
0x23e7a7f8d14b550961925fbfdaa92f5d195ba5bd,2025-04-21,3434.689308,97,86106.24,887.6931958762888,30.137128,97,97,0,97,39,Fear,Fear,1.0,0.0,True,39619.775986,58690.599532,-19070.823546
0x23e7a7f8d14b550961925fbfdaa92f5d195ba5bd,2025-04-23,2654.14315,568,1472966.88,2593.2515492957746,197.963062,340,336,219,349,72,Greed,Greed,0.9882352941176471,0.6275071633237822,True,42273.919136000004,58690.599532,-16416.680395999996
0x23e7a7f8d14b550961925fbfdaa92f5d195ba5bd,2025-04-24,1867.252909,680,1142252.43,1679.7829852941175,188.105048,401,333,346,334,63,Greed,Greed,0.830423940149626,1.035928143712575,True,44141.172045,58690.599532,-14549.427487
0x23e7a7f8d14b550961925fbfdaa92f5d195ba5bd,2025-04-25,1969.39321,330,1248337.1199999999,3782.839757575757,197.03662328000001,97,40,162,168,60,Greed,Greed,0.41237113402061853,0.9642857142857143,True,46110.565255,58690.599532,-12580.034276999999
0x23e7a7f8d14b550961925fbfdaa92f5d195ba5bd,2025-04-26,-4648.8710550000005,338,96183.93,284.5678402366864,16.916102,338,0,0,338,65,Greed,Greed,0.0,0.0,False,41461.6942,58690.599532,-17228.905332000002
0x23e7a7f8d14b550961925fbfdaa92f5d195ba5bd,2025-04-27,0.0,67,96167.16,1435.3307462686569,0.267131,0,0,67,0,61,Greed,Greed,,,False,41461.6942,58690.599532,-17228.905332000002
0x23e7a7f8d14b550961925fbfdaa92f5d195ba5bd,2025-04-30,5179.772745,83,101346.88,1221.0467469879518,30.404024,83,83,0,83,56,Greed,Greed,1.0,0.0,True,46641.466945,58690.599532,-12049.132587
0x23e7a7f8d14b550961925fbfdaa92f5d195ba5bd,2025-05-01,1243.853569,250,203876.44,815.50576,31.0304917,81,81,169,81,53,Neutral,Neutral,1.0,2.0864197530864197,True,47885.320514,58690.599532,-10805.279018000001
0x271b280974205ca63b716753467d5a371de622ab,2024-07-15,-1.0,5,30351.0,6070.2,10.197932,2,0,2,3,52,Neutral,Neutral,0.0,0.6666666666666666,False,-1.0,-1.0,0.0
0x271b280974205ca63b716753467d5a371de622ab,2024-11-29,1584.342755,1,1584.35,1584.35,0.53234,1,1,0,1,78,Extreme Greed,Greed,1.0,0.0,True,1583.342755,1583.342755,0.0
0x271b280974205ca63b716753467d5a371de622ab,2024-12-05,208.81746,4,158123.95,39530.9875,34.129711,3,3,3,1,84,Extreme Greed,Greed,1.0,3.0,True,1792.1602149999999,1792.1602149999999,0.0
0x271b280974205ca63b716753467d5a371de622ab,2025-04-09,16706.884912,797,4886973.24,6131.710464240904,1181.135135,306,300,275,522,18,Extreme Fear,Fear,0.9803921568627451,0.5268199233716475,True,18499.045127,18499.045127,0.0
0x271b280974205ca63b716753467d5a371de622ab,2025-04-10,13264.043303999999,339,7423746.26,21898.95651917404,2463.061921,231,189,231,108,39,Fear,Fear,0.8181818181818182,2.138888888888889,True,31763.088431,31763.088431,0.0
0x271b280974205ca63b716753467d5a371de622ab,2025-04-19,5942.547242,313,2716221.67,8678.024504792333,720.081313,40,40,40,273,32,Fear,Fear,1.0,0.14652014652014653,True,37705.635673,37705.635673,0.0
0x271b280974205ca63b716753467d5a371de622ab,2025-04-20,8277.307357,863,2657908.25,3079.8473348783314,615.664567,424,424,418,445,37,Fear,Fear,1.0,0.9393258426966292,True,45982.943029999995,45982.943029999995,0.0
0x271b280974205ca63b716753467d5a371de622ab,2025-04-21,2638.012587,353,693974.34,1965.9329745042492,118.03440499999999,61,61,61,292,39,Fear,Fear,1.0,0.2089041095890411,True,48620.955617,48620.955617,0.0
0x271b280974205ca63b716753467d5a371de622ab,2025-04-22,-19037.340561,594,4817869.23,8110.89095959596,1377.855618,233,0,233,361,47,Neutral,Neutral,0.0,0.6454293628808865,False,29583.615056,48620.955617,-19037.340561
0x271b280974205ca63b716753467d5a371de622ab,2025-04-23,-108176.9187,469,9394438.39,20030.785479744136,2487.052566,236,66,236,233,72,Greed,Greed,0.2796610169491525,1.0128755364806867,False,-78593.303644,48620.955617,-127214.259261
0x271b280974205ca63b716753467d5a371de622ab,2025-04-24,8157.112326,70,1092249.57,15603.565285714287,273.237342,70,66,67,3,63,Greed,Greed,0.9428571428571428,22.333333333333332,True,-70436.191318,48620.955617,-119057.146935
0x271b280974205ca63b716753467d5a371de622ab,2025-04-25,0.0,1,0.17,0.17,0.0,0,0,0,1,60,Greed,Greed,,0.0,False,-70436.191318,48620.955617,-119057.146935
0x28736f43f1e871e6aa8b1148d38d4994275d72c4,2024-11-16,159.100072,93,34754.56,373.7049462365591,10.268876,26,16,49,44,86,Extreme Greed,Greed,0.6153846153846154,1.1136363636363635,True,159.100072,159.100072,0.0
0x28736f43f1e871e6aa8b1148d38d4994275d72c4,2024-11-17,161.289904,95,33584.67,353.5228421052631,10.251629,44,34,45,50,90,Extreme Greed,Greed,0.7727272727272727,0.9,True,320.38997600000005,320.38997600000005,0.0
0x28736f43f1e871e6aa8b1148d38d4994275d72c4,2024-11-18,147.410285,162,108044.6,666.941975308642,37.465806,93,67,71,91,83,Extreme Greed,Greed,0.7204301075268817,0.7802197802197802,True,467.800261,467.800261,0.0
0x28736f43f1e871e6aa8b1148d38d4994275d72c4,2024-11-19,233.36546,213,190840.29,895.9638028169014,66.816663,119,104,115,98,90,Extreme Greed,Greed,0.8739495798319328,1.1734693877551021,True,701.1657210000001,701.1657210000001,0.0
0x28736f43f1e871e6aa8b1148d38d4994275d72c4,2024-11-20,-316.245208,407,874868.16,2149.553218673219,298.312315,218,141,188,219,83,Extreme Greed,Greed,0.6467889908256881,0.8584474885844748,False,384.920513,701.1657210000001,-316.24520800000005
0x28736f43f1e871e6aa8b1148d38d4994275d72c4,2024-11-21,780.001314,446,325137.18,729.007130044843,111.648962,235,156,223,223,82,Extreme Greed,Greed,0.6638297872340425,1.0,True,1164.9218270000001,1164.9218270000001,0.0
0x28736f43f1e871e6aa8b1148d38d4994275d72c4,2024-11-22,141.21958999999998,433,182730.29,422.0099076212471,62.202151,229,135,208,225,94,Extreme Greed,Greed,0.5895196506550219,0.9244444444444444,True,1306.141417,1306.141417,0.0
0x28736f43f1e871e6aa8b1148d38d4994275d72c4,2024-11-23,673.6312,156,52019.64,333.45923076923077,17.776025,77,63,76,80,93,Extreme Greed,Greed,0.8181818181818182,0.95,True,1979.772617,1979.772617,0.0
0x28736f43f1e871e6aa8b1148d38d4994275d72c4,2024-11-24,108.321127,69,13851.0,200.7391304347826,4.469844,35,29,54,15,80,Extreme Greed,Greed,0.8285714285714286,3.6,True,2088.0937440000002,2088.0937440000002,0.0
0x28736f43f1e871e6aa8b1148d38d4994275d72c4,2024-11-25,464.281002,225,72982.65,324.3673333333333,24.451253,139,95,106,119,82,Extreme Greed,Greed,0.6834532374100719,0.8907563025210085,True,2552.374746,2552.374746,0.0
0x28736f43f1e871e6aa8b1148d38d4994275d72c4,2024-11-26,-508.290641,217,219729.39,1012.5778341013826,75.523391,116,76,127,90,79,Extreme Greed,Greed,0.6551724137931034,1.4111111111111112,False,2044.0841050000001,2552.374746,-508.2906409999998
0x28736f43f1e871e6aa8b1148d38d4994275d72c4,2024-11-27,193.66415899999998,169,187730.65,1110.83224852071,62.761001,93,74,69,100,75,Extreme Greed,Greed,0.7956989247311828,0.69,True,2237.748264,2552.374746,-314.6264820000001
0x28736f43f1e871e6aa8b1148d38d4994275d72c4,2024-11-28,165.532644,207,195837.9,946.0768115942029,67.285783,115,78,116,91,77,Extreme Greed,Greed,0.6782608695652174,1.2747252747252746,True,2403.280908,2552.374746,-149.09383799999978
0x28736f43f1e871e6aa8b1148d38d4994275d72c4,2024-11-29,9551.73423,206,80123.45,388.948786407767,29.21348375,108,92,87,119,78,Extreme Greed,Greed,0.8518518518518519,0.7310924369747899,True,11955.015138,11955.015138,0.0
0x28736f43f1e871e6aa8b1148d38d4994275d72c4,2024-11-30,5590.528248,154,48590.47,315.52253246753247,17.77266812,87,71,60,94,84,Extreme Greed,Greed,0.8160919540229885,0.6382978723404256,True,17545.543386,17545.543386,0.0
0x28736f43f1e871e6aa8b1148d38d4994275d72c4,2024-12-01,4458.25495,193,47695.56,247.12725388601035,16.10546943,108,97,66,127,81,Extreme Greed,Greed,0.8981481481481481,0.5196850393700787,True,22003.798336,22003.798336,0.0
0x28736f43f1e871e6aa8b1148d38d4994275d72c4,2024-12-02,1283.846047,140,19651.71,140.36935714285713,6.30947724,75,73,70,70,80,Extreme Greed,Greed,0.9733333333333334,1.0,True,23287.644383,23287.644383,0.0
0x28736f43f1e871e6aa8b1148d38d4994275d72c4,2024-12-03,1190.358719,78,7205.03,92.37217948717948,2.982829,37,37,28,50,76,Extreme Greed,Greed,1.0,0.56,True,24478.003102,24478.003102,0.0
0x28736f43f1e871e6aa8b1148d38d4994275d72c4,2024-12-04,9066.169646,112,18567.68,165.78285714285715,7.22773423,61,60,30,82,78,Extreme Greed,Greed,0.9836065573770492,0.36585365853658536,True,33544.172748,33544.172748,0.0
0x28736f43f1e871e6aa8b1148d38d4994275d72c4,2024-12-05,14685.787664,98,25406.1,259.2459183673469,9.32634692,48,48,33,65,84,Extreme Greed,Greed,1.0,0.5076923076923077,True,48229.960412,48229.960412,0.0
0x28736f43f1e871e6aa8b1148d38d4994275d72c4,2024-12-06,389.176232,69,8956.57,129.80536231884057,2.907485,16,16,27,42,72,Greed,Greed,1.0,0.6428571428571429,True,48619.136644,48619.136644,0.0
0x28736f43f1e871e6aa8b1148d38d4994275d72c4,2024-12-07,4008.012049,86,13732.33,159.67825581395348,3.66824976,36,36,20,66,75,Extreme Greed,Greed,1.0,0.30303030303030304,True,52627.148693,52627.148693,0.0
0x28736f43f1e871e6aa8b1148d38d4994275d72c4,2024-12-08,554.009942,102,7922.52,77.67176470588235,2.81362784,43,43,31,71,79,Extreme Greed,Greed,1.0,0.43661971830985913,True,53181.158635,53181.158635,0.0
0x28736f43f1e871e6aa8b1148d38d4994275d72c4,2024-12-09,768.430838,213,18772.08,88.1318309859155,6.79214041,129,126,169,44,78,Extreme Greed,Greed,0.9767441860465116,3.840909090909091,True,53949.589473,53949.589473,0.0
0x28736f43f1e871e6aa8b1148d38d4994275d72c4,2024-12-10,980.557461,157,18780.69,119.62222929936306,5.81611154,110,106,117,40,78,Extreme Greed,Greed,0.9636363636363636,2.925,True,54930.146934,54930.146934,0.0
0x28736f43f1e871e6aa8b1148d38d4994275d72c4,2024-12-11,1582.001112,93,11570.32,124.41204301075268,4.121023,40,32,16,77,74,Greed,Greed,0.8,0.2077922077922078,True,56512.148046,56512.148046,0.0
0x28736f43f1e871e6aa8b1148d38d4994275d72c4,2024-12-12,5806.86932,147,22071.36,150.14530612244897,6.99886242,87,82,28,119,83,Extreme Greed,Greed,0.9425287356321839,0.23529411764705882,True,62319.017366,62319.017366,0.0
0x28736f43f1e871e6aa8b1148d38d4994275d72c4,2024-12-13,1522.284412,155,13731.75,88.59193548387097,6.2494111199999995,82,71,83,72,76,Extreme Greed,Greed,0.8658536585365854,1.1527777777777777,True,63841.301778,63841.301778,0.0
0x28736f43f1e871e6aa8b1148d38d4994275d72c4,2024-12-14,13281.73126,154,28880.56,187.5361038961039,9.858389,122,119,45,109,83,Extreme Greed,Greed,0.9754098360655737,0.41284403669724773,True,77123.033038,77123.033038,0.0
0x28736f43f1e871e6aa8b1148d38d4994275d72c4,2024-12-15,5389.96219,137,17125.99,125.00722627737227,6.5299154,71,68,61,76,80,Extreme Greed,Greed,0.9577464788732394,0.8026315789473685,True,82512.995228,82512.995228,0.0
0x28736f43f1e871e6aa8b1148d38d4994275d72c4,2024-12-16,13190.248859,230,30184.81,131.2383043478261,16.93692959,156,154,85,145,83,Extreme Greed,Greed,0.9871794871794872,0.5862068965517241,True,95703.244087,95703.244087,0.0
0x28736f43f1e871e6aa8b1148d38d4994275d72c4,2024-12-17,4454.939378,181,20394.48,112.67668508287292,6.70647033,79,78,98,83,87,Extreme Greed,Greed,0.9873417721518988,1.180722891566265,True,100158.183465,100158.183465,0.0
0x28736f43f1e871e6aa8b1148d38d4994275d72c4,2024-12-18,3624.489655,191,23859.85,124.92068062827224,7.0983362,85,80,102,89,81,Extreme Greed,Greed,0.9411764705882353,1.146067415730337,True,103782.67312,103782.67312,0.0
0x28736f43f1e871e6aa8b1148d38d4994275d72c4,2024-12-19,1525.329937,204,40188.99,197.00485294117647,13.84405958,94,80,159,45,75,Extreme Greed,Greed,0.851063829787234,3.533333333333333,True,105308.003057,105308.003057,0.0
0x28736f43f1e871e6aa8b1148d38d4994275d72c4,2024-12-20,7812.716373,194,56183.31,289.6046907216495,20.15432465,121,111,64,130,74,Greed,Greed,0.9173553719008265,0.49230769230769234,True,113120.71943,113120.71943,0.0
0x28736f43f1e871e6aa8b1148d38d4994275d72c4,2024-12-21,7465.899936,107,23041.15,215.33785046728974,8.17682398,55,54,26,81,73,Greed,Greed,0.9818181818181818,0.32098765432098764,True,120586.619366,120586.619366,0.0
0x28736f43f1e871e6aa8b1148d38d4994275d72c4,2024-12-22,1174.025529,79,13811.95,174.83481012658228,4.77912431,42,41,45,34,73,Greed,Greed,0.9761904761904762,1.3235294117647058,True,121760.644895,121760.644895,0.0
0x28736f43f1e871e6aa8b1148d38d4994275d72c4,2024-12-23,122.889996,95,20168.95,212.30473684210526,7.38734551,30,29,86,9,70,Greed,Greed,0.9666666666666667,9.555555555555555,True,121883.534891,121883.534891,0.0
0x28736f43f1e871e6aa8b1148d38d4994275d72c4,2024-12-24,1555.956456,48,13556.33,282.42354166666667,3.97064897,16,15,9,39,73,Greed,Greed,0.9375,0.23076923076923078,True,123439.491347,123439.491347,0.0
0x28736f43f1e871e6aa8b1148d38d4994275d72c4,2024-12-25,1530.919365,66,18751.64,284.1157575757576,6.72020595,36,30,12,54,73,Greed,Greed,0.8333333333333334,0.2222222222222222,True,124970.410712,124970.410712,0.0
0x28736f43f1e871e6aa8b1148d38d4994275d72c4,2024-12-26,101.860928,84,18806.8,223.8904761904762,6.35717119,31,28,72,12,79,Extreme Greed,Greed,0.9032258064516129,6.0,True,125072.27164,125072.27164,0.0
0x28736f43f1e871e6aa8b1148d38d4994275d72c4,2024-12-27,388.366016,73,16192.710000000001,221.81794520547948,5.89000938,26,26,40,33,74,Greed,Greed,1.0,1.2121212121212122,True,125460.637656,125460.637656,0.0
0x28736f43f1e871e6aa8b1148d38d4994275d72c4,2024-12-28,506.512551,63,10479.52,166.3415873015873,3.62758387,30,23,35,28,72,Greed,Greed,0.7666666666666667,1.25,True,125967.150207,125967.150207,0.0
0x28736f43f1e871e6aa8b1148d38d4994275d72c4,2024-12-29,115.51218300000001,34,4793.72,140.99176470588236,1.67428899,17,17,7,27,73,Greed,Greed,1.0,0.25925925925925924,True,126082.66239,126082.66239,0.0
0x28736f43f1e871e6aa8b1148d38d4994275d72c4,2024-12-30,255.808312,125,56954.43,455.63544,15.93979237,43,42,109,16,65,Greed,Greed,0.9767441860465116,6.8125,True,126338.470702,126338.470702,0.0
0x28736f43f1e871e6aa8b1148d38d4994275d72c4,2024-12-31,496.221792,107,119958.51,1121.107570093458,37.09483339,33,32,57,50,64,Greed,Greed,0.9696969696969697,1.14,True,126834.692494,126834.692494,0.0
0x28736f43f1e871e6aa8b1148d38d4994275d72c4,2025-01-01,109.82694000000001,59,15537.51,263.3476271186441,4.20683628,21,21,44,15,66,Greed,Greed,1.0,2.933333333333333,True,126944.519434,126944.519434,0.0
0x28736f43f1e871e6aa8b1148d38d4994275d72c4,2025-01-02,416.546688,101,21987.03,217.69336633663366,7.715886,47,46,25,76,70,Greed,Greed,0.9787234042553191,0.32894736842105265,True,127361.066122,127361.066122,0.0
0x28736f43f1e871e6aa8b1148d38d4994275d72c4,2025-01-03,250.581483,69,14983.43,217.15115942028987,5.21759794,39,36,34,35,74,Greed,Greed,0.9230769230769231,0.9714285714285714,True,127611.647605,127611.647605,0.0
0x28736f43f1e871e6aa8b1148d38d4994275d72c4,2025-01-04,232.66549799999999,81,12691.32,156.68296296296296,4.45112,48,40,32,49,73,Greed,Greed,0.8333333333333334,0.6530612244897959,True,127844.31310300001,127844.31310300001,0.0
0x28736f43f1e871e6aa8b1148d38d4994275d72c4,2025-01-05,87.752181,82,8297.09,101.1840243902439,2.903942,47,44,39,43,72,Greed,Greed,0.9361702127659575,0.9069767441860465,True,127932.065284,127932.065284,0.0
0x28736f43f1e871e6aa8b1148d38d4994275d72c4,2025-01-06,114.68421000000001,80,6566.03,82.075375,2.180784,21,21,18,62,76,Extreme Greed,Greed,1.0,0.2903225806451613,True,128046.749494,128046.749494,0.0
0x28736f43f1e871e6aa8b1148d38d4994275d72c4,2025-01-07,267.846227,103,10681.19,103.70087378640777,3.84222532,76,72,87,16,78,Extreme Greed,Greed,0.9473684210526315,5.4375,True,128314.595721,128314.595721,0.0
0x28736f43f1e871e6aa8b1148d38d4994275d72c4,2025-01-08,651.469355,149,73008.96,489.99302013422823,25.62455377,93,85,111,38,70,Greed,Greed,0.9139784946236559,2.9210526315789473,True,128966.065076,128966.065076,0.0
0x28736f43f1e871e6aa8b1148d38d4994275d72c4,2025-01-09,571.688942,103,75026.01,728.4078640776698,26.62899091,49,49,64,39,69,Greed,Greed,1.0,1.641025641025641,True,129537.754018,129537.754018,0.0
0x28736f43f1e871e6aa8b1148d38d4994275d72c4,2025-01-10,401.706348,84,43858.12,522.1204761904762,12.934459,40,37,34,50,50,Neutral,Neutral,0.925,0.68,True,129939.460366,129939.460366,0.0
0x28736f43f1e871e6aa8b1148d38d4994275d72c4,2025-01-11,157.228232,37,17918.2,484.2756756756757,6.271357,18,16,18,19,69,Greed,Greed,0.8888888888888888,0.9473684210526315,True,130096.688598,130096.688598,0.0
0x28736f43f1e871e6aa8b1148d38d4994275d72c4,2025-01-12,274.773033,63,28122.33,446.3861904761905,9.55187849,40,39,29,34,62,Greed,Greed,0.975,0.8529411764705882,True,130371.461631,130371.461631,0.0
0x28736f43f1e871e6aa8b1148d38d4994275d72c4,2025-01-13,53.846609,61,34244.06,561.3780327868852,10.70141637,19,19,49,12,61,Greed,Greed,1.0,4.083333333333333,True,130425.30824,130425.30824,0.0
0x28736f43f1e871e6aa8b1148d38d4994275d72c4,2025-01-14,894.564828,42,41818.27,995.6730952380951,11.65985,35,34,4,38,63,Greed,Greed,0.9714285714285714,0.10526315789473684,True,131319.873068,131319.873068,0.0
0x28736f43f1e871e6aa8b1148d38d4994275d72c4,2025-01-15,55.137803,19,4560.2,240.01052631578946,1.2830669799999999,8,8,10,9,70,Greed,Greed,1.0,1.1111111111111112,True,131375.010871,131375.010871,0.0
0x28736f43f1e871e6aa8b1148d38d4994275d72c4,2025-01-16,238.995461,87,11862.92,136.35540229885058,4.286717,28,28,24,63,75,Extreme Greed,Greed,1.0,0.38095238095238093,True,131614.006332,131614.006332,0.0
0x28736f43f1e871e6aa8b1148d38d4994275d72c4,2025-01-17,168.92152,70,8297.74,118.53914285714285,2.93988,36,35,37,33,75,Extreme Greed,Greed,0.9722222222222222,1.121212121212121,True,131782.927852,131782.927852,0.0
0x28736f43f1e871e6aa8b1148d38d4994275d72c4,2025-01-18,594.135892,259,50558.590000000004,195.20691119691122,15.71582039,107,105,128,131,77,Extreme Greed,Greed,0.9813084112149533,0.9770992366412213,True,132377.063744,132377.063744,0.0
0x28736f43f1e871e6aa8b1148d38d4994275d72c4,2025-01-19,102.504343,184,28651.9,155.71684782608696,9.57127425,90,79,58,126,77,Extreme Greed,Greed,0.8777777777777778,0.4603174603174603,True,132479.568087,132479.568087,0.0
0x28736f43f1e871e6aa8b1148d38d4994275d72c4,2025-01-20,608.885905,169,28690.59,169.7668047337278,11.29703859,72,69,115,54,76,Extreme Greed,Greed,0.9583333333333334,2.1296296296296298,True,133088.453992,133088.453992,0.0
0x28736f43f1e871e6aa8b1148d38d4994275d72c4,2025-01-21,428.3738,94,24660.77,262.3486170212766,9.96375392,53,46,48,46,76,Extreme Greed,Greed,0.8679245283018868,1.0434782608695652,True,133516.827792,133516.827792,0.0
0x28736f43f1e871e6aa8b1148d38d4994275d72c4,2025-01-22,589.467131,112,13532.53,120.82616071428572,4.77079692,54,51,57,55,84,Extreme Greed,Greed,0.9444444444444444,1.0363636363636364,True,134106.294923,134106.294923,0.0
0x28736f43f1e871e6aa8b1148d38d4994275d72c4,2025-01-23,229.609892,122,15723.44,128.88065573770493,4.98842587,61,57,90,32,75,Extreme Greed,Greed,0.9344262295081968,2.8125,True,134335.904815,134335.904815,0.0
0x28736f43f1e871e6aa8b1148d38d4994275d72c4,2025-01-24,347.22838,120,17405.58,145.0465,6.46564692,62,60,59,61,75,Extreme Greed,Greed,0.967741935483871,0.9672131147540983,True,134683.133195,134683.133195,0.0
0x28736f43f1e871e6aa8b1148d38d4994275d72c4,2025-01-25,124.70498799999999,118,28493.72,241.47220338983053,11.00739186,51,47,73,45,75,Extreme Greed,Greed,0.9215686274509803,1.6222222222222222,True,134807.838183,134807.838183,0.0
0x28736f43f1e871e6aa8b1148d38d4994275d72c4,2025-01-26,273.211119,106,35426.18,334.20924528301884,11.383431,50,48,57,49,73,Greed,Greed,0.96,1.163265306122449,True,135081.049302,135081.049302,0.0
0x28736f43f1e871e6aa8b1148d38d4994275d72c4,2025-01-27,838.930696,268,327978.27999999997,1223.7995522388057,118.08617435,121,114,154,114,71,Greed,Greed,0.9421487603305785,1.3508771929824561,True,135919.979998,135919.979998,0.0
0x28736f43f1e871e6aa8b1148d38d4994275d72c4,2025-01-28,1019.55769,151,94256.64,624.2161589403973,32.20703597,82,75,70,81,72,Greed,Greed,0.9146341463414634,0.8641975308641975,True,136939.537688,136939.537688,0.0
0x28736f43f1e871e6aa8b1148d38d4994275d72c4,2025-01-29,152.618804,42,14317.3,340.8880952380952,4.761573,21,21,22,20,72,Greed,Greed,1.0,1.1,True,137092.156492,137092.156492,0.0
0x28736f43f1e871e6aa8b1148d38d4994275d72c4,2025-01-30,1234.2072,86,33889.56,394.06465116279065,12.06936192,62,55,25,61,70,Greed,Greed,0.8870967741935484,0.4098360655737705,True,138326.363692,138326.363692,0.0
0x28736f43f1e871e6aa8b1148d38d4994275d72c4,2025-01-31,755.916254,49,18338.89,374.2630612244898,6.418588,40,38,11,38,76,Extreme Greed,Greed,0.95,0.2894736842105263,True,139082.279946,139082.279946,0.0
0x28736f43f1e871e6aa8b1148d38d4994275d72c4,2025-02-01,3.536668000000001,51,53933.29,1057.5154901960784,18.86497698,29,21,30,21,68,Greed,Greed,0.7241379310344828,1.4285714285714286,True,139085.816614,139085.816614,0.0
0x28736f43f1e871e6aa8b1148d38d4994275d72c4,2025-02-02,-1416.906536,91,120908.25,1328.6620879120878,35.3271459,16,5,80,11,60,Greed,Greed,0.3125,7.2727272727272725,False,137668.910078,139085.816614,-1416.906536000024
0x28736f43f1e871e6aa8b1148d38d4994275d72c4,2025-02-03,439.634046,75,93869.36,1251.5914666666667,19.67962575,46,45,27,48,44,Fear,Fear,0.9782608695652174,0.5625,True,138108.544124,139085.816614,-977.272490000003
0x28736f43f1e871e6aa8b1148d38d4994275d72c4,2025-02-04,1291.500575,48,54703.67,1139.6597916666667,11.67501298,17,17,31,17,72,Greed,Greed,1.0,1.8235294117647058,True,139400.044699,139400.044699,0.0
0x28736f43f1e871e6aa8b1148d38d4994275d72c4,2025-02-05,696.8107239999999,83,75729.73,912.4063855421687,22.582462,38,37,45,38,54,Neutral,Neutral,0.9736842105263158,1.1842105263157894,True,140096.855423,140096.855423,0.0
0x28736f43f1e871e6aa8b1148d38d4994275d72c4,2025-02-06,358.877096,45,65416.700000000004,1453.7044444444446,12.82953248,17,17,28,17,49,Neutral,Neutral,1.0,1.6470588235294117,True,140455.732519,140455.732519,0.0
0x28736f43f1e871e6aa8b1148d38d4994275d72c4,2025-02-07,932.4458159999999,54,32228.93,596.832037037037,8.94706289,36,36,18,36,44,Fear,Fear,1.0,0.5,True,141388.178335,141388.178335,0.0
0x28736f43f1e871e6aa8b1148d38d4994275d72c4,2025-02-08,0.0,32,20168.09,630.2528125,6.52147324,0,0,32,0,44,Fear,Fear,,,False,141388.178335,141388.178335,0.0
0x28736f43f1e871e6aa8b1148d38d4994275d72c4,2025-02-09,31.14195,17,11645.55,685.0323529411764,4.075936,11,11,6,11,46,Neutral,Neutral,1.0,0.5454545454545454,True,141419.320285,141419.320285,0.0
0x28736f43f1e871e6aa8b1148d38d4994275d72c4,2025-02-10,436.833818,43,46267.68,1075.9925581395348,11.32409347,29,29,14,29,43,Fear,Fear,1.0,0.4827586206896552,True,141856.154103,141856.154103,0.0
0x28736f43f1e871e6aa8b1148d38d4994275d72c4,2025-02-11,593.326371,41,40352.36,984.2039024390244,10.47421592,19,19,22,19,47,Neutral,Neutral,1.0,1.1578947368421053,True,142449.480474,142449.480474,0.0
0x28736f43f1e871e6aa8b1148d38d4994275d72c4,2025-02-12,198.780392,59,42341.16,717.646779661017,10.93174577,31,27,28,31,46,Neutral,Neutral,0.8709677419354839,0.9032258064516129,True,142648.260866,142648.260866,0.0
0x28736f43f1e871e6aa8b1148d38d4994275d72c4,2025-02-13,287.27875,42,27205.38,647.7471428571429,7.41441345,21,21,27,15,50,Neutral,Neutral,1.0,1.8,True,142935.539616,142935.539616,0.0
0x28736f43f1e871e6aa8b1148d38d4994275d72c4,2025-02-14,404.813032,47,25221.44,536.6263829787234,7.08501143,38,37,5,42,48,Neutral,Neutral,0.9736842105263158,0.11904761904761904,True,143340.352648,143340.352648,0.0
0x28736f43f1e871e6aa8b1148d38d4994275d72c4,2025-02-15,64.653448,9,2320.4900000000002,257.83222222222224,0.38499837000000003,8,8,2,7,50,Neutral,Neutral,1.0,0.2857142857142857,True,143405.006096,143405.006096,0.0
0x28736f43f1e871e6aa8b1148d38d4994275d72c4,2025-02-16,59.664989,11,5536.66,503.33272727272725,2.08515748,4,4,6,5,54,Neutral,Neutral,1.0,1.2,True,143464.671085,143464.671085,0.0
0x28736f43f1e871e6aa8b1148d38d4994275d72c4,2025-02-17,115.824682,28,13067.380000000001,466.69214285714287,3.468646,18,18,17,11,51,Neutral,Neutral,1.0,1.5454545454545454,True,143580.495767,143580.495767,0.0
0x28736f43f1e871e6aa8b1148d38d4994275d72c4,2025-02-18,45.659497,36,14575.84,404.88444444444445,3.92265877,7,7,33,3,47,Neutral,Neutral,1.0,11.0,True,143626.155264,143626.155264,0.0
0x28736f43f1e871e6aa8b1148d38d4994275d72c4,2025-02-19,20.62415,22,11189.19,508.5995454545455,3.82803041,7,7,14,8,44,Fear,Fear,1.0,1.75,True,143646.779414,143646.779414,0.0
0x28736f43f1e871e6aa8b1148d38d4994275d72c4,2025-02-20,278.142839,53,22754.77,429.3352830188679,6.97613161,26,26,25,28,49,Neutral,Neutral,1.0,0.8928571428571429,True,143924.922253,143924.922253,0.0
0x28736f43f1e871e6aa8b1148d38d4994275d72c4,2025-02-21,591.659533,93,29836.45,320.8220430107527,8.71799298,61,61,34,59,55,Greed,Greed,1.0,0.576271186440678,True,144516.581786,144516.581786,0.0
0x28736f43f1e871e6aa8b1148d38d4994275d72c4,2025-02-22,408.03639799999996,58,30380.94,523.8093103448275,10.403183,18,17,34,24,49,Neutral,Neutral,0.9444444444444444,1.4166666666666667,True,144924.618184,144924.618184,0.0
0x28736f43f1e871e6aa8b1148d38d4994275d72c4,2025-02-23,39.91436,24,13213.73,550.5720833333334,4.624798999999999,9,9,10,14,50,Neutral,Neutral,1.0,0.7142857142857143,True,144964.532544,144964.532544,0.0
0x28736f43f1e871e6aa8b1148d38d4994275d72c4,2025-02-24,180.244855,61,17227.04,282.4104918032787,4.67033409,27,27,57,4,49,Neutral,Neutral,1.0,14.25,True,145144.777399,145144.777399,0.0
0x28736f43f1e871e6aa8b1148d38d4994275d72c4,2025-02-25,168.27053,49,43286.48,883.3975510204082,12.08812484,13,13,41,8,25,Fear,Fear,1.0,5.125,True,145313.047929,145313.047929,0.0
0x28736f43f1e871e6aa8b1148d38d4994275d72c4,2025-02-26,64.59776,34,8237.21,242.27088235294116,2.31881993,15,13,25,9,21,Extreme Fear,Fear,0.8666666666666667,2.7777777777777777,True,145377.645689,145377.645689,0.0
0x28736f43f1e871e6aa8b1148d38d4994275d72c4,2025-02-27,71.919819,30,22953.21,765.107,7.712264,14,13,18,12,10,Extreme Fear,Fear,0.9285714285714286,1.5,True,145449.565508,145449.565508,0.0
0x28736f43f1e871e6aa8b1148d38d4994275d72c4,2025-02-28,-3425.450348,81,130540.14,1611.6066666666666,44.055539950000004,29,26,52,29,16,Extreme Fear,Fear,0.896551724137931,1.793103448275862,False,142024.11516,145449.565508,-3425.450348000013
0x28736f43f1e871e6aa8b1148d38d4994275d72c4,2025-03-01,557.9358,37,31087.87,840.2127027027027,10.630594,14,14,18,19,20,Extreme Fear,Fear,1.0,0.9473684210526315,True,142582.05096,145449.565508,-2867.5145480000065
0x28736f43f1e871e6aa8b1148d38d4994275d72c4,2025-03-02,8330.21747,73,104558.43000000001,1432.3072602739728,32.77112491,56,56,18,55,26,Fear,Fear,1.0,0.32727272727272727,True,150912.26843,150912.26843,0.0
0x28736f43f1e871e6aa8b1148d38d4994275d72c4,2025-03-03,494.669357,58,31141.85,536.928448275862,9.075943,21,21,48,10,33,Fear,Fear,1.0,4.8,True,151406.937787,151406.937787,0.0
0x28736f43f1e871e6aa8b1148d38d4994275d72c4,2025-03-04,163.73415,43,46953.82,1091.9493023255814,12.403976,13,13,42,1,15,Extreme Fear,Fear,1.0,42.0,True,151570.671937,151570.671937,0.0
0x28736f43f1e871e6aa8b1148d38d4994275d72c4,2025-03-05,437.35445200000004,26,28836.0,1109.076923076923,10.038071,20,20,9,17,20,Extreme Fear,Fear,1.0,0.5294117647058824,True,152008.026389,152008.026389,0.0
0x28736f43f1e871e6aa8b1148d38d4994275d72c4,2025-03-06,291.46926,21,17989.23,856.63,6.196843,13,13,10,11,25,Fear,Fear,1.0,0.9090909090909091,True,152299.495649,152299.495649,0.0
0x28736f43f1e871e6aa8b1148d38d4994275d72c4,2025-03-07,411.824274,40,29937.28,748.432,10.478032,15,15,26,14,34,Fear,Fear,1.0,1.8571428571428572,True,152711.319923,152711.319923,0.0
0x28736f43f1e871e6aa8b1148d38d4994275d72c4,2025-03-08,173.811132,35,24438.829999999998,698.2522857142857,5.714768,14,14,23,12,28,Fear,Fear,1.0,1.9166666666666667,True,152885.131055,152885.131055,0.0
0x28736f43f1e871e6aa8b1148d38d4994275d72c4,2025-03-09,140.953497,36,40265.77,1118.493611111111,8.077071,6,6,31,5,27,Fear,Fear,1.0,6.2,True,153026.084552,153026.084552,0.0
0x28736f43f1e871e6aa8b1148d38d4994275d72c4,2025-03-10,-4026.754395,31,25979.85,838.0596774193548,9.092939,16,3,15,16,20,Extreme Fear,Fear,0.1875,0.9375,False,148999.330157,153026.084552,-4026.7543949999963
0x28736f43f1e871e6aa8b1148d38d4994275d72c4,2025-03-11,0.0,24,12922.59,538.44125,3.08138524,0,0,24,0,24,Extreme Fear,Fear,,,False,148999.330157,153026.084552,-4026.7543949999963
0x28736f43f1e871e6aa8b1148d38d4994275d72c4,2025-03-12,33.01095,9,7666.75,851.8611111111111,2.419733,4,4,5,4,34,Fear,Fear,1.0,1.25,True,149032.34110700001,153026.084552,-3993.743444999971
0x28736f43f1e871e6aa8b1148d38d4994275d72c4,2025-03-13,465.046501,22,19388.739999999998,881.3063636363636,6.1611094699999995,13,12,9,13,45,Neutral,Neutral,0.9230769230769231,0.6923076923076923,True,149497.387608,153026.084552,-3528.6969439999957
0x28736f43f1e871e6aa8b1148d38d4994275d72c4,2025-03-14,0.0,4,1049.99,262.4975,0.02631992,0,0,3,1,27,Fear,Fear,,3.0,False,149497.387608,153026.084552,-3528.6969439999957
0x28736f43f1e871e6aa8b1148d38d4994275d72c4,2025-03-16,106.912886,27,16711.44,618.9422222222222,3.300477,18,18,9,18,30,Fear,Fear,1.0,0.5,True,149604.300494,153026.084552,-3421.78405799999
0x28736f43f1e871e6aa8b1148d38d4994275d72c4,2025-03-17,0.0,2,1307.1999999999998,653.5999999999999,0.45752099999999996,0,0,2,0,32,Fear,Fear,,,False,149604.300494,153026.084552,-3421.78405799999
0x28736f43f1e871e6aa8b1148d38d4994275d72c4,2025-03-18,40.9165,15,10557.24,703.816,3.695029,7,7,12,3,34,Fear,Fear,1.0,4.0,True,149645.216994,153026.084552,-3380.867557999998
0x28736f43f1e871e6aa8b1148d38d4994275d72c4,2025-03-19,54.9718,33,17816.28,539.8872727272727,3.580514,30,30,3,30,32,Fear,Fear,1.0,0.1,True,149700.188794,153026.084552,-3325.8957579999988
0x28736f43f1e871e6aa8b1148d38d4994275d72c4,2025-03-20,144.656157,20,32407.06,1620.353,5.7227,12,10,6,14,49,Neutral,Neutral,0.8333333333333334,0.42857142857142855,True,149844.844951,153026.084552,-3181.2396009999793
0x28736f43f1e871e6aa8b1148d38d4994275d72c4,2025-03-21,0.5844,12,2254.33,187.86083333333332,0.7890119999999999,1,1,10,2,31,Fear,Fear,1.0,5.0,True,149845.429351,153026.084552,-3180.655200999987
0x28736f43f1e871e6aa8b1148d38d4994275d72c4,2025-03-22,132.087931,17,9509.89,559.405294117647,3.06220897,9,9,6,11,32,Fear,Fear,1.0,0.5454545454545454,True,149977.517282,153026.084552,-3048.5672699999996
0x28736f43f1e871e6aa8b1148d38d4994275d72c4,2025-03-23,79.086899,14,11768.86,840.6328571428572,3.619859,13,13,1,13,30,Fear,Fear,1.0,0.07692307692307693,True,150056.604181,153026.084552,-2969.4803709999833
0x28736f43f1e871e6aa8b1148d38d4994275d72c4,2025-03-24,808.135252,45,60063.4,1334.7422222222222,19.386062,31,31,11,34,45,Neutral,Neutral,1.0,0.3235294117647059,True,150864.739433,153026.084552,-2161.345118999976
0x28736f43f1e871e6aa8b1148d38d4994275d72c4,2025-03-25,417.38885700000003,33,17512.12,530.670303030303,5.44960793,12,12,20,13,46,Neutral,Neutral,1.0,1.5384615384615385,True,151282.12829,153026.084552,-1743.9562619999924
0x28736f43f1e871e6aa8b1148d38d4994275d72c4,2025-03-26,379.04079,35,22297.6,637.0742857142857,7.23844293,16,16,17,18,47,Neutral,Neutral,1.0,0.9444444444444444,True,151661.16908,153026.084552,-1364.9154719999933
0x28736f43f1e871e6aa8b1148d38d4994275d72c4,2025-03-27,-133.035992,38,70602.99,1857.9734210526317,24.18367894,9,6,29,9,40,Fear,Fear,0.6666666666666666,3.2222222222222223,False,151528.133088,153026.084552,-1497.9514639999834
0x28736f43f1e871e6aa8b1148d38d4994275d72c4,2025-03-28,-21.766132,41,35923.43,876.1812195121952,9.889059,4,1,37,4,44,Fear,Fear,0.25,9.25,False,151506.366956,153026.084552,-1519.7175959999731
0x28736f43f1e871e6aa8b1148d38d4994275d72c4,2025-03-29,28.499012000000004,15,7029.76,468.65066666666667,2.460415,5,5,15,0,26,Fear,Fear,1.0,,True,151534.865968,153026.084552,-1491.2185839999875
0x28736f43f1e871e6aa8b1148d38d4994275d72c4,2025-03-30,-743.288757,44,31977.1,726.7522727272727,10.817133,11,1,31,13,32,Fear,Fear,0.09090909090909091,2.3846153846153846,False,150791.577211,153026.084552,-2234.5073409999895
0x28736f43f1e871e6aa8b1148d38d4994275d72c4,2025-03-31,3.5652170000000005,52,19507.03,375.1351923076923,6.77894745,14,7,40,12,34,Fear,Fear,0.5,3.3333333333333335,True,150795.142428,153026.084552,-2230.942123999994
0x28736f43f1e871e6aa8b1148d38d4994275d72c4,2025-04-01,768.351892,41,17318.84,422.4107317073171,5.24749082,29,27,14,27,34,Fear,Fear,0.9310344827586207,0.5185185185185185,True,151563.49432,153026.084552,-1462.5902319999877
0x28736f43f1e871e6aa8b1148d38d4994275d72c4,2025-04-02,669.381363,70,28989.4,414.13428571428574,9.363195900000001,42,42,27,43,44,Fear,Fear,1.0,0.627906976744186,True,152232.875683,153026.084552,-793.2088689999946
0x28736f43f1e871e6aa8b1148d38d4994275d72c4,2025-04-03,149.51234499999998,85,38532.12,453.3190588235294,12.648717,21,10,64,21,25,Fear,Fear,0.47619047619047616,3.0476190476190474,True,152382.388028,153026.084552,-643.696523999999
0x28736f43f1e871e6aa8b1148d38d4994275d72c4,2025-04-04,498.73528200000004,100,28054.43,280.5443,9.75008299,63,56,33,67,28,Fear,Fear,0.8888888888888888,0.4925373134328358,True,152881.12331,153026.084552,-144.9612419999903
0x28736f43f1e871e6aa8b1148d38d4994275d72c4,2025-04-05,177.049662,56,18551.420000000002,331.27535714285716,5.860857,38,34,18,38,30,Fear,Fear,0.8947368421052632,0.47368421052631576,True,153058.172972,153058.172972,0.0
0x28736f43f1e871e6aa8b1148d38d4994275d72c4,2025-04-06,-476.77056300000004,74,28676.8,387.5243243243243,9.776648999999999,38,27,40,34,34,Fear,Fear,0.7105263157894737,1.1764705882352942,False,152581.402409,153058.172972,-476.7705629999982
0x28736f43f1e871e6aa8b1148d38d4994275d72c4,2025-04-07,-19833.530157,150,124542.67,830.2844666666666,43.1092219,110,27,40,110,23,Extreme Fear,Fear,0.24545454545454545,0.36363636363636365,False,132747.872252,153058.172972,-20310.30072
0x28736f43f1e871e6aa8b1148d38d4994275d72c4,2025-04-08,230.103259,65,18193.11,279.894,7.26450408,28,24,36,29,24,Extreme Fear,Fear,0.8571428571428571,1.2413793103448276,True,132977.975511,153058.172972,-20080.197461000003
0x28736f43f1e871e6aa8b1148d38d4994275d72c4,2025-04-09,94.077376,53,12962.14,244.56867924528302,4.298903175,19,12,34,19,18,Extreme Fear,Fear,0.631578947368421,1.7894736842105263,True,133072.052887,153058.172972,-19986.120085000002
0x28736f43f1e871e6aa8b1148d38d4994275d72c4,2025-04-10,73.76740699999999,22,3657.44,166.24727272727273,1.16614887,14,11,10,12,39,Fear,Fear,0.7857142857142857,0.8333333333333334,True,133145.820294,153058.172972,-19912.352677999996
0x28736f43f1e871e6aa8b1148d38d4994275d72c4,2025-04-11,67.00618399999999,14,4692.21,335.15785714285715,2.2244274,6,6,7,7,25,Fear,Fear,1.0,1.0,True,133212.826478,153058.172972,-19845.346493999998
0x28736f43f1e871e6aa8b1148d38d4994275d72c4,2025-04-12,10.499265,3,234.57,78.19,0.082099,3,3,0,3,43,Fear,Fear,1.0,0.0,True,133223.325743,153058.172972,-19834.847229000006
0x28736f43f1e871e6aa8b1148d38d4994275d72c4,2025-04-13,-902.0714839999999,19,5122.29,269.5942105263158,1.7886240489,17,6,5,14,45,Neutral,Neutral,0.35294117647058826,0.35714285714285715,False,132321.254259,153058.172972,-20736.918712999992
0x28736f43f1e871e6aa8b1148d38d4994275d72c4,2025-04-14,27.177561,14,2528.52,180.60857142857142,0.297245497,8,7,3,11,31,Fear,Fear,0.875,0.2727272727272727,True,132348.43182,153058.172972,-20709.741152000002
0x28736f43f1e871e6aa8b1148d38d4994275d72c4,2025-04-15,-48.794434,17,3173.6,186.68235294117648,1.16386893,5,1,6,11,38,Fear,Fear,0.2,0.5454545454545454,False,132299.637386,153058.172972,-20758.535586000013
0x28736f43f1e871e6aa8b1148d38d4994275d72c4,2025-04-16,8.738942,9,294.21,32.69,0.10297,3,3,3,6,29,Fear,Fear,1.0,0.5,True,132308.376328,153058.172972,-20749.796643999987
0x28736f43f1e871e6aa8b1148d38d4994275d72c4,2025-04-17,-15.688322,10,1624.29,162.429,1.25001893,4,1,7,3,30,Fear,Fear,0.25,2.3333333333333335,False,132292.688006,153058.172972,-20765.48496599999
0x28736f43f1e871e6aa8b1148d38d4994275d72c4,2025-04-18,22.793679,8,1284.33,160.54125,0.44951599999999997,7,6,4,4,33,Fear,Fear,0.8571428571428571,1.0,True,132315.481685,153058.172972,-20742.691286999994
0x28736f43f1e871e6aa8b1148d38d4994275d72c4,2025-04-19,40.803149000000005,7,529.16,75.5942857142857,0.185133,4,4,2,5,32,Fear,Fear,1.0,0.4,True,132356.284834,153058.172972,-20701.88813800001
0x28736f43f1e871e6aa8b1148d38d4994275d72c4,2025-04-20,7.707293999999999,2,174.29,87.145,0.061001,2,2,0,2,37,Fear,Fear,1.0,0.0,True,132363.992128,153058.172972,-20694.180843999988
0x28736f43f1e871e6aa8b1148d38d4994275d72c4,2025-04-21,19.956089,6,470.03000000000003,78.33833333333334,0.164511,5,5,4,2,39,Fear,Fear,1.0,2.0,True,132383.948217,153058.172972,-20674.224755000003
0x28736f43f1e871e6aa8b1148d38d4994275d72c4,2025-04-22,11.839106000000001,5,293.39,58.678,0.10267899999999999,2,2,0,5,47,Neutral,Neutral,1.0,0.0,True,132395.787323,153058.172972,-20662.385649000003
0x28736f43f1e871e6aa8b1148d38d4994275d72c4,2025-04-23,50.899228,13,1184.41,91.10846153846154,0.414533,10,8,0,13,72,Greed,Greed,0.8,0.0,True,132446.686551,153058.172972,-20611.48642100001
0x28736f43f1e871e6aa8b1148d38d4994275d72c4,2025-04-24,1.023851,1,182.34,182.34,0.063819,1,1,0,1,63,Greed,Greed,1.0,0.0,True,132447.710402,153058.172972,-20610.462570000003
0x28736f43f1e871e6aa8b1148d38d4994275d72c4,2025-04-27,0.265698,1,49.96,49.96,0.017485,1,1,1,0,61,Greed,Greed,1.0,,True,132447.9761,153058.172972,-20610.196872
0x28736f43f1e871e6aa8b1148d38d4994275d72c4,2025-04-28,-0.08516699999999999,8,1254.96,156.87,0.439232,5,1,0,8,54,Neutral,Neutral,0.2,0.0,False,132447.890933,153058.172972,-20610.282039000012
0x28736f43f1e871e6aa8b1148d38d4994275d72c4,2025-05-01,16.923621,2,270.64,135.32,0.094722,2,2,0,2,53,Neutral,Neutral,1.0,0.0,True,132464.814554,153058.172972,-20593.35841799999
0x2c229d22b100a7beb69122eed721cee9b24011dd,2024-10-31,-2.5534149999999998,9,29949.5,3327.722222222222,10.482325,3,0,6,3,77,Extreme Greed,Greed,0.0,2.0,False,-2.5534149999999998,-2.5534149999999998,0.0
0x2c229d22b100a7beb69122eed721cee9b24011dd,2024-11-01,-0.09906000000000104,14,29949.93,2139.280714285714,9.793994,8,4,6,8,75,Extreme Greed,Greed,0.5,0.75,False,-2.652475000000001,-2.5534149999999998,-0.09906000000000104
0x2c229d22b100a7beb69122eed721cee9b24011dd,2024-11-06,-3.41119,3,2000.52,666.84,0.70018,2,0,1,2,70,Greed,Greed,0.0,0.5,False,-6.063665,-2.5534149999999998,-3.5102500000000005
0x2c229d22b100a7beb69122eed721cee9b24011dd,2024-11-08,-710.786946,15,30058.81,2003.9206666666666,9.653699999999999,10,0,5,10,75,Extreme Greed,Greed,0.0,0.5,False,-716.850611,-2.5534149999999998,-714.297196
0x2c229d22b100a7beb69122eed721cee9b24011dd,2024-11-13,-17.60528,10,5828.41,582.841,2.039937,7,2,3,7,84,Extreme Greed,Greed,0.2857142857142857,0.42857142857142855,False,-734.455891,-2.5534149999999998,-731.902476
0x2c229d22b100a7beb69122eed721cee9b24011dd,2024-11-14,2215.402997,69,125931.12,1825.0886956521738,38.231318,14,14,55,14,88,Extreme Greed,Greed,1.0,3.9285714285714284,True,1480.947106,1480.947106,0.0
0x2c229d22b100a7beb69122eed721cee9b24011dd,2024-11-15,2137.203852,33,33798.76,1024.2048484848485,8.689241,22,22,11,22,80,Extreme Greed,Greed,1.0,0.5,True,3618.150958,3618.150958,0.0
0x2c229d22b100a7beb69122eed721cee9b24011dd,2024-11-16,1484.528402,22,28431.43,1292.3377272727273,9.866907,13,13,9,13,86,Extreme Greed,Greed,1.0,0.6923076923076923,True,5102.67936,5102.67936,0.0
0x2c229d22b100a7beb69122eed721cee9b24011dd,2024-11-18,-8.138354999999999,15,5907.95,393.86333333333334,2.067775,8,4,7,8,83,Extreme Greed,Greed,0.5,0.875,False,5094.541005,5102.67936,-8.138355000000047
0x2c229d22b100a7beb69122eed721cee9b24011dd,2024-11-20,2626.800865,76,199721.22999999998,2627.9109210526312,63.935804,50,48,26,50,83,Extreme Greed,Greed,0.96,0.52,True,7721.34187,7721.34187,0.0
0x2c229d22b100a7beb69122eed721cee9b24011dd,2024-11-21,-0.15074600000000027,22,33188.24,1508.5563636363636,11.615881,15,4,7,15,82,Extreme Greed,Greed,0.26666666666666666,0.4666666666666667,False,7721.191124,7721.34187,-0.15074600000025384
0x2c229d22b100a7beb69122eed721cee9b24011dd,2024-11-22,-260.909686,57,403420.25,7077.548245614035,135.454691,31,3,26,31,94,Extreme Greed,Greed,0.0967741935483871,0.8387096774193549,False,7460.281438,7721.34187,-261.0604320000002
0x2c229d22b100a7beb69122eed721cee9b24011dd,2024-11-29,31.04129,10,5253.17,525.317,1.838604,9,9,1,9,78,Extreme Greed,Greed,1.0,0.1111111111111111,True,7491.322728,7721.34187,-230.0191420000001
0x2c229d22b100a7beb69122eed721cee9b24011dd,2024-11-30,59.744873999999996,6,41658.18,6943.03,14.580366,2,2,4,2,84,Extreme Greed,Greed,1.0,2.0,True,7551.067602,7721.34187,-170.27426800000012
0x2c229d22b100a7beb69122eed721cee9b24011dd,2024-12-02,16196.864846,53,124483.23999999999,2348.7403773584906,42.163079,30,30,23,30,80,Extreme Greed,Greed,1.0,0.7666666666666667,True,23747.932448,23747.932448,0.0
0x2c229d22b100a7beb69122eed721cee9b24011dd,2024-12-03,121.535562,59,99449.62,1685.5867796610169,34.807342,26,14,33,26,76,Extreme Greed,Greed,0.5384615384615384,1.2692307692307692,True,23869.46801,23869.46801,0.0
0x2c229d22b100a7beb69122eed721cee9b24011dd,2024-12-04,7591.307059,37,126798.84999999999,3426.9959459459456,36.568131,25,25,12,25,78,Extreme Greed,Greed,1.0,0.48,True,31460.775069,31460.775069,0.0
0x2c229d22b100a7beb69122eed721cee9b24011dd,2024-12-05,2069.92634,33,29373.46,890.1048484848485,7.532439,30,30,3,30,84,Extreme Greed,Greed,1.0,0.1,True,33530.701409,33530.701409,0.0
0x2c229d22b100a7beb69122eed721cee9b24011dd,2024-12-06,-123.870122,9,20916.4,2324.0444444444447,7.0556339999999995,4,0,5,4,72,Greed,Greed,0.0,1.25,False,33406.831287,33530.701409,-123.87012200000026
0x2c229d22b100a7beb69122eed721cee9b24011dd,2024-12-10,130.883691,12,19024.84,1585.4033333333334,6.658685,7,7,5,7,78,Extreme Greed,Greed,1.0,0.7142857142857143,True,33537.714977999996,33537.714977999996,0.0
0x2c229d22b100a7beb69122eed721cee9b24011dd,2024-12-11,8544.6855,19,124463.01000000001,6550.684736842106,30.194784,10,10,9,10,74,Greed,Greed,1.0,0.9,True,42082.400477999996,42082.400477999996,0.0
0x2c229d22b100a7beb69122eed721cee9b24011dd,2024-12-12,7639.595794,62,345079.69,5565.801451612903,120.777867,39,39,23,39,83,Extreme Greed,Greed,1.0,0.5897435897435898,True,49721.996272,49721.996272,0.0
0x2c229d22b100a7beb69122eed721cee9b24011dd,2024-12-13,1966.9289449999999,63,114903.4,1823.863492063492,40.216161,49,49,14,49,76,Extreme Greed,Greed,1.0,0.2857142857142857,True,51688.925216999996,51688.925216999996,0.0
0x2c229d22b100a7beb69122eed721cee9b24011dd,2024-12-17,214.770101,15,15012.18,1000.812,4.795866,11,11,4,11,87,Extreme Greed,Greed,1.0,0.36363636363636365,True,51903.695318,51903.695318,0.0
0x2c229d22b100a7beb69122eed721cee9b24011dd,2024-12-20,305.55784,11,28702.37,2609.3063636363636,10.045819999999999,10,10,1,10,74,Greed,Greed,1.0,0.1,True,52209.253158,52209.253158,0.0
0x2c229d22b100a7beb69122eed721cee9b24011dd,2024-12-23,6.476289999999996,29,221308.44,7631.325517241379,77.457938,23,12,6,23,70,Greed,Greed,0.5217391304347826,0.2608695652173913,True,52215.729448,52215.729448,0.0
0x2c229d22b100a7beb69122eed721cee9b24011dd,2024-12-24,343.63336100000004,11,28930.35,2630.031818181818,10.125617,6,6,5,6,73,Greed,Greed,1.0,0.8333333333333334,True,52559.362809,52559.362809,0.0
0x2c229d22b100a7beb69122eed721cee9b24011dd,2024-12-30,0.19908,2,68.42,34.21,0.023947,1,1,1,1,65,Greed,Greed,1.0,1.0,True,52559.561889,52559.561889,0.0
0x2c229d22b100a7beb69122eed721cee9b24011dd,2024-12-31,2243.319777,49,202247.56,4127.501224489796,70.786621,48,48,1,48,64,Greed,Greed,1.0,0.020833333333333332,True,54802.881666,54802.881666,0.0
0x2c229d22b100a7beb69122eed721cee9b24011dd,2025-01-10,21980.47249,136,311359.75,2289.4099264705883,69.234015,125,125,11,125,50,Neutral,Neutral,1.0,0.088,True,76783.354156,76783.354156,0.0
0x2c229d22b100a7beb69122eed721cee9b24011dd,2025-01-11,-2.454844,7,12495.93,1785.1328571428571,4.373569,3,0,4,3,69,Greed,Greed,0.0,1.3333333333333333,False,76780.899312,76783.354156,-2.4548440000071423
0x2c229d22b100a7beb69122eed721cee9b24011dd,2025-01-15,-18.998214,12,23322.579999999998,1943.5483333333332,8.162897,9,3,3,9,70,Greed,Greed,0.3333333333333333,0.3333333333333333,False,76761.901098,76783.354156,-21.453057999999146
0x2c229d22b100a7beb69122eed721cee9b24011dd,2025-01-17,913.985947,57,371473.57,6517.080175438597,130.015732,38,38,19,38,75,Extreme Greed,Greed,1.0,0.5,True,77675.887045,77675.887045,0.0
0x2c229d22b100a7beb69122eed721cee9b24011dd,2025-01-18,-33.4413,2,233.32999999999998,116.66499999999999,0.081664,1,0,1,1,77,Extreme Greed,Greed,0.0,1.0,False,77642.445745,77675.887045,-33.441299999991315
0x2c229d22b100a7beb69122eed721cee9b24011dd,2025-01-19,11437.823511999999,74,557438.11,7532.947432432432,140.45375,46,46,28,46,77,Extreme Greed,Greed,1.0,0.6086956521739131,True,89080.269257,89080.269257,0.0
0x2c229d22b100a7beb69122eed721cee9b24011dd,2025-01-20,1535.55008,82,688986.63,8402.275975609757,227.337492,30,11,52,30,76,Extreme Greed,Greed,0.36666666666666664,1.7333333333333334,True,90615.819337,90615.819337,0.0
0x2c229d22b100a7beb69122eed721cee9b24011dd,2025-01-21,59.672564,15,1877.13,125.14200000000001,0.656992,6,6,9,6,76,Extreme Greed,Greed,1.0,1.5,True,90675.491901,90675.491901,0.0
0x2c229d22b100a7beb69122eed721cee9b24011dd,2025-01-22,12769.669401000001,229,247436.25,1080.5076419213974,66.962967,100,65,129,100,84,Extreme Greed,Greed,0.65,1.29,True,103445.161302,103445.161302,0.0
0x2c229d22b100a7beb69122eed721cee9b24011dd,2025-01-23,3776.64959,104,256691.2,2468.1846153846154,58.382142,67,60,37,67,75,Extreme Greed,Greed,0.8955223880597015,0.5522388059701493,True,107221.810892,107221.810892,0.0
0x2c229d22b100a7beb69122eed721cee9b24011dd,2025-01-24,363.482456,38,80749.22,2124.9794736842105,25.068923,26,19,12,26,75,Extreme Greed,Greed,0.7307692307692307,0.46153846153846156,True,107585.293348,107585.293348,0.0
0x2c229d22b100a7beb69122eed721cee9b24011dd,2025-01-25,2167.17715,53,293480.87,5537.374905660377,60.414479,33,33,20,33,75,Extreme Greed,Greed,1.0,0.6060606060606061,True,109752.470498,109752.470498,0.0
0x2c229d22b100a7beb69122eed721cee9b24011dd,2025-01-30,159.201612,15,68836.72,4589.114666666666,21.175107,6,6,9,6,70,Greed,Greed,1.0,1.5,True,109911.67211,109911.67211,0.0
0x2c229d22b100a7beb69122eed721cee9b24011dd,2025-01-31,14418.18988,132,693980.8300000001,5257.4305303030305,210.598194,115,113,17,115,76,Extreme Greed,Greed,0.9826086956521739,0.14782608695652175,True,124329.86199,124329.86199,0.0
0x2c229d22b100a7beb69122eed721cee9b24011dd,2025-02-01,88.50699399999999,21,117810.02,5610.000952380952,36.52381,16,12,5,16,68,Greed,Greed,0.75,0.3125,True,124418.368984,124418.368984,0.0
0x2c229d22b100a7beb69122eed721cee9b24011dd,2025-02-06,-639.3510530000001,61,228757.24,3750.11868852459,65.080004,44,35,17,44,49,Neutral,Neutral,0.7954545454545454,0.38636363636363635,False,123779.017931,124418.368984,-639.3510530000058
0x2c229d22b100a7beb69122eed721cee9b24011dd,2025-02-07,-1145.924392,149,318137.39,2135.150268456376,85.535062,102,6,47,102,44,Fear,Fear,0.058823529411764705,0.46078431372549017,False,122633.093539,124418.368984,-1785.2754450000066
0x2c229d22b100a7beb69122eed721cee9b24011dd,2025-02-13,17378.569333,321,1148828.7,3578.9056074766354,367.292026,206,206,115,206,50,Neutral,Neutral,1.0,0.558252427184466,True,140011.66287200002,140011.66287200002,0.0
0x2c229d22b100a7beb69122eed721cee9b24011dd,2025-02-15,590.06989,47,60437.04,1285.8944680851064,16.902925,32,32,15,32,50,Neutral,Neutral,1.0,0.46875,True,140601.732762,140601.732762,0.0
0x2c229d22b100a7beb69122eed721cee9b24011dd,2025-02-20,3057.28245,149,846463.22,5680.961208053691,262.355524,141,132,8,141,49,Neutral,Neutral,0.9361702127659575,0.05673758865248227,True,143659.015212,143659.015212,0.0
0x2c229d22b100a7beb69122eed721cee9b24011dd,2025-02-21,8502.805925,60,168620.8,2810.3466666666664,56.23903,26,26,34,26,55,Greed,Greed,1.0,1.3076923076923077,True,152161.821137,152161.821137,0.0
0x2c229d22b100a7beb69122eed721cee9b24011dd,2025-02-25,169.617628,24,24395.72,1016.4883333333333,8.415849999999999,18,15,6,18,25,Fear,Fear,0.8333333333333334,0.3333333333333333,True,152331.438765,152331.438765,0.0
0x2c229d22b100a7beb69122eed721cee9b24011dd,2025-02-26,25.30602,10,1565.3799999999999,156.53799999999998,0.547879,9,9,1,9,21,Extreme Fear,Fear,1.0,0.1111111111111111,True,152356.74478500002,152356.74478500002,0.0
0x2c229d22b100a7beb69122eed721cee9b24011dd,2025-03-05,11113.173067,89,225852.67,2537.6704494382025,75.572194,58,58,31,58,20,Extreme Fear,Fear,1.0,0.5344827586206896,True,163469.917852,163469.917852,0.0
0x2c229d22b100a7beb69122eed721cee9b24011dd,2025-03-06,279.152034,15,19309.91,1287.3273333333334,5.7579780000000005,11,11,4,11,25,Fear,Fear,1.0,0.36363636363636365,True,163749.069886,163749.069886,0.0
0x2c229d22b100a7beb69122eed721cee9b24011dd,2025-03-07,1.17533,3,2917.95,972.65,1.021283,1,1,2,1,34,Fear,Fear,1.0,2.0,True,163750.245216,163750.245216,0.0
0x2c229d22b100a7beb69122eed721cee9b24011dd,2025-03-11,276.7687,13,50041.98,3849.383076923077,15.364144,10,10,3,10,24,Extreme Fear,Fear,1.0,0.3,True,164027.013916,164027.013916,0.0
0x2c229d22b100a7beb69122eed721cee9b24011dd,2025-03-13,924.898908,25,101871.15000000001,4074.8460000000005,23.551182999999998,9,1,16,9,45,Neutral,Neutral,0.1111111111111111,1.7777777777777777,True,164951.912824,164951.912824,0.0
0x2c229d22b100a7beb69122eed721cee9b24011dd,2025-03-21,1215.774424,74,113076.4,1528.0594594594593,38.586698,53,53,21,53,31,Fear,Fear,1.0,0.39622641509433965,True,166167.687248,166167.687248,0.0
0x2c229d22b100a7beb69122eed721cee9b24011dd,2025-03-23,514.5145660000001,15,13789.95,919.33,4.826468,9,9,6,9,30,Fear,Fear,1.0,0.6666666666666666,True,166682.201814,166682.201814,0.0
0x2c229d22b100a7beb69122eed721cee9b24011dd,2025-03-25,-3323.090682,211,422015.46,2000.0732701421803,147.70533,72,4,139,72,46,Neutral,Neutral,0.05555555555555555,1.9305555555555556,False,163359.111132,166682.201814,-3323.090682000009
0x2c229d22b100a7beb69122eed721cee9b24011dd,2025-03-26,2323.99174,65,123160.59,1894.7783076923076,27.420784,49,49,16,49,47,Neutral,Neutral,1.0,0.32653061224489793,True,165683.102872,166682.201814,-999.0989420000114
0x2c229d22b100a7beb69122eed721cee9b24011dd,2025-04-01,1334.414834,9,10737.4,1193.0444444444445,3.455933,4,4,5,4,34,Fear,Fear,1.0,1.25,True,167017.517706,167017.517706,0.0
0x2c229d22b100a7beb69122eed721cee9b24011dd,2025-04-02,1.1031579999999999,6,2371.44,395.24,0.830004,3,2,3,3,44,Fear,Fear,0.6666666666666666,1.0,True,167018.620864,167018.620864,0.0
0x2c229d22b100a7beb69122eed721cee9b24011dd,2025-04-03,160.127816,26,19222.63,739.3319230769231,6.237669,19,19,7,19,25,Fear,Fear,1.0,0.3684210526315789,True,167178.74868,167178.74868,0.0
0x2c229d22b100a7beb69122eed721cee9b24011dd,2025-04-11,1419.922474,45,58974.83,1310.5517777777777,16.622566,34,34,11,34,25,Fear,Fear,1.0,0.3235294117647059,True,168598.671154,168598.671154,0.0
0x2c229d22b100a7beb69122eed721cee9b24011dd,2025-04-14,18.103863,8,1068.26,133.5325,0.146851,7,5,1,7,31,Fear,Fear,0.7142857142857143,0.14285714285714285,True,168616.775017,168616.775017,0.0
0x2c229d22b100a7beb69122eed721cee9b24011dd,2025-04-18,11.209037,7,521.98,74.56857142857143,0.178228,6,6,1,6,33,Fear,Fear,1.0,0.16666666666666666,True,168627.984054,168627.984054,0.0
0x2c229d22b100a7beb69122eed721cee9b24011dd,2025-04-23,29.8368,2,2569.38,1284.69,0.899283,1,1,1,1,72,Greed,Greed,1.0,1.0,True,168657.820854,168657.820854,0.0
0x2c229d22b100a7beb69122eed721cee9b24011dd,2025-04-25,0.18414,3,141.26,47.086666666666666,0.049439,2,2,1,2,60,Greed,Greed,1.0,0.5,True,168658.004994,168658.004994,0.0
0x3998f134d6aaa2b6a5f723806d00fd2bbbbce891,2023-05-01,0.0,3,477.0,159.0,0.0,0,0,3,0,63,Greed,Greed,,,False,0.0,0.0,0.0
0x3998f134d6aaa2b6a5f723806d00fd2bbbbce891,2024-01-11,0.0,2,46133.87,23066.935,11.072125999999999,0,0,2,0,76,Extreme Greed,Greed,,,False,0.0,0.0,0.0
0x3998f134d6aaa2b6a5f723806d00fd2bbbbce891,2024-01-15,152.85358,9,629.86,69.98444444444445,0.151157,9,9,0,9,52,Neutral,Neutral,1.0,0.0,True,152.85358,152.85358,0.0
0x3998f134d6aaa2b6a5f723806d00fd2bbbbce891,2024-01-16,-3238.8,6,63482.08,10580.346666666666,4.082997,2,0,4,2,64,Greed,Greed,0.0,2.0,False,-3085.94642,152.85358,-3238.8
0x3998f134d6aaa2b6a5f723806d00fd2bbbbce891,2024-01-28,-2478.06972,11,18109.03,1646.2754545454545,-0.362176,11,0,0,11,54,Neutral,Neutral,0.0,0.0,False,-5564.01614,152.85358,-5716.86972
0x3998f134d6aaa2b6a5f723806d00fd2bbbbce891,2024-04-16,0.0,1,91.08,91.08,0.030602,0,0,0,1,65,Greed,Greed,,0.0,False,-5564.01614,152.85358,-5716.86972
0x3998f134d6aaa2b6a5f723806d00fd2bbbbce891,2024-05-29,0.0,5,30567.34,6113.468,19.41806,0,0,5,0,72,Greed,Greed,,,False,-5564.01614,152.85358,-5716.86972
0x3998f134d6aaa2b6a5f723806d00fd2bbbbce891,2024-07-24,0.0,3,1.28,0.4266666666666667,0.0,0,0,0,3,69,Greed,Greed,,0.0,False,-5564.01614,152.85358,-5716.86972
0x3998f134d6aaa2b6a5f723806d00fd2bbbbce891,2024-07-26,0.0,1,0.81,0.81,0.0,0,0,0,1,68,Greed,Greed,,0.0,False,-5564.01614,152.85358,-5716.86972
0x3998f134d6aaa2b6a5f723806d00fd2bbbbce891,2024-08-01,0.0,1,0.74,0.74,0.0,0,0,0,1,52,Neutral,Neutral,,0.0,False,-5564.01614,152.85358,-5716.86972
0x3998f134d6aaa2b6a5f723806d00fd2bbbbce891,2024-08-03,0.0,1,0.65,0.65,0.0,0,0,0,1,37,Fear,Fear,,0.0,False,-5564.01614,152.85358,-5716.86972
0x3998f134d6aaa2b6a5f723806d00fd2bbbbce891,2024-08-04,0.0,1,0.01,0.01,0.0,0,0,0,1,34,Fear,Fear,,0.0,False,-5564.01614,152.85358,-5716.86972
0x3998f134d6aaa2b6a5f723806d00fd2bbbbce891,2024-08-06,215.754798,27,771.0,28.555555555555557,0.889599,21,8,1,26,17,Extreme Fear,Fear,0.38095238095238093,0.038461538461538464,True,-5348.261342,152.85358,-5501.114922
0x3998f134d6aaa2b6a5f723806d00fd2bbbbce891,2024-08-07,0.0,11,0.04,0.0036363636363636364,0.0,0,0,0,11,29,Fear,Fear,,0.0,False,-5348.261342,152.85358,-5501.114922
0x3998f134d6aaa2b6a5f723806d00fd2bbbbce891,2024-08-17,0.0,29,30037.26,1035.7675862068966,17.07537,0,0,29,0,25,Fear,Fear,,,False,-5348.261342,152.85358,-5501.114922
0x3998f134d6aaa2b6a5f723806d00fd2bbbbce891,2024-08-30,0.0,1,0.69,0.69,0.0,0,0,0,1,34,Fear,Fear,,0.0,False,-5348.261342,152.85358,-5501.114922
0x3998f134d6aaa2b6a5f723806d00fd2bbbbce891,2024-09-05,0.0,1,0.84,0.84,0.0,0,0,0,1,29,Fear,Fear,,0.0,False,-5348.261342,152.85358,-5501.114922
0x3998f134d6aaa2b6a5f723806d00fd2bbbbce891,2024-11-18,48.185146,6,696.74,116.12333333333333,0.643771,4,2,1,5,83,Extreme Greed,Greed,0.5,0.2,True,-5300.076196,152.85358,-5452.929776
0x3998f134d6aaa2b6a5f723806d00fd2bbbbce891,2024-11-19,0.0,1,0.01,0.01,0.0,0,0,0,1,90,Extreme Greed,Greed,,0.0,False,-5300.076196,152.85358,-5452.929776
0x3998f134d6aaa2b6a5f723806d00fd2bbbbce891,2024-11-29,17511.326788,56,101790.11,1817.6805357142857,5.7672259,37,36,17,39,78,Extreme Greed,Greed,0.972972972972973,0.4358974358974359,True,12211.250591999999,12211.250591999999,0.0
0x3998f134d6aaa2b6a5f723806d00fd2bbbbce891,2024-11-30,19050.661786,39,99705.14,2556.5420512820515,5.65004186,27,27,7,32,84,Extreme Greed,Greed,1.0,0.21875,True,31261.912378,31261.912378,0.0
0x3998f134d6aaa2b6a5f723806d00fd2bbbbce891,2024-12-01,13.566929,3,34.1,11.366666666666667,0.00577068,2,2,1,2,81,Extreme Greed,Greed,1.0,0.5,True,31275.479306999998,31275.479306999998,0.0
0x3998f134d6aaa2b6a5f723806d00fd2bbbbce891,2024-12-02,0.0,1,0.0,0.0,0.0,0,0,0,1,80,Extreme Greed,Greed,,0.0,False,31275.479306999998,31275.479306999998,0.0
0x3998f134d6aaa2b6a5f723806d00fd2bbbbce891,2024-12-14,0.0,36,199999.87,5555.551944444444,0.98587664,0,0,36,0,83,Extreme Greed,Greed,,,False,31275.479306999998,31275.479306999998,0.0
0x3998f134d6aaa2b6a5f723806d00fd2bbbbce891,2024-12-15,346.827642,6,702.1700000000001,117.02833333333335,0.11950780999999999,5,5,1,5,80,Extreme Greed,Greed,1.0,0.2,True,31622.306948999998,31622.306948999998,0.0
0x3998f134d6aaa2b6a5f723806d00fd2bbbbce891,2024-12-16,0.0,4,0.0,0.0,0.0,0,0,0,4,83,Extreme Greed,Greed,,0.0,False,31622.306948999998,31622.306948999998,0.0
0x3998f134d6aaa2b6a5f723806d00fd2bbbbce891,2024-12-20,22.80272,3,45.55,15.183333333333332,0.00800663,1,1,1,2,74,Greed,Greed,1.0,0.5,True,31645.109668999998,31645.109668999998,0.0
0x3998f134d6aaa2b6a5f723806d00fd2bbbbce891,2025-01-20,0.0,2,366.15999999999997,183.07999999999998,0.00551699,0,0,2,0,76,Extreme Greed,Greed,,,False,31645.109668999998,31645.109668999998,0.0
0x3998f134d6aaa2b6a5f723806d00fd2bbbbce891,2025-01-23,-5978.38652,3,18.560000000000002,6.186666666666667,0.006232,3,2,0,3,75,Extreme Greed,Greed,0.6666666666666666,0.0,False,25666.723148999998,31645.109668999998,-5978.38652
0x3998f134d6aaa2b6a5f723806d00fd2bbbbce891,2025-01-24,0.0,2,0.01,0.005,0.0,0,0,0,2,75,Extreme Greed,Greed,,0.0,False,25666.723148999998,31645.109668999998,-5978.38652
0x3998f134d6aaa2b6a5f723806d00fd2bbbbce891,2025-02-14,19.530304,2,50.78,25.39,0.01706,2,2,0,2,48,Neutral,Neutral,1.0,0.0,True,25686.253452999998,31645.109668999998,-5958.856216
0x3998f134d6aaa2b6a5f723806d00fd2bbbbce891,2025-02-21,-350.632694,7,1294.15,184.87857142857143,0.21500587000000002,5,0,2,5,55,Greed,Greed,0.0,0.4,False,25335.620758999998,31645.109668999998,-6309.48891
0x3998f134d6aaa2b6a5f723806d00fd2bbbbce891,2025-03-06,600.008922,37,51825.01,1400.675945945946,4.975173,37,26,0,37,25,Fear,Fear,0.7027027027027027,0.0,True,25935.629681,31645.109668999998,-5709.479987999999
0x3998f134d6aaa2b6a5f723806d00fd2bbbbce891,2025-03-10,-8224.491085,26,43000.520000000004,1653.866153846154,4.1280280000000005,26,0,0,26,20,Extreme Fear,Fear,0.0,0.0,False,17711.138595999997,31645.109668999998,-13933.971073
0x3998f134d6aaa2b6a5f723806d00fd2bbbbce891,2025-03-11,-58444.949486,119,231829.98,1948.151092436975,22.255574,119,0,0,119,24,Extreme Fear,Fear,0.0,0.0,False,-40733.81089,31645.109668999998,-72378.92055899999
0x3998f134d6aaa2b6a5f723806d00fd2bbbbce891,2025-04-06,0.0,19,39996.37,2105.072105263158,3.8396399999999997,0,0,0,19,34,Fear,Fear,,0.0,False,-40733.81089,31645.109668999998,-72378.92055899999
0x3998f134d6aaa2b6a5f723806d00fd2bbbbce891,2025-04-07,9485.86,61,110509.7,1811.634426229508,10.608879,21,21,21,40,23,Extreme Fear,Fear,1.0,0.525,True,-31247.95089,31645.109668999998,-62893.060559
0x3998f134d6aaa2b6a5f723806d00fd2bbbbce891,2025-04-09,0.0,30,39999.58,1333.3193333333334,3.839931,0,0,0,30,18,Extreme Fear,Fear,,0.0,False,-31247.95089,31645.109668999998,-62893.060559
0x3998f134d6aaa2b6a5f723806d00fd2bbbbce891,2025-04-12,2466.604719,32,35386.74,1105.835625,3.3970969999999996,32,32,32,0,43,Fear,Fear,1.0,,True,-28781.346171,31645.109668999998,-60426.455839999995
0x3998f134d6aaa2b6a5f723806d00fd2bbbbce891,2025-04-13,1076.778732,9,21069.02,2341.0022222222224,2.999618,9,9,9,0,45,Neutral,Neutral,1.0,,True,-27704.567439,31645.109668999998,-59349.677107999996
0x3998f134d6aaa2b6a5f723806d00fd2bbbbce891,2025-04-21,-3533.6725370000004,124,180926.84,1459.0874193548386,19.455411,124,116,8,116,39,Fear,Fear,0.9354838709677419,0.06896551724137931,False,-31238.239976,31645.109668999998,-62883.349644999995
0x3998f134d6aaa2b6a5f723806d00fd2bbbbce891,2025-04-22,0.0,1,0.01,0.01,0.0,0,0,0,1,47,Neutral,Neutral,,0.0,False,-31238.239976,31645.109668999998,-62883.349644999995
0x3998f134d6aaa2b6a5f723806d00fd2bbbbce891,2025-04-25,34.63999,73,60351.3,826.7301369863014,5.793662,73,73,0,73,60,Greed,Greed,1.0,0.0,True,-31203.599986,31645.109668999998,-62848.709655
0x39cef799f8b69da1995852eea189df24eb5cae3c,2024-11-12,0.0,2,10390.6,5195.3,3.6367089999999997,0,0,2,0,80,Extreme Greed,Greed,,,False,0.0,0.0,0.0
0x39cef799f8b69da1995852eea189df24eb5cae3c,2024-11-20,-808.158708,2,21764.32,10882.16,7.617513000000001,1,0,1,1,83,Extreme Greed,Greed,0.0,1.0,False,-808.158708,0.0,-808.158708
0x39cef799f8b69da1995852eea189df24eb5cae3c,2024-12-01,0.0,1,199.81,199.81,0.069934,0,0,0,1,81,Extreme Greed,Greed,,0.0,False,-808.158708,0.0,-808.158708
0x39cef799f8b69da1995852eea189df24eb5cae3c,2024-12-03,0.0,1,209.94,209.94,0.073479,0,0,0,1,76,Extreme Greed,Greed,,0.0,False,-808.158708,0.0,-808.158708
0x39cef799f8b69da1995852eea189df24eb5cae3c,2024-12-05,0.0,6,61428.49,10238.081666666667,19.757147359999998,0,0,6,0,84,Extreme Greed,Greed,,,False,-808.158708,0.0,-808.158708
0x39cef799f8b69da1995852eea189df24eb5cae3c,2024-12-06,0.0,20,33151.06,1657.5529999999999,8.60627,0,0,5,15,72,Greed,Greed,,0.3333333333333333,False,-808.158708,0.0,-808.158708
0x39cef799f8b69da1995852eea189df24eb5cae3c,2024-12-09,483.662076,8,4824.8,603.1,0.48248,8,8,8,0,78,Extreme Greed,Greed,1.0,,True,-324.49663200000003,0.0,-324.49663200000003
0x39cef799f8b69da1995852eea189df24eb5cae3c,2024-12-10,0.0,3,67566.11,22522.036666666667,22.963763999999998,0,0,3,0,78,Extreme Greed,Greed,,,False,-324.49663200000003,0.0,-324.49663200000003
0x39cef799f8b69da1995852eea189df24eb5cae3c,2024-12-11,3721.345649,4,160050.2,40012.55,56.017569,4,4,0,4,74,Greed,Greed,1.0,0.0,True,3396.849017,3396.849017,0.0
0x39cef799f8b69da1995852eea189df24eb5cae3c,2024-12-13,1116.8006,26,76820.97,2954.652692307692,5.50834285,13,13,13,13,76,Extreme Greed,Greed,1.0,1.0,True,4513.649617,4513.649617,0.0
0x39cef799f8b69da1995852eea189df24eb5cae3c,2024-12-14,1898.178342,1,6591.46,6591.46,0.659146,1,1,0,1,83,Extreme Greed,Greed,1.0,0.0,True,6411.827959,6411.827959,0.0
0x39cef799f8b69da1995852eea189df24eb5cae3c,2024-12-15,6623.483154,28,55831.68,1993.9885714285715,2.98179288,23,23,5,23,80,Extreme Greed,Greed,1.0,0.21739130434782608,True,13035.311113,13035.311113,0.0
0x39cef799f8b69da1995852eea189df24eb5cae3c,2024-12-16,6942.186825,14,82133.87,5866.705,4.25589888,9,9,5,9,83,Extreme Greed,Greed,1.0,0.5555555555555556,True,19977.497938,19977.497938,0.0
0x39cef799f8b69da1995852eea189df24eb5cae3c,2024-12-18,136.054186,12,8151.69,679.3075,0.10415878,3,3,9,3,81,Extreme Greed,Greed,1.0,3.0,True,20113.552123999998,20113.552123999998,0.0
0x39cef799f8b69da1995852eea189df24eb5cae3c,2024-12-20,1676.3027260000001,4,11350.75,2837.6875,1.37994,3,3,2,2,74,Greed,Greed,1.0,1.0,True,21789.85485,21789.85485,0.0
0x39cef799f8b69da1995852eea189df24eb5cae3c,2024-12-24,14849.788861,19,337139.57,17744.187894736842,17.45726591,16,16,3,16,73,Greed,Greed,1.0,0.1875,True,36639.643711,36639.643711,0.0
0x39cef799f8b69da1995852eea189df24eb5cae3c,2025-01-01,-9655.676981,12,183247.16999999998,15270.597499999998,9.853497840000001,6,5,6,6,66,Greed,Greed,0.8333333333333334,1.0,False,26983.96673,36639.643711,-9655.676980999997
0x39cef799f8b69da1995852eea189df24eb5cae3c,2025-01-03,0.0,1,6217.48,6217.48,0.02667297,0,0,1,0,74,Greed,Greed,,,False,26983.96673,36639.643711,-9655.676980999997
0x39cef799f8b69da1995852eea189df24eb5cae3c,2025-01-14,0.0,3,2400.87,800.29,0.840304,0,0,0,3,63,Greed,Greed,,0.0,False,26983.96673,36639.643711,-9655.676980999997
0x39cef799f8b69da1995852eea189df24eb5cae3c,2025-01-19,-1584.55781,3,45815.23,15271.743333333334,4.58152,3,0,0,3,77,Extreme Greed,Greed,0.0,0.0,False,25399.40892,36639.643711,-11240.234790999995
0x39cef799f8b69da1995852eea189df24eb5cae3c,2025-01-20,-401.2638,4,59796.659999999996,14949.164999999999,13.404088000000002,3,0,1,3,76,Extreme Greed,Greed,0.0,0.3333333333333333,False,24998.14512,36639.643711,-11641.498590999996
0x39cef799f8b69da1995852eea189df24eb5cae3c,2025-01-23,0.0,4,45000.0,11250.0,0.19999994000000001,0,0,4,0,75,Extreme Greed,Greed,,,False,24998.14512,36639.643711,-11641.498590999996
0x39cef799f8b69da1995852eea189df24eb5cae3c,2025-02-23,2.9205,6,14406.83,2401.1383333333333,1.44068,1,1,5,1,50,Neutral,Neutral,1.0,5.0,True,25001.06562,36639.643711,-11638.578090999996
0x39cef799f8b69da1995852eea189df24eb5cae3c,2025-03-04,863.956464,63,202453.39,3213.5458730158734,18.52469533,30,30,33,30,15,Extreme Fear,Fear,1.0,1.1,True,25865.022084,36639.643711,-10774.621626999997
0x39cef799f8b69da1995852eea189df24eb5cae3c,2025-03-05,8187.59426,43,151134.41,3514.7537209302327,10.78872833,24,24,19,24,20,Extreme Fear,Fear,1.0,0.7916666666666666,True,34052.616344,36639.643711,-2587.027366999995
0x39cef799f8b69da1995852eea189df24eb5cae3c,2025-03-10,-37230.786609,2,96269.09,48134.545,9.626909,2,0,0,2,20,Extreme Fear,Fear,0.0,0.0,False,-3178.1702650000007,36639.643711,-39817.813976
0x39cef799f8b69da1995852eea189df24eb5cae3c,2025-03-12,0.0,39,99440.18000000001,2549.7482051282054,9.944007,0,0,0,39,34,Fear,Fear,,0.0,False,-3178.1702650000007,36639.643711,-39817.813976
0x39cef799f8b69da1995852eea189df24eb5cae3c,2025-03-17,17926.355742,205,391153.14,1908.0640975609756,39.115225,107,107,107,98,32,Fear,Fear,1.0,1.0918367346938775,True,14748.185476999999,36639.643711,-21891.458233999998
0x39cef799f8b69da1995852eea189df24eb5cae3c,2025-03-18,238.31419899999997,283,583306.89,2061.155088339223,58.330524,51,51,51,232,34,Fear,Fear,1.0,0.21982758620689655,True,14986.499676,36639.643711,-21653.144034999998
0x39cef799f8b69da1995852eea189df24eb5cae3c,2025-03-19,909.907336,119,288183.57,2421.7106722689077,28.818302,2,2,2,117,32,Fear,Fear,1.0,0.017094017094017096,True,15896.407012,36639.643711,-20743.236698999997
0x39cef799f8b69da1995852eea189df24eb5cae3c,2025-03-20,0.0,82,49837.98,607.7802439024391,4.983753,0,0,0,82,49,Neutral,Neutral,,0.0,False,15896.407012,36639.643711,-20743.236698999997
0x39cef799f8b69da1995852eea189df24eb5cae3c,2025-03-21,0.0,3,30175.86,10058.62,3.017585,0,0,3,0,31,Fear,Fear,,,False,15896.407012,36639.643711,-20743.236698999997
0x39cef799f8b69da1995852eea189df24eb5cae3c,2025-03-23,4988.749429,93,383297.04,4121.473548387096,38.329658,52,52,52,41,30,Fear,Fear,1.0,1.2682926829268293,True,20885.156441,36639.643711,-15754.487269999998
0x39cef799f8b69da1995852eea189df24eb5cae3c,2025-03-24,3896.627832,20,34072.35,1703.6174999999998,3.407223,20,20,0,20,45,Neutral,Neutral,1.0,0.0,True,24781.784272999997,36639.643711,-11857.859438
0x39cef799f8b69da1995852eea189df24eb5cae3c,2025-03-25,0.0,1,100176.1,100176.1,10.01761,0,0,0,1,46,Neutral,Neutral,,0.0,False,24781.784272999997,36639.643711,-11857.859438
0x39cef799f8b69da1995852eea189df24eb5cae3c,2025-03-26,3782.33025,28,64238.030000000006,2294.2153571428576,6.423789,28,28,28,0,47,Neutral,Neutral,1.0,,True,28564.114523,36639.643711,-8075.529187999997
0x39cef799f8b69da1995852eea189df24eb5cae3c,2025-03-27,6504.316844999999,178,274731.1,1543.4331460674157,27.473021,30,30,30,148,40,Fear,Fear,1.0,0.20270270270270271,True,35068.431368,36639.643711,-1571.2123429999992
0x39cef799f8b69da1995852eea189df24eb5cae3c,2025-04-03,0.0,142,673491.65,4742.898943661972,67.34912,0,0,0,142,25,Fear,Fear,,0.0,False,35068.431368,36639.643711,-1571.2123429999992
0x39cef799f8b69da1995852eea189df24eb5cae3c,2025-04-04,266.39774,34,673225.18,19800.740588235294,67.322498,34,34,34,0,28,Fear,Fear,1.0,,True,35334.829108,36639.643711,-1304.814602999999
0x39cef799f8b69da1995852eea189df24eb5cae3c,2025-04-06,24553.541149999997,68,192087.53,2824.8166176470586,19.208714,21,21,21,47,34,Fear,Fear,1.0,0.44680851063829785,True,59888.370257999995,59888.370257999995,0.0
0x39cef799f8b69da1995852eea189df24eb5cae3c,2025-04-07,25941.716413,929,3619016.91,3895.6048546824545,361.901282,461,294,478,451,23,Extreme Fear,Fear,0.6377440347071583,1.0598669623059866,True,85830.086671,85830.086671,0.0
0x39cef799f8b69da1995852eea189df24eb5cae3c,2025-04-08,3366.444714,14,142563.84,10183.131428571429,7.128185,14,14,14,0,24,Extreme Fear,Fear,1.0,,True,89196.531385,89196.531385,0.0
0x39cef799f8b69da1995852eea189df24eb5cae3c,2025-04-09,-77308.420095,617,2529316.8,4099.378930307941,218.992405,526,142,505,112,18,Extreme Fear,Fear,0.26996197718631176,4.508928571428571,False,11888.11129,89196.531385,-77308.420095
0x39cef799f8b69da1995852eea189df24eb5cae3c,2025-04-10,-831.2396219999999,306,1773480.6300000001,5795.6883333333335,88.67408,206,176,121,185,39,Fear,Fear,0.8543689320388349,0.654054054054054,False,11056.871668000002,89196.531385,-78139.65971699999
0x39cef799f8b69da1995852eea189df24eb5cae3c,2025-04-13,3271.3693780000003,135,2702580.0,20019.11111111111,135.12893,64,64,71,64,45,Neutral,Neutral,1.0,1.109375,True,14328.241046000001,89196.531385,-74868.290339
0x39cef799f8b69da1995852eea189df24eb5cae3c,2025-04-14,128.67829,1,844654.19,844654.19,42.232709,1,1,0,1,31,Fear,Fear,1.0,0.0,True,14456.919336,89196.531385,-74739.61204899999
0x3f9a0aadc7f04a7c9d75dc1b5a6ddd6e36486cf6,2024-10-03,100.375782,5,12926.69,2585.338,4.5243400000000005,3,3,2,3,37,Fear,Fear,1.0,0.6666666666666666,True,100.375782,100.375782,0.0
0x3f9a0aadc7f04a7c9d75dc1b5a6ddd6e36486cf6,2024-11-03,0.0,2,19061.32,9530.66,1.90613,0,0,2,0,74,Greed,Greed,,,False,100.375782,100.375782,0.0
0x3f9a0aadc7f04a7c9d75dc1b5a6ddd6e36486cf6,2024-11-04,540.05911,10,19601.33,1960.1330000000003,6.860463,10,10,0,10,70,Greed,Greed,1.0,0.0,True,640.434892,640.434892,0.0
0x3f9a0aadc7f04a7c9d75dc1b5a6ddd6e36486cf6,2024-11-07,503.46257599999996,16,30868.5,1929.28125,3.086842,11,11,5,11,77,Extreme Greed,Greed,1.0,0.45454545454545453,True,1143.897468,1143.897468,0.0
0x3f9a0aadc7f04a7c9d75dc1b5a6ddd6e36486cf6,2024-11-10,0.0,1,9836.88,9836.88,0.983688,0,0,1,0,78,Extreme Greed,Greed,,,False,1143.897468,1143.897468,0.0
0x3f9a0aadc7f04a7c9d75dc1b5a6ddd6e36486cf6,2024-11-11,393.07947,4,10229.96,2557.49,3.580485,4,4,0,4,76,Extreme Greed,Greed,1.0,0.0,True,1536.976938,1536.976938,0.0
0x3f9a0aadc7f04a7c9d75dc1b5a6ddd6e36486cf6,2024-11-12,0.0,4,5276.5599999999995,1319.1399999999999,0.527654,0,0,4,0,80,Extreme Greed,Greed,,,False,1536.976938,1536.976938,0.0
0x3f9a0aadc7f04a7c9d75dc1b5a6ddd6e36486cf6,2024-11-13,135.09947,8,14880.86,1860.1075,4.024645,7,7,1,7,84,Extreme Greed,Greed,1.0,0.14285714285714285,True,1672.076408,1672.076408,0.0
0x3f9a0aadc7f04a7c9d75dc1b5a6ddd6e36486cf6,2024-11-15,0.0,35,32576.25,930.75,3.257612,0,0,35,0,80,Extreme Greed,Greed,,,False,1672.076408,1672.076408,0.0
0x3f9a0aadc7f04a7c9d75dc1b5a6ddd6e36486cf6,2024-11-19,245.44495999999998,5,32821.74,6564.348,11.487605,5,5,0,5,90,Extreme Greed,Greed,1.0,0.0,True,1917.521368,1917.521368,0.0
0x3f9a0aadc7f04a7c9d75dc1b5a6ddd6e36486cf6,2024-11-22,1050.894,22,65796.23,2990.737727272727,11.79219,7,7,15,7,94,Extreme Greed,Greed,1.0,2.142857142857143,True,2968.415368,2968.415368,0.0
0x3f9a0aadc7f04a7c9d75dc1b5a6ddd6e36486cf6,2024-11-23,788.45072,7,21638.73,3091.247142857143,3.190604,7,7,0,7,93,Extreme Greed,Greed,1.0,0.0,True,3756.8660879999998,3756.8660879999998,0.0
0x3f9a0aadc7f04a7c9d75dc1b5a6ddd6e36486cf6,2024-11-26,0.0,36,36446.43,1012.4008333333334,3.644624,0,0,36,0,79,Extreme Greed,Greed,,,False,3756.8660879999998,3756.8660879999998,0.0
0x3f9a0aadc7f04a7c9d75dc1b5a6ddd6e36486cf6,2024-11-28,3855.7522,25,40302.17,1612.0868,14.105744999999999,25,25,0,25,77,Extreme Greed,Greed,1.0,0.0,True,7612.618288,7612.618288,0.0
0x3f9a0aadc7f04a7c9d75dc1b5a6ddd6e36486cf6,2024-11-29,0.0,10,133251.1,13325.11,38.02359206,0,0,10,0,78,Extreme Greed,Greed,,,False,7612.618288,7612.618288,0.0
0x3f9a0aadc7f04a7c9d75dc1b5a6ddd6e36486cf6,2024-12-02,0.0,1,46692.72,46692.72,0.583659,0,0,1,0,80,Extreme Greed,Greed,,,False,7612.618288,7612.618288,0.0
0x3f9a0aadc7f04a7c9d75dc1b5a6ddd6e36486cf6,2024-12-26,29897.971695000004,32,73534.5,2297.953125,3.9493730200000003,10,10,22,10,79,Extreme Greed,Greed,1.0,2.2,True,37510.589983000005,37510.589983000005,0.0
0x3f9a0aadc7f04a7c9d75dc1b5a6ddd6e36486cf6,2024-12-28,0.0,10,61546.78,6154.678,0.23781576,0,0,10,0,72,Greed,Greed,,,False,37510.589983,37510.589983000005,-7.275957614183426e-12
0x3f9a0aadc7f04a7c9d75dc1b5a6ddd6e36486cf6,2025-01-12,3699.757273,3,23875.1,7958.366666666666,8.356281999999998,3,3,0,3,62,Greed,Greed,1.0,0.0,True,41210.347256,41210.347256,0.0
0x3f9a0aadc7f04a7c9d75dc1b5a6ddd6e36486cf6,2025-01-13,0.0,1,0.22,0.22,0.0,0,0,0,1,61,Greed,Greed,,0.0,False,41210.347256,41210.347256,0.0
0x3f9a0aadc7f04a7c9d75dc1b5a6ddd6e36486cf6,2025-02-14,8019.163096,1,63734.69,63734.69,6.373468,1,1,0,1,48,Neutral,Neutral,1.0,0.0,True,49229.510352000005,49229.510352000005,0.0
0x3f9a0aadc7f04a7c9d75dc1b5a6ddd6e36486cf6,2025-04-04,0.0,1,63727.4,63727.4,7.678e-05,0,0,1,0,28,Fear,Fear,,,False,49229.510352000005,49229.510352000005,0.0
0x3f9a0aadc7f04a7c9d75dc1b5a6ddd6e36486cf6,2025-04-05,562.1943200000001,19,64289.35,3383.65,22.501253,19,19,0,19,30,Fear,Fear,1.0,0.0,True,49791.704672,49791.704672,0.0
0x3f9a0aadc7f04a7c9d75dc1b5a6ddd6e36486cf6,2025-04-06,0.0,21,64267.24999999999,3060.3452380952376,7.8515e-05,0,0,20,1,34,Fear,Fear,,20.0,False,49791.704672,49791.704672,0.0
0x3f9a0aadc7f04a7c9d75dc1b5a6ddd6e36486cf6,2025-04-09,110.553364,19,64377.46000000001,3388.287368421053,6.43773,19,19,0,19,18,Extreme Fear,Fear,1.0,0.0,True,49902.258036,49902.258036,0.0
0x3f9a0aadc7f04a7c9d75dc1b5a6ddd6e36486cf6,2025-04-10,0.0,6,64371.16,10728.526666666667,8.1782e-05,0,0,5,1,39,Fear,Fear,,5.0,False,49902.258036,49902.258036,0.0
0x3f9a0aadc7f04a7c9d75dc1b5a6ddd6e36486cf6,2025-04-12,3593.989207,27,67964.39,2517.1996296296297,16.838139,27,27,0,27,43,Fear,Fear,1.0,0.0,True,53496.247243000005,53496.247243000005,0.0
0x3f9a0aadc7f04a7c9d75dc1b5a6ddd6e36486cf6,2025-04-13,0.0,1,0.69,0.69,0.0,0,0,0,1,45,Neutral,Neutral,,0.0,False,53496.247243000005,53496.247243000005,0.0
0x420ab45e0bd8863569a5efbb9c05d91f40624641,2024-12-06,0.0,45,480326.66,10673.925777777777,76.264613,0,0,0,45,72,Greed,Greed,,0.0,False,0.0,0.0,0.0
0x420ab45e0bd8863569a5efbb9c05d91f40624641,2024-12-12,1762.46,10,67508.1,6750.81,17.102716,10,10,10,0,83,Extreme Greed,Greed,1.0,,True,1762.46,1762.46,0.0
0x420ab45e0bd8863569a5efbb9c05d91f40624641,2024-12-17,27.63736,20,79521.26,3976.0629999999996,14.159007,11,11,2,18,87,Extreme Greed,Greed,1.0,0.1111111111111111,True,1790.09736,1790.09736,0.0
0x420ab45e0bd8863569a5efbb9c05d91f40624641,2024-12-18,0.0,44,135586.94,3081.5213636363637,13.568712,0,0,0,44,81,Extreme Greed,Greed,,0.0,False,1790.09736,1790.09736,0.0
0x420ab45e0bd8863569a5efbb9c05d91f40624641,2024-12-19,2229.5212300000003,4,19948.06,4987.015,6.702547,4,4,4,0,75,Extreme Greed,Greed,1.0,,True,4019.61859,4019.61859,0.0
0x420ab45e0bd8863569a5efbb9c05d91f40624641,2024-12-23,12082.95,2,27187.5,13593.75,2.609998,2,2,2,0,70,Greed,Greed,1.0,,True,16102.56859,16102.56859,0.0
0x420ab45e0bd8863569a5efbb9c05d91f40624641,2024-12-24,0.0,7,30187.510000000002,4312.501428571429,2.897994,0,0,0,7,73,Greed,Greed,,0.0,False,16102.56859,16102.56859,0.0
0x420ab45e0bd8863569a5efbb9c05d91f40624641,2025-01-08,0.0,12,35601.47,2966.789166666667,7.216085,0,0,0,12,70,Greed,Greed,,0.0,False,16102.56859,16102.56859,0.0
0x420ab45e0bd8863569a5efbb9c05d91f40624641,2025-01-15,0.0,2,96910.0,48455.0,9.303358000000001,0,0,0,2,70,Greed,Greed,,0.0,False,16102.56859,16102.56859,0.0
0x420ab45e0bd8863569a5efbb9c05d91f40624641,2025-01-16,0.0,30,45251.76,1508.392,5.304123000000001,0,0,0,30,75,Extreme Greed,Greed,,0.0,False,16102.56859,16102.56859,0.0
0x420ab45e0bd8863569a5efbb9c05d91f40624641,2025-02-08,0.0,5,51613.57,10322.714,4.9549009999999996,0,0,0,5,44,Fear,Fear,,0.0,False,16102.56859,16102.56859,0.0
0x420ab45e0bd8863569a5efbb9c05d91f40624641,2025-02-14,0.0,12,24947.14,2078.9283333333333,5.39327,0,0,0,12,48,Neutral,Neutral,,0.0,False,16102.56859,16102.56859,0.0
0x420ab45e0bd8863569a5efbb9c05d91f40624641,2025-03-08,11894.061848,11,58503.1,5318.463636363636,13.970236,11,11,11,0,28,Fear,Fear,1.0,,True,27996.630438,27996.630438,0.0
0x420ab45e0bd8863569a5efbb9c05d91f40624641,2025-03-11,9461.082288,61,149251.29,2446.7424590163937,26.326207999999998,3,3,3,58,24,Extreme Fear,Fear,1.0,0.05172413793103448,True,37457.712726,37457.712726,0.0
0x420ab45e0bd8863569a5efbb9c05d91f40624641,2025-03-14,16017.255710000001,8,9614.24,1201.78,2.42254,8,8,8,0,27,Fear,Fear,1.0,,True,53474.968436,53474.968436,0.0
0x420ab45e0bd8863569a5efbb9c05d91f40624641,2025-03-15,74293.663505,25,78359.31,3134.3723999999997,13.707583999999999,25,25,25,0,46,Neutral,Neutral,1.0,,True,127768.631941,127768.631941,0.0
0x420ab45e0bd8863569a5efbb9c05d91f40624641,2025-03-18,63015.976505,5,114984.85,22996.97,11.038543,5,5,4,1,34,Fear,Fear,1.0,4.0,True,190784.608446,190784.608446,0.0
0x420ab45e0bd8863569a5efbb9c05d91f40624641,2025-03-19,0.0,58,338670.98,5839.154827586207,16.256326979,0,0,21,37,32,Fear,Fear,,0.5675675675675675,False,190784.608446,190784.608446,0.0
0x420ab45e0bd8863569a5efbb9c05d91f40624641,2025-03-25,0.0,11,99526.98,9047.907272727272,9.55458,0,0,0,11,46,Neutral,Neutral,,0.0,False,190784.608446,190784.608446,0.0
0x420ab45e0bd8863569a5efbb9c05d91f40624641,2025-04-10,8720.984286,11,44026.89,4002.4445454545453,9.213747,11,11,11,0,39,Fear,Fear,1.0,,True,199505.592732,199505.592732,0.0
0x430f09841d65beb3f27765503d0f850b8bce7713,2024-04-20,0.0,20,48733.65,2436.6825,117.08919,0,0,20,0,66,Greed,Greed,,,False,0.0,0.0,0.0
0x430f09841d65beb3f27765503d0f850b8bce7713,2024-04-25,0.0,68,51261.869999999995,753.8510294117647,136.01682,0,0,68,0,72,Greed,Greed,,,False,0.0,0.0,0.0
0x430f09841d65beb3f27765503d0f850b8bce7713,2024-06-19,0.0,3,23168.39,7722.796666666666,7.235789,0,0,3,0,64,Greed,Greed,,,False,0.0,0.0,0.0
0x430f09841d65beb3f27765503d0f850b8bce7713,2024-06-20,57478.456026,8,169507.75,21188.46875,0.0,8,8,0,8,60,Greed,Greed,1.0,0.0,True,57478.456026,57478.456026,0.0
0x430f09841d65beb3f27765503d0f850b8bce7713,2024-07-23,88084.992348,229,245547.44,1072.2595633187773,24.554663,229,229,0,229,71,Greed,Greed,1.0,0.0,True,145563.448374,145563.448374,0.0
0x430f09841d65beb3f27765503d0f850b8bce7713,2024-07-24,0.0,2,0.67,0.335,0.0,0,0,0,2,69,Greed,Greed,,0.0,False,145563.448374,145563.448374,0.0
0x430f09841d65beb3f27765503d0f850b8bce7713,2024-07-25,0.0,1,0.94,0.94,0.0,0,0,0,1,68,Greed,Greed,,0.0,False,145563.448374,145563.448374,0.0
0x430f09841d65beb3f27765503d0f850b8bce7713,2024-08-09,0.0,1,0.12,0.12,0.0,0,0,0,1,48,Neutral,Neutral,,0.0,False,145563.448374,145563.448374,0.0
0x430f09841d65beb3f27765503d0f850b8bce7713,2024-08-10,0.0,1,0.68,0.68,0.0,0,0,0,1,40,Fear,Fear,,0.0,False,145563.448374,145563.448374,0.0
0x430f09841d65beb3f27765503d0f850b8bce7713,2024-08-12,0.0,1,0.61,0.61,0.0,0,0,0,1,25,Fear,Fear,,0.0,False,145563.448374,145563.448374,0.0
0x430f09841d65beb3f27765503d0f850b8bce7713,2024-08-13,0.0,1,0.67,0.67,0.0,0,0,0,1,31,Fear,Fear,,0.0,False,145563.448374,145563.448374,0.0
0x430f09841d65beb3f27765503d0f850b8bce7713,2024-08-14,0.0,1,0.53,0.53,0.0,0,0,0,1,30,Fear,Fear,,0.0,False,145563.448374,145563.448374,0.0
0x430f09841d65beb3f27765503d0f850b8bce7713,2024-08-30,0.0,1,0.62,0.62,0.0,0,0,0,1,34,Fear,Fear,,0.0,False,145563.448374,145563.448374,0.0
0x430f09841d65beb3f27765503d0f850b8bce7713,2024-08-31,0.0,1,0.96,0.96,0.0,0,0,0,1,29,Fear,Fear,,0.0,False,145563.448374,145563.448374,0.0
0x430f09841d65beb3f27765503d0f850b8bce7713,2024-09-11,0.0,1,0.54,0.54,0.0,0,0,0,1,37,Fear,Fear,,0.0,False,145563.448374,145563.448374,0.0
0x430f09841d65beb3f27765503d0f850b8bce7713,2024-09-14,0.0,1,0.65,0.65,0.0,0,0,0,1,50,Neutral,Neutral,,0.0,False,145563.448374,145563.448374,0.0
0x430f09841d65beb3f27765503d0f850b8bce7713,2024-09-21,36165.56933,23,165648.12,7202.092173913044,57.976841,23,23,0,23,54,Neutral,Neutral,1.0,0.0,True,181729.017704,181729.017704,0.0
0x430f09841d65beb3f27765503d0f850b8bce7713,2024-10-05,0.0,1,0.61,0.61,0.0,0,0,0,1,49,Neutral,Neutral,,0.0,False,181729.017704,181729.017704,0.0
0x430f09841d65beb3f27765503d0f850b8bce7713,2024-10-11,0.0,1,0.73,0.73,0.0,0,0,0,1,32,Fear,Fear,,0.0,False,181729.017704,181729.017704,0.0
0x430f09841d65beb3f27765503d0f850b8bce7713,2024-11-29,124284.948775,15,124285.34,8285.689333333334,43.499863,15,15,0,15,78,Extreme Greed,Greed,1.0,0.0,True,306013.966479,306013.966479,0.0
0x430f09841d65beb3f27765503d0f850b8bce7713,2025-02-07,5615.052102,93,417119.94,4485.160645161291,47.838547,24,24,69,24,44,Fear,Fear,1.0,2.875,True,311629.018581,311629.018581,0.0
0x430f09841d65beb3f27765503d0f850b8bce7713,2025-02-12,22795.8104,108,460247.95,4261.555092592593,154.768112,45,45,63,45,46,Neutral,Neutral,1.0,1.4,True,334424.828981,334424.828981,0.0
0x430f09841d65beb3f27765503d0f850b8bce7713,2025-02-21,82117.04336,255,382634.58,1500.5277647058824,38.391857,255,255,0,255,55,Greed,Greed,1.0,0.0,True,416541.872341,416541.872341,0.0
0x430f09841d65beb3f27765503d0f850b8bce7713,2025-04-09,0.0,79,440050.95,5570.2651898734175,44.005053,0,0,79,0,18,Extreme Fear,Fear,,,False,416541.872341,416541.872341,0.0
0x430f09841d65beb3f27765503d0f850b8bce7713,2025-04-16,0.0,78,96043.49,1231.3267948717948,9.604321,0,0,0,78,29,Fear,Fear,,0.0,False,416541.872341,416541.872341,0.0
0x430f09841d65beb3f27765503d0f850b8bce7713,2025-04-18,0.0,58,87844.56,1514.5613793103448,8.784419,0,0,0,58,33,Fear,Fear,,0.0,False,416541.872341,416541.872341,0.0
0x430f09841d65beb3f27765503d0f850b8bce7713,2025-04-26,0.0,132,110627.96,838.0906060606061,11.06274,0,0,0,132,65,Greed,Greed,,0.0,False,416541.872341,416541.872341,0.0
0x430f09841d65beb3f27765503d0f850b8bce7713,2025-04-29,0.0,54,143378.9,2655.1648148148147,46.178716,0,0,0,54,60,Greed,Greed,,0.0,False,416541.872341,416541.872341,0.0
0x47add9a56df66b524d5e2c1993a43cde53b6ed85,2024-11-30,8.570313,8,1996.67,249.58375,0.10899953,1,1,7,1,84,Extreme Greed,Greed,1.0,7.0,True,8.570313,8.570313,0.0
0x47add9a56df66b524d5e2c1993a43cde53b6ed85,2024-12-01,197.422418,4,1434.8600000000001,358.71500000000003,0.26578693999999997,2,2,2,2,81,Extreme Greed,Greed,1.0,1.0,True,205.992731,205.992731,0.0
0x47add9a56df66b524d5e2c1993a43cde53b6ed85,2024-12-03,30.727222,42,13860.79,330.0188095238095,2.2336630299999998,1,1,26,16,76,Extreme Greed,Greed,1.0,1.625,True,236.719953,236.719953,0.0
0x47add9a56df66b524d5e2c1993a43cde53b6ed85,2024-12-04,910.584797,102,81173.16,795.8152941176471,21.44827514,28,14,39,63,78,Extreme Greed,Greed,0.5,0.6190476190476191,True,1147.30475,1147.30475,0.0
0x47add9a56df66b524d5e2c1993a43cde53b6ed85,2024-12-05,3174.023699,290,170421.23,587.6594137931035,48.58217003,118,106,145,145,84,Extreme Greed,Greed,0.8983050847457628,1.0,True,4321.328449,4321.328449,0.0
0x47add9a56df66b524d5e2c1993a43cde53b6ed85,2024-12-06,514.886454,108,108996.49,1009.2267592592593,22.34087872,38,32,61,47,72,Greed,Greed,0.8421052631578947,1.297872340425532,True,4836.214903,4836.214903,0.0
0x47add9a56df66b524d5e2c1993a43cde53b6ed85,2024-12-07,1040.616939,180,104429.77,580.1653888888889,30.76567825,74,63,83,97,75,Extreme Greed,Greed,0.8513513513513513,0.8556701030927835,True,5876.831842,5876.831842,0.0
0x47add9a56df66b524d5e2c1993a43cde53b6ed85,2024-12-08,227.072158,69,29213.01,423.3769565217391,8.07278965,27,25,33,36,79,Extreme Greed,Greed,0.9259259259259259,0.9166666666666666,True,6103.904,6103.904,0.0
0x47add9a56df66b524d5e2c1993a43cde53b6ed85,2024-12-09,311.290605,55,21974.62,399.53854545454544,5.26450568,22,19,32,23,78,Extreme Greed,Greed,0.8636363636363636,1.391304347826087,True,6415.194605,6415.194605,0.0
0x47add9a56df66b524d5e2c1993a43cde53b6ed85,2024-12-10,1474.670598,182,93195.85,512.06510989011,22.51617703,76,67,109,73,78,Extreme Greed,Greed,0.881578947368421,1.4931506849315068,True,7889.865203,7889.865203,0.0
0x47add9a56df66b524d5e2c1993a43cde53b6ed85,2024-12-11,1157.689489,325,99971.13,307.6034769230769,26.5157439,110,109,117,208,74,Greed,Greed,0.990909090909091,0.5625,True,9047.554692,9047.554692,0.0
0x47add9a56df66b524d5e2c1993a43cde53b6ed85,2024-12-12,574.398074,159,72883.76,458.38842767295597,22.0703145,61,46,75,84,83,Extreme Greed,Greed,0.7540983606557377,0.8928571428571429,True,9621.952766,9621.952766,0.0
0x47add9a56df66b524d5e2c1993a43cde53b6ed85,2024-12-13,587.630504,148,84942.25,573.9341216216217,25.65326308,59,52,78,70,76,Extreme Greed,Greed,0.8813559322033898,1.1142857142857143,True,10209.58327,10209.58327,0.0
0x47add9a56df66b524d5e2c1993a43cde53b6ed85,2024-12-14,1178.021061,62,30278.13,488.356935483871,8.74278152,32,28,36,26,83,Extreme Greed,Greed,0.875,1.3846153846153846,True,11387.604331,11387.604331,0.0
0x47add9a56df66b524d5e2c1993a43cde53b6ed85,2024-12-15,10303.889423,181,112668.17,622.4760773480663,23.25335902,73,73,94,87,80,Extreme Greed,Greed,1.0,1.0804597701149425,True,21691.493754000003,21691.493754000003,0.0
0x47add9a56df66b524d5e2c1993a43cde53b6ed85,2024-12-16,333.398209,92,52876.26,574.7419565217391,16.03156007,32,27,36,56,83,Extreme Greed,Greed,0.84375,0.6428571428571429,True,22024.891963000002,22024.891963000002,0.0
0x47add9a56df66b524d5e2c1993a43cde53b6ed85,2024-12-17,21172.081622,396,129805.8,327.79242424242426,199.94217869000002,141,116,149,247,87,Extreme Greed,Greed,0.8226950354609929,0.6032388663967612,True,43196.973585,43196.973585,0.0
0x47add9a56df66b524d5e2c1993a43cde53b6ed85,2024-12-18,3311.822419,226,86052.91,380.76508849557524,18.89955487,83,47,117,109,81,Extreme Greed,Greed,0.5662650602409639,1.073394495412844,True,46508.796004,46508.796004,0.0
0x47add9a56df66b524d5e2c1993a43cde53b6ed85,2024-12-19,3491.018544,135,57751.18,427.7865185185185,13.976246,64,63,74,61,75,Extreme Greed,Greed,0.984375,1.2131147540983607,True,49999.814548,49999.814548,0.0
0x47add9a56df66b524d5e2c1993a43cde53b6ed85,2024-12-20,6049.6938279999995,128,91938.23,718.267421875,19.1604582,56,54,70,58,74,Greed,Greed,0.9642857142857143,1.206896551724138,True,56049.508376000005,56049.508376000005,0.0
0x47add9a56df66b524d5e2c1993a43cde53b6ed85,2024-12-21,7454.276452,229,108787.48,475.0544978165939,26.48990497,95,86,66,163,73,Greed,Greed,0.9052631578947369,0.4049079754601227,True,63503.784828,63503.784828,0.0
0x47add9a56df66b524d5e2c1993a43cde53b6ed85,2024-12-22,1063.854341,102,45077.15,441.9328431372549,11.49957516,45,30,52,50,73,Greed,Greed,0.6666666666666666,1.04,True,64567.639169,64567.639169,0.0
0x47add9a56df66b524d5e2c1993a43cde53b6ed85,2024-12-23,4704.4420789999995,486,232631.06,478.66473251028805,49.01431857,230,193,236,250,70,Greed,Greed,0.8391304347826087,0.944,True,69272.081248,69272.081248,0.0
0x47add9a56df66b524d5e2c1993a43cde53b6ed85,2024-12-24,1506.989241,121,47558.84,393.04826446280987,11.80372348,62,51,56,65,73,Greed,Greed,0.8225806451612904,0.8615384615384616,True,70779.070489,70779.070489,0.0
0x47add9a56df66b524d5e2c1993a43cde53b6ed85,2024-12-25,271.246809,99,42991.41,434.2566666666667,12.22302302,40,30,41,58,73,Greed,Greed,0.75,0.7068965517241379,True,71050.31729800001,71050.31729800001,0.0
0x47add9a56df66b524d5e2c1993a43cde53b6ed85,2024-12-26,9136.439892,160,140106.52,875.6657499999999,23.77648759,62,56,46,114,79,Extreme Greed,Greed,0.9032258064516129,0.40350877192982454,True,80186.75719,80186.75719,0.0
0x47add9a56df66b524d5e2c1993a43cde53b6ed85,2024-12-27,1473.2450880000001,115,50553.15,439.5926086956522,8.41063022,76,70,70,45,74,Greed,Greed,0.9210526315789473,1.5555555555555556,True,81660.002278,81660.002278,0.0
0x47add9a56df66b524d5e2c1993a43cde53b6ed85,2024-12-28,74.156745,43,12309.66,286.27116279069764,3.056162,10,10,10,33,72,Greed,Greed,1.0,0.30303030303030304,True,81734.159023,81734.159023,0.0
0x47add9a56df66b524d5e2c1993a43cde53b6ed85,2024-12-29,1609.679253,92,43522.47,473.0703260869565,9.68390019,39,39,48,44,73,Greed,Greed,1.0,1.0909090909090908,True,83343.83827600001,83343.83827600001,0.0
0x47add9a56df66b524d5e2c1993a43cde53b6ed85,2024-12-30,240.749155,59,31326.61,530.9594915254237,7.35761818,31,30,36,23,65,Greed,Greed,0.967741935483871,1.565217391304348,True,83584.587431,83584.587431,0.0
0x47add9a56df66b524d5e2c1993a43cde53b6ed85,2024-12-31,97.688169,99,53653.47,541.9542424242425,10.834892759999999,14,7,34,65,64,Greed,Greed,0.5,0.5230769230769231,True,83682.27560000001,83682.27560000001,0.0
0x47add9a56df66b524d5e2c1993a43cde53b6ed85,2025-01-01,17.784696,16,10126.42,632.90125,2.4354733299999998,3,3,9,7,66,Greed,Greed,1.0,1.2857142857142858,True,83700.06029600001,83700.06029600001,0.0
0x47add9a56df66b524d5e2c1993a43cde53b6ed85,2025-01-02,677.276764,90,49367.17,548.5241111111111,12.32442837,45,43,30,60,70,Greed,Greed,0.9555555555555556,0.5,True,84377.33706,84377.33706,0.0
0x47add9a56df66b524d5e2c1993a43cde53b6ed85,2025-01-03,846.655814,102,32800.7,321.5754901960784,8.26689217,46,24,51,51,74,Greed,Greed,0.5217391304347826,1.0,True,85223.992874,85223.992874,0.0
0x47add9a56df66b524d5e2c1993a43cde53b6ed85,2025-01-04,73.451675,57,35836.36,628.7080701754386,11.11830504,17,15,20,37,73,Greed,Greed,0.8823529411764706,0.5405405405405406,True,85297.444549,85297.444549,0.0
0x47add9a56df66b524d5e2c1993a43cde53b6ed85,2025-01-05,8.594753,38,16718.76,439.9673684210526,3.637846,5,4,1,37,72,Greed,Greed,0.8,0.02702702702702703,True,85306.039302,85306.039302,0.0
0x47add9a56df66b524d5e2c1993a43cde53b6ed85,2025-01-06,559.643925,84,34855.47,414.94607142857143,8.41166125,29,17,27,57,76,Extreme Greed,Greed,0.5862068965517241,0.47368421052631576,True,85865.683227,85865.683227,0.0
0x47add9a56df66b524d5e2c1993a43cde53b6ed85,2025-01-07,289.257865,40,52479.39,1311.98475,15.45636535,34,31,30,10,78,Extreme Greed,Greed,0.9117647058823529,3.0,True,86154.94109200001,86154.94109200001,0.0
0x47add9a56df66b524d5e2c1993a43cde53b6ed85,2025-01-08,1377.989592,187,98159.5,524.9171122994652,21.28229039,84,59,125,62,70,Greed,Greed,0.7023809523809523,2.0161290322580645,True,87532.930684,87532.930684,0.0
0x47add9a56df66b524d5e2c1993a43cde53b6ed85,2025-01-09,279.587921,95,47362.46,498.5522105263158,8.90539163,26,18,45,50,69,Greed,Greed,0.6923076923076923,0.9,True,87812.518605,87812.518605,0.0
0x47add9a56df66b524d5e2c1993a43cde53b6ed85,2025-01-10,-271.259943,97,56878.56,586.3769072164948,12.70929915,43,26,39,58,50,Neutral,Neutral,0.6046511627906976,0.6724137931034483,False,87541.25866200001,87812.518605,-271.2599429999973
0x47add9a56df66b524d5e2c1993a43cde53b6ed85,2025-01-11,71.39075800000003,39,18892.82,484.43128205128204,4.54955043,20,7,16,23,69,Greed,Greed,0.35,0.6956521739130435,True,87612.64942,87812.518605,-199.8691850000032
0x47add9a56df66b524d5e2c1993a43cde53b6ed85,2025-01-12,103.67729899999999,44,12408.44,282.01,3.293735,8,6,10,34,62,Greed,Greed,0.75,0.29411764705882354,True,87716.326719,87812.518605,-96.19188600000052
0x47add9a56df66b524d5e2c1993a43cde53b6ed85,2025-01-13,218.429393,67,36198.159999999996,540.2710447761193,6.27312638,15,8,28,39,61,Greed,Greed,0.5333333333333333,0.717948717948718,True,87934.756112,87934.756112,0.0
0x47add9a56df66b524d5e2c1993a43cde53b6ed85,2025-01-14,992.803005,79,38267.17,484.3945569620253,10.242217,27,25,31,48,63,Greed,Greed,0.9259259259259259,0.6458333333333334,True,88927.559117,88927.559117,0.0
0x47add9a56df66b524d5e2c1993a43cde53b6ed85,2025-01-15,361.155853,72,57030.04,792.0838888888889,12.192425,35,27,17,55,70,Greed,Greed,0.7714285714285715,0.3090909090909091,True,89288.71497,89288.71497,0.0
0x47add9a56df66b524d5e2c1993a43cde53b6ed85,2025-01-16,319.22369499999996,88,41126.4,467.3454545454546,10.940006,30,23,21,67,75,Extreme Greed,Greed,0.7666666666666667,0.31343283582089554,True,89607.93866500001,89607.93866500001,0.0
0x47add9a56df66b524d5e2c1993a43cde53b6ed85,2025-01-17,498.16985999999997,50,27936.4,558.7280000000001,6.950725,25,25,20,30,75,Extreme Greed,Greed,1.0,0.6666666666666666,True,90106.108525,90106.108525,0.0
0x47add9a56df66b524d5e2c1993a43cde53b6ed85,2025-01-18,307.105046,34,19851.68,583.8729411764706,5.770882,21,17,18,16,77,Extreme Greed,Greed,0.8095238095238095,1.125,True,90413.213571,90413.213571,0.0
0x47add9a56df66b524d5e2c1993a43cde53b6ed85,2025-01-19,541.742729,27,23085.75,855.0277777777778,6.11348625,10,10,15,12,77,Extreme Greed,Greed,1.0,1.25,True,90954.9563,90954.9563,0.0
0x47add9a56df66b524d5e2c1993a43cde53b6ed85,2025-01-20,2262.94445,66,74679.35,1131.5053030303031,19.95400583,44,37,47,19,76,Extreme Greed,Greed,0.8409090909090909,2.473684210526316,True,93217.90075,93217.90075,0.0
0x47add9a56df66b524d5e2c1993a43cde53b6ed85,2025-01-21,287.821918,13,8391.970000000001,645.536153846154,1.319882,6,6,9,4,76,Extreme Greed,Greed,1.0,2.25,True,93505.722668,93505.722668,0.0
0x47add9a56df66b524d5e2c1993a43cde53b6ed85,2025-01-22,2867.6138889999997,98,57621.06,587.97,15.80750989,37,35,24,74,84,Extreme Greed,Greed,0.9459459459459459,0.32432432432432434,True,96373.336557,96373.336557,0.0
0x47add9a56df66b524d5e2c1993a43cde53b6ed85,2025-01-23,420.491149,26,13030.16,501.15999999999997,3.0741254,14,12,19,7,75,Extreme Greed,Greed,0.8571428571428571,2.7142857142857144,True,96793.827706,96793.827706,0.0
0x47add9a56df66b524d5e2c1993a43cde53b6ed85,2025-01-24,553.5255989999999,40,23353.56,583.839,5.12333,20,18,28,12,75,Extreme Greed,Greed,0.9,2.3333333333333335,True,97347.353305,97347.353305,0.0
0x47add9a56df66b524d5e2c1993a43cde53b6ed85,2025-01-25,416.148576,36,21878.85,607.7458333333333,5.431335,21,20,19,17,75,Extreme Greed,Greed,0.9523809523809523,1.1176470588235294,True,97763.501881,97763.501881,0.0
0x47add9a56df66b524d5e2c1993a43cde53b6ed85,2025-01-26,535.938645,18,10555.17,586.3983333333333,2.92850952,16,16,4,14,73,Greed,Greed,1.0,0.2857142857142857,True,98299.440526,98299.440526,0.0
0x47add9a56df66b524d5e2c1993a43cde53b6ed85,2025-01-27,1295.825632,83,49840.7,600.4903614457832,12.12066081,42,34,67,16,71,Greed,Greed,0.8095238095238095,4.1875,True,99595.266158,99595.266158,0.0
0x47add9a56df66b524d5e2c1993a43cde53b6ed85,2025-01-28,475.702642,43,24844.39,577.776511627907,5.93309995,35,27,8,35,72,Greed,Greed,0.7714285714285715,0.22857142857142856,True,100070.9688,100070.9688,0.0
0x47add9a56df66b524d5e2c1993a43cde53b6ed85,2025-01-29,41.935052,14,6247.03,446.21642857142854,0.8821652,3,3,13,1,72,Greed,Greed,1.0,13.0,True,100112.903852,100112.903852,0.0
0x47add9a56df66b524d5e2c1993a43cde53b6ed85,2025-01-30,783.829317,44,27933.38,634.8495454545455,5.71837649,20,19,4,40,70,Greed,Greed,0.95,0.1,True,100896.733169,100896.733169,0.0
0x47add9a56df66b524d5e2c1993a43cde53b6ed85,2025-01-31,488.582241,57,24289.19,426.12614035087717,6.77194479,23,23,11,46,76,Extreme Greed,Greed,1.0,0.2391304347826087,True,101385.31541000001,101385.31541000001,0.0
0x47add9a56df66b524d5e2c1993a43cde53b6ed85,2025-02-01,526.448209,33,16189.18,490.5812121212121,4.45882435,25,23,23,10,68,Greed,Greed,0.92,2.3,True,101911.763619,101911.763619,0.0
0x47add9a56df66b524d5e2c1993a43cde53b6ed85,2025-02-02,-782.6517170000001,108,51360.13,475.55675925925925,9.80744787,38,27,83,25,60,Greed,Greed,0.7105263157894737,3.32,False,101129.111902,101911.763619,-782.6517170000006
0x47add9a56df66b524d5e2c1993a43cde53b6ed85,2025-02-03,2440.916534,182,115299.86,633.5157142857142,31.19285849,84,73,108,74,44,Fear,Fear,0.8690476190476191,1.4594594594594594,True,103570.02843600001,103570.02843600001,0.0
0x47add9a56df66b524d5e2c1993a43cde53b6ed85,2025-02-04,874.3810560000001,34,13258.83,389.9655882352941,3.60856375,18,16,14,20,72,Greed,Greed,0.8888888888888888,0.7,True,104444.409492,104444.409492,0.0
0x47add9a56df66b524d5e2c1993a43cde53b6ed85,2025-02-05,32.72269,3,1295.7,431.90000000000003,0.435353,1,1,2,1,54,Neutral,Neutral,1.0,2.0,True,104477.132182,104477.132182,0.0
0x47add9a56df66b524d5e2c1993a43cde53b6ed85,2025-02-06,922.6724320000001,63,26120.86,414.6168253968254,6.66840897,16,15,39,24,49,Neutral,Neutral,0.9375,1.625,True,105399.80461400001,105399.80461400001,0.0
0x47add9a56df66b524d5e2c1993a43cde53b6ed85,2025-02-07,126.11297599999999,17,4899.89,288.2288235294118,1.310367,15,14,9,8,44,Fear,Fear,0.9333333333333333,1.125,True,105525.91759,105525.91759,0.0
0x47add9a56df66b524d5e2c1993a43cde53b6ed85,2025-02-08,78.902492,22,11717.3,532.6045454545455,2.55113821,5,5,19,3,44,Fear,Fear,1.0,6.333333333333333,True,105604.820082,105604.820082,0.0
0x47add9a56df66b524d5e2c1993a43cde53b6ed85,2025-02-09,378.027954,29,10230.31,352.76931034482755,2.657353,25,22,9,20,46,Neutral,Neutral,0.88,0.45,True,105982.84803600001,105982.84803600001,0.0
0x47add9a56df66b524d5e2c1993a43cde53b6ed85,2025-02-10,4.42722,6,3127.92,521.32,0.8109869999999999,2,2,0,6,43,Fear,Fear,1.0,0.0,True,105987.27525600001,105987.27525600001,0.0
0x47add9a56df66b524d5e2c1993a43cde53b6ed85,2025-02-11,314.918282,17,7756.45,456.26176470588234,2.30745508,7,7,5,12,47,Neutral,Neutral,1.0,0.4166666666666667,True,106302.193538,106302.193538,0.0
0x47add9a56df66b524d5e2c1993a43cde53b6ed85,2025-02-12,117.09923500000001,5,3308.29,661.658,1.11158,5,4,3,2,46,Neutral,Neutral,0.8,1.5,True,106419.29277300001,106419.29277300001,0.0
0x47add9a56df66b524d5e2c1993a43cde53b6ed85,2025-02-13,534.854304,47,18034.65,383.71595744680855,4.51872351,27,27,11,36,50,Neutral,Neutral,1.0,0.3055555555555556,True,106954.147077,106954.147077,0.0
0x47add9a56df66b524d5e2c1993a43cde53b6ed85,2025-02-14,-10.630689999999959,47,14832.36,315.5821276595745,3.663806,35,32,12,35,48,Neutral,Neutral,0.9142857142857143,0.34285714285714286,False,106943.51638700001,106954.147077,-10.630689999990864
0x47add9a56df66b524d5e2c1993a43cde53b6ed85,2025-02-15,231.07204,21,7711.28,367.2038095238095,1.2971864499999999,5,5,11,10,50,Neutral,Neutral,1.0,1.1,True,107174.58842700001,107174.58842700001,0.0
0x47add9a56df66b524d5e2c1993a43cde53b6ed85,2025-02-16,278.922501,41,16262.4,396.6439024390244,4.83805,27,17,31,10,54,Neutral,Neutral,0.6296296296296297,3.1,True,107453.510928,107453.510928,0.0
0x47add9a56df66b524d5e2c1993a43cde53b6ed85,2025-02-17,19.482565,13,5099.0599999999995,392.2353846153846,0.77200926,7,5,9,4,51,Neutral,Neutral,0.7142857142857143,2.25,True,107472.993493,107472.993493,0.0
0x47add9a56df66b524d5e2c1993a43cde53b6ed85,2025-02-18,336.64107,54,22450.65,415.7527777777778,4.86822791,20,20,38,16,47,Neutral,Neutral,1.0,2.375,True,107809.634563,107809.634563,0.0
0x47add9a56df66b524d5e2c1993a43cde53b6ed85,2025-02-19,89.261197,22,6685.82,303.90090909090907,1.10465516,8,6,19,3,44,Fear,Fear,0.75,6.333333333333333,True,107898.89576,107898.89576,0.0
0x47add9a56df66b524d5e2c1993a43cde53b6ed85,2025-02-20,168.023469,13,4923.85,378.7576923076923,1.654399,11,11,7,6,49,Neutral,Neutral,1.0,1.1666666666666667,True,108066.919229,108066.919229,0.0
0x47add9a56df66b524d5e2c1993a43cde53b6ed85,2025-02-21,165.776644,15,4523.86,301.59066666666666,1.340015,12,11,6,9,55,Greed,Greed,0.9166666666666666,0.6666666666666666,True,108232.695873,108232.695873,0.0
0x47add9a56df66b524d5e2c1993a43cde53b6ed85,2025-02-22,31.523152,18,6183.66,343.53666666666663,1.777801,5,2,6,12,49,Neutral,Neutral,0.4,0.5,True,108264.219025,108264.219025,0.0
0x47add9a56df66b524d5e2c1993a43cde53b6ed85,2025-02-23,122.057796,7,2589.9500000000003,369.9928571428572,0.690269,7,5,6,1,50,Neutral,Neutral,0.7142857142857143,6.0,True,108386.276821,108386.276821,0.0
0x47add9a56df66b524d5e2c1993a43cde53b6ed85,2025-02-24,437.185458,29,15768.59,543.7444827586207,3.11996306,12,11,25,4,49,Neutral,Neutral,0.9166666666666666,6.25,True,108823.462279,108823.462279,0.0
0x47add9a56df66b524d5e2c1993a43cde53b6ed85,2025-02-25,3455.584856,190,97378.41,512.5179473684211,22.8050811,84,70,139,51,25,Fear,Fear,0.8333333333333334,2.7254901960784315,True,112279.047135,112279.047135,0.0
0x47add9a56df66b524d5e2c1993a43cde53b6ed85,2025-02-26,-200.798196,28,16892.92,603.3185714285713,4.536323,15,3,4,24,21,Extreme Fear,Fear,0.2,0.16666666666666666,False,112078.248939,112279.047135,-200.79819600000337
0x47add9a56df66b524d5e2c1993a43cde53b6ed85,2025-02-27,-195.841458,18,5942.13,330.11833333333334,1.576707,5,1,7,11,10,Extreme Fear,Fear,0.2,0.6363636363636364,False,111882.407481,112279.047135,-396.6396539999987
0x47add9a56df66b524d5e2c1993a43cde53b6ed85,2025-02-28,933.170538,71,36506.49,514.1759154929578,9.075402,30,26,47,24,16,Extreme Fear,Fear,0.8666666666666667,1.9583333333333333,True,112815.57801900001,112815.57801900001,0.0
0x47add9a56df66b524d5e2c1993a43cde53b6ed85,2025-03-01,109.593094,27,16664.18,617.1918518518519,4.519368,18,12,5,22,20,Extreme Fear,Fear,0.6666666666666666,0.22727272727272727,True,112925.171113,112925.171113,0.0
0x47add9a56df66b524d5e2c1993a43cde53b6ed85,2025-03-02,349.12092600000005,21,23240.57,1106.6938095238095,4.79176368,8,8,3,18,26,Fear,Fear,1.0,0.16666666666666666,True,113274.292039,113274.292039,0.0
0x47add9a56df66b524d5e2c1993a43cde53b6ed85,2025-03-03,376.017126,33,19510.13,591.2160606060606,5.595643,16,12,7,26,33,Fear,Fear,0.75,0.2692307692307692,True,113650.309165,113650.309165,0.0
0x47add9a56df66b524d5e2c1993a43cde53b6ed85,2025-03-04,444.266681,32,16090.35,502.8234375,3.82318985,7,7,31,1,15,Extreme Fear,Fear,1.0,31.0,True,114094.575846,114094.575846,0.0
0x47add9a56df66b524d5e2c1993a43cde53b6ed85,2025-03-05,423.18325600000003,21,11551.92,550.0914285714285,1.48670832,6,6,13,8,20,Extreme Fear,Fear,1.0,1.625,True,114517.759102,114517.759102,0.0
0x47add9a56df66b524d5e2c1993a43cde53b6ed85,2025-03-06,102.92652,12,8915.96,742.9966666666666,2.50836533,8,6,4,8,25,Fear,Fear,0.75,0.5,True,114620.685622,114620.685622,0.0
0x47add9a56df66b524d5e2c1993a43cde53b6ed85,2025-03-07,781.670551,62,28747.42,463.668064516129,5.64248208,17,16,43,19,34,Fear,Fear,0.9411764705882353,2.263157894736842,True,115402.35617300001,115402.35617300001,0.0
0x47add9a56df66b524d5e2c1993a43cde53b6ed85,2025-03-08,119.3611,31,13947.75,449.9274193548387,2.828469,7,7,26,5,28,Fear,Fear,1.0,5.2,True,115521.717273,115521.717273,0.0
0x47add9a56df66b524d5e2c1993a43cde53b6ed85,2025-03-09,0.0,8,6621.2300000000005,827.6537500000001,0.8009230599999999,0,0,8,0,27,Fear,Fear,,,False,115521.717273,115521.717273,0.0
0x47add9a56df66b524d5e2c1993a43cde53b6ed85,2025-03-10,0.0,16,11749.710000000001,734.3568750000001,3.46105317,0,0,16,0,20,Extreme Fear,Fear,,,False,115521.717273,115521.717273,0.0
0x47add9a56df66b524d5e2c1993a43cde53b6ed85,2025-03-11,266.837111,32,16147.32,504.60375,3.39704929,6,4,22,10,24,Extreme Fear,Fear,0.6666666666666666,2.2,True,115788.554384,115788.554384,0.0
0x47add9a56df66b524d5e2c1993a43cde53b6ed85,2025-03-12,78.714444,7,5169.82,738.5457142857142,1.737054,3,3,0,7,34,Fear,Fear,1.0,0.0,True,115867.268828,115867.268828,0.0
0x47add9a56df66b524d5e2c1993a43cde53b6ed85,2025-03-13,-1.2672399999999993,9,3280.19,364.46555555555557,0.37254174,3,2,8,1,45,Neutral,Neutral,0.6666666666666666,8.0,False,115866.001588,115867.268828,-1.2672400000010384
0x47add9a56df66b524d5e2c1993a43cde53b6ed85,2025-03-15,202.313183,36,30148.420000000002,837.4561111111111,9.170037,31,30,3,33,46,Neutral,Neutral,0.967741935483871,0.09090909090909091,True,116068.314771,116068.314771,0.0
0x47add9a56df66b524d5e2c1993a43cde53b6ed85,2025-03-16,-6.342484000000001,7,3988.83,569.8328571428572,1.220354,5,2,6,1,30,Fear,Fear,0.4,6.0,False,116061.972287,116068.314771,-6.342484000007971
0x47add9a56df66b524d5e2c1993a43cde53b6ed85,2025-03-17,-31.277088,3,2116.03,705.3433333333334,0.5310239999999999,1,0,0,3,32,Fear,Fear,0.0,0.0,False,116030.69519900001,116068.314771,-37.61957199999597
0x47add9a56df66b524d5e2c1993a43cde53b6ed85,2025-03-19,-2.8135689999999993,12,5824.6900000000005,485.3908333333334,1.5372599999999998,7,2,1,11,32,Fear,Fear,0.2857142857142857,0.09090909090909091,False,116027.88163,116068.314771,-40.43314100000134
0x47add9a56df66b524d5e2c1993a43cde53b6ed85,2025-03-20,-147.78931200000002,20,15384.77,769.2385,4.329674,17,14,9,11,49,Neutral,Neutral,0.8235294117647058,0.8181818181818182,False,115880.09231800001,116068.314771,-188.22245299999486
0x47add9a56df66b524d5e2c1993a43cde53b6ed85,2025-03-21,39.1247,6,2966.76,494.46000000000004,0.81683,2,2,2,4,31,Fear,Fear,1.0,0.5,True,115919.21701800001,116068.314771,-149.09775299999455
0x47add9a56df66b524d5e2c1993a43cde53b6ed85,2025-03-22,-1184.046158,11,3748.62,340.78363636363633,0.899586,11,0,0,11,32,Fear,Fear,0.0,0.0,False,114735.17086,116068.314771,-1333.1439110000065
0x47add9a56df66b524d5e2c1993a43cde53b6ed85,2025-03-23,0.0,2,748.95,374.475,0.251646,0,0,0,2,30,Fear,Fear,,0.0,False,114735.17086,116068.314771,-1333.1439110000065
0x47add9a56df66b524d5e2c1993a43cde53b6ed85,2025-03-24,-216.431703,25,13629.9,545.196,2.960264,14,10,8,17,45,Neutral,Neutral,0.7142857142857143,0.47058823529411764,False,114518.739157,116068.314771,-1549.5756140000012
0x47add9a56df66b524d5e2c1993a43cde53b6ed85,2025-03-25,87.95347999999998,3,1133.4299999999998,377.80999999999995,0.200845,3,1,1,2,46,Neutral,Neutral,0.3333333333333333,0.5,True,114606.692637,116068.314771,-1461.6221340000047
0x47add9a56df66b524d5e2c1993a43cde53b6ed85,2025-03-26,69.285,3,2249.9,749.9666666666667,0.08228819999999999,1,1,3,0,47,Neutral,Neutral,1.0,,True,114675.977637,116068.314771,-1392.3371340000012
0x47add9a56df66b524d5e2c1993a43cde53b6ed85,2025-03-30,0.0,3,750.22,250.07333333333335,0.01968259,0,0,3,0,32,Fear,Fear,,,False,114675.977637,116068.314771,-1392.3371340000012
0x47add9a56df66b524d5e2c1993a43cde53b6ed85,2025-03-31,798.187528,16,7544.88,471.555,2.41508,5,5,15,1,34,Fear,Fear,1.0,15.0,True,115474.165165,116068.314771,-594.1496060000063
0x47add9a56df66b524d5e2c1993a43cde53b6ed85,2025-04-01,-680.287463,19,4701.35,247.43947368421055,1.579629,18,6,6,13,34,Fear,Fear,0.3333333333333333,0.46153846153846156,False,114793.877702,116068.314771,-1274.4370690000069
0x47add9a56df66b524d5e2c1993a43cde53b6ed85,2025-04-02,93.006465,4,1623.71,405.9275,0.36569,3,3,3,1,44,Fear,Fear,1.0,3.0,True,114886.884167,116068.314771,-1181.4306040000083
0x47add9a56df66b524d5e2c1993a43cde53b6ed85,2025-04-03,7.052034,14,8893.3,635.2357142857143,1.78190857,2,2,12,2,25,Fear,Fear,1.0,6.0,True,114893.936201,116068.314771,-1174.3785700000008
0x47add9a56df66b524d5e2c1993a43cde53b6ed85,2025-04-04,0.0,2,1749.56,874.78,0.43421763,0,0,2,0,28,Fear,Fear,,,False,114893.936201,116068.314771,-1174.3785700000008
0x47add9a56df66b524d5e2c1993a43cde53b6ed85,2025-04-05,-132.88134,25,14666.43,586.6572,4.088152,11,10,4,21,30,Fear,Fear,0.9090909090909091,0.19047619047619047,False,114761.054861,116068.314771,-1307.259910000008
0x47add9a56df66b524d5e2c1993a43cde53b6ed85,2025-04-06,-1400.5515480000001,15,9920.72,661.3813333333333,2.31362,7,4,6,9,34,Fear,Fear,0.5714285714285714,0.6666666666666666,False,113360.50331300001,116068.314771,-2707.8114579999965
0x47add9a56df66b524d5e2c1993a43cde53b6ed85,2025-04-07,-5651.552238,48,27343.420000000002,569.6545833333333,8.287402,27,7,21,27,23,Extreme Fear,Fear,0.25925925925925924,0.7777777777777778,False,107708.951075,116068.314771,-8359.363696
0x47add9a56df66b524d5e2c1993a43cde53b6ed85,2025-04-08,-6745.027414,42,29440.15,700.9559523809525,5.6987836099999996,31,11,15,27,24,Extreme Fear,Fear,0.3548387096774194,0.5555555555555556,False,100963.92366100001,116068.314771,-15104.391109999997
0x47add9a56df66b524d5e2c1993a43cde53b6ed85,2025-04-09,-3911.273892,56,35736.87,638.1583928571429,9.128053,46,26,27,29,18,Extreme Fear,Fear,0.5652173913043478,0.9310344827586207,False,97052.64976900001,116068.314771,-19015.665001999994
0x47add9a56df66b524d5e2c1993a43cde53b6ed85,2025-04-10,258.032458,21,10926.67,520.317619047619,2.2793912,9,8,18,3,39,Fear,Fear,0.8888888888888888,6.0,True,97310.682227,116068.314771,-18757.632544000007
0x47add9a56df66b524d5e2c1993a43cde53b6ed85,2025-04-11,608.246567,28,10608.06,378.8592857142857,2.3168819100999998,19,17,14,14,25,Fear,Fear,0.8947368421052632,1.0,True,97918.928794,116068.314771,-18149.385976999998
0x47add9a56df66b524d5e2c1993a43cde53b6ed85,2025-04-12,3105.920269,41,22557.87,550.1919512195121,6.1437547,27,24,26,15,43,Fear,Fear,0.8888888888888888,1.7333333333333334,True,101024.849063,116068.314771,-15043.465708000003
0x47add9a56df66b524d5e2c1993a43cde53b6ed85,2025-04-13,490.32631200000003,26,15647.84,601.84,2.246355916,10,10,18,8,45,Neutral,Neutral,1.0,2.25,True,101515.175375,116068.314771,-14553.139395999999
0x47add9a56df66b524d5e2c1993a43cde53b6ed85,2025-04-14,263.769257,7,2644.28,377.75428571428574,0.47633217,5,5,6,1,31,Fear,Fear,1.0,6.0,True,101778.944632,116068.314771,-14289.370139000006
0x47add9a56df66b524d5e2c1993a43cde53b6ed85,2025-04-16,17.022667,11,8458.880000000001,768.989090909091,1.81605923,3,3,10,1,29,Fear,Fear,1.0,10.0,True,101795.967299,116068.314771,-14272.347472000009
0x47add9a56df66b524d5e2c1993a43cde53b6ed85,2025-04-17,169.67583499999998,29,13239.61,456.538275862069,2.73851699,15,15,7,22,30,Fear,Fear,1.0,0.3181818181818182,True,101965.643134,116068.314771,-14102.671637000007
0x47add9a56df66b524d5e2c1993a43cde53b6ed85,2025-04-19,64.128219,2,750.15,375.075,0.25204899999999997,2,2,0,2,32,Fear,Fear,1.0,0.0,True,102029.771353,116068.314771,-14038.543418000001
0x47add9a56df66b524d5e2c1993a43cde53b6ed85,2025-04-20,12.652267000000005,21,12197.01,580.8100000000001,1.6668287458,12,11,15,6,37,Fear,Fear,0.9166666666666666,2.5,True,102042.42362,116068.314771,-14025.891151000003
0x47add9a56df66b524d5e2c1993a43cde53b6ed85,2025-04-21,-2.1503300000000003,12,2999.74,249.97833333333332,0.51616288,8,5,9,3,39,Fear,Fear,0.625,3.0,False,102040.27329,116068.314771,-14028.041481000007
0x47add9a56df66b524d5e2c1993a43cde53b6ed85,2025-04-22,-282.266207,14,4813.67,343.8335714285714,0.957551,4,1,2,12,47,Neutral,Neutral,0.25,0.16666666666666666,False,101758.007083,116068.314771,-14310.307688
0x47add9a56df66b524d5e2c1993a43cde53b6ed85,2025-04-23,511.720343,45,15144.58,336.54622222222224,3.78354597,17,16,11,34,72,Greed,Greed,0.9411764705882353,0.3235294117647059,True,102269.727426,116068.314771,-13798.587345000007
0x47add9a56df66b524d5e2c1993a43cde53b6ed85,2025-04-24,350.896638,24,9505.03,396.0429166666667,1.7637399599999999,8,6,11,13,63,Greed,Greed,0.75,0.8461538461538461,True,102620.624064,116068.314771,-13447.690707000002
0x47add9a56df66b524d5e2c1993a43cde53b6ed85,2025-04-25,0.0,7,2749.86,392.83714285714285,0.17323044999999998,0,0,3,4,60,Greed,Greed,,0.75,False,102620.624064,116068.314771,-13447.690707000002
0x47add9a56df66b524d5e2c1993a43cde53b6ed85,2025-04-26,147.607393,18,5200.49,288.9161111111111,1.17737927,4,4,6,12,65,Greed,Greed,1.0,0.5,True,102768.231457,116068.314771,-13300.083314000003
0x47add9a56df66b524d5e2c1993a43cde53b6ed85,2025-04-27,361.183441,13,4819.25,370.71153846153845,1.3554278899999999,12,9,5,8,61,Greed,Greed,0.75,0.625,True,103129.414898,116068.314771,-12938.899873000002
0x47add9a56df66b524d5e2c1993a43cde53b6ed85,2025-04-28,146.420556,9,3247.21,360.80111111111114,0.551158,8,8,5,4,54,Neutral,Neutral,1.0,1.25,True,103275.835454,116068.314771,-12792.479317000005
0x47add9a56df66b524d5e2c1993a43cde53b6ed85,2025-04-29,30.495403,7,2498.8,356.9714285714286,0.359619,1,1,1,6,60,Greed,Greed,1.0,0.16666666666666666,True,103306.33085700001,116068.314771,-12761.983913999997
0x47add9a56df66b524d5e2c1993a43cde53b6ed85,2025-05-01,37.385304,7,2093.09,299.0128571428572,0.703274,1,1,0,7,53,Neutral,Neutral,1.0,0.0,True,103343.716161,116068.314771,-12724.598610000001
0x4acb90e786d897ecffb614dc822eb231b4ffb9f4,2024-12-14,0.0,1,24979.8,24979.8,4.898,0,0,1,0,83,Extreme Greed,Greed,,,False,0.0,0.0,0.0
0x4acb90e786d897ecffb614dc822eb231b4ffb9f4,2024-12-19,7440.638159,89,453044.78,5090.390786516854,102.865112,36,36,53,36,75,Extreme Greed,Greed,1.0,1.4722222222222223,True,7440.638159,7440.638159,0.0
0x4acb90e786d897ecffb614dc822eb231b4ffb9f4,2024-12-20,53635.529649,238,2291660.29,9628.82474789916,621.675856,108,99,129,109,74,Greed,Greed,0.9166666666666666,1.18348623853211,True,61076.167808,61076.167808,0.0
0x4acb90e786d897ecffb614dc822eb231b4ffb9f4,2024-12-27,357.346725,18,129430.5,7190.583333333333,45.300667000000004,9,9,9,9,74,Greed,Greed,1.0,1.0,True,61433.514533,61433.514533,0.0
0x4acb90e786d897ecffb614dc822eb231b4ffb9f4,2024-12-30,2227.18659,38,248389.74,6536.572105263158,56.166067999999996,25,25,13,25,65,Greed,Greed,1.0,0.52,True,63660.701123,63660.701123,0.0
0x4acb90e786d897ecffb614dc822eb231b4ffb9f4,2025-01-08,0.0,139,700570.35,5040.074460431654,245.199569,0,0,139,0,70,Greed,Greed,,,False,63660.701123,63660.701123,0.0
0x4acb90e786d897ecffb614dc822eb231b4ffb9f4,2025-01-09,35352.95374,96,744503.38,7755.243541666667,205.33857300000003,56,56,40,56,69,Greed,Greed,1.0,0.7142857142857143,True,99013.654863,99013.654863,0.0
0x4acb90e786d897ecffb614dc822eb231b4ffb9f4,2025-01-10,2812.7685,27,113287.72,4195.841481481481,39.650688,27,27,0,27,50,Neutral,Neutral,1.0,0.0,True,101826.423363,101826.423363,0.0
0x4acb90e786d897ecffb614dc822eb231b4ffb9f4,2025-01-12,927.412681,390,323771.05,830.1821794871795,32.376978,390,390,0,390,62,Greed,Greed,1.0,0.0,True,102753.836044,102753.836044,0.0
0x4acb90e786d897ecffb614dc822eb231b4ffb9f4,2025-01-13,0.0,23,157438.69,6845.160434782609,15.743859,0,0,23,0,61,Greed,Greed,,,False,102753.836044,102753.836044,0.0
0x4acb90e786d897ecffb614dc822eb231b4ffb9f4,2025-01-16,13963.52,4,171402.19999999998,42850.549999999996,17.14022,4,4,0,4,75,Extreme Greed,Greed,1.0,0.0,True,116717.356044,116717.356044,0.0
0x4acb90e786d897ecffb614dc822eb231b4ffb9f4,2025-01-19,1519.769822,30,117502.78,3916.7593333333334,41.12595,20,20,10,20,77,Extreme Greed,Greed,1.0,0.5,True,118237.125866,118237.125866,0.0
0x4acb90e786d897ecffb614dc822eb231b4ffb9f4,2025-01-20,-2427.873799,43,111655.81999999999,2596.646976744186,39.079508000000004,36,0,7,36,76,Extreme Greed,Greed,0.0,0.19444444444444445,False,115809.252067,118237.125866,-2427.873799000008
0x4acb90e786d897ecffb614dc822eb231b4ffb9f4,2025-02-20,0.0,13,19999.92,1538.4553846153844,0.28503619,0,0,13,0,49,Neutral,Neutral,,,False,115809.252067,118237.125866,-2427.873799000008
0x4acb90e786d897ecffb614dc822eb231b4ffb9f4,2025-02-24,856.4737299999999,41,240953.5,5876.914634146341,84.333708,7,7,34,7,49,Neutral,Neutral,1.0,4.857142857142857,True,116665.72579699999,118237.125866,-1571.4000690000103
0x4acb90e786d897ecffb614dc822eb231b4ffb9f4,2025-02-25,11271.895074,215,1211478.04,5634.781581395349,211.517568,114,114,101,114,25,Fear,Fear,1.0,0.8859649122807017,True,127937.62087099999,127937.62087099999,0.0
0x4acb90e786d897ecffb614dc822eb231b4ffb9f4,2025-02-26,22137.551238,50,422136.07999999996,8442.721599999999,147.74759799999998,50,50,0,50,21,Extreme Fear,Fear,1.0,0.0,True,150075.172109,150075.172109,0.0
0x4acb90e786d897ecffb614dc822eb231b4ffb9f4,2025-02-27,503.31943,12,100537.42,8378.118333333334,35.188087,4,4,8,4,10,Extreme Fear,Fear,1.0,2.0,True,150578.491539,150578.491539,0.0
0x4acb90e786d897ecffb614dc822eb231b4ffb9f4,2025-02-28,22299.186495,89,1322353.09,14857.899887640451,387.823865,72,72,17,72,16,Extreme Fear,Fear,1.0,0.2361111111111111,True,172877.678034,172877.678034,0.0
0x4acb90e786d897ecffb614dc822eb231b4ffb9f4,2025-03-03,0.0,19,199936.29,10522.962631578948,69.977691,0,0,19,0,33,Fear,Fear,,,False,172877.678034,172877.678034,0.0
0x4acb90e786d897ecffb614dc822eb231b4ffb9f4,2025-03-04,0.0,155,860142.5499999999,5549.306774193548,126.050573,0,0,155,0,15,Extreme Fear,Fear,,,False,172877.678034,172877.678034,0.0
0x4acb90e786d897ecffb614dc822eb231b4ffb9f4,2025-03-06,5109.859504,15,145280.13,9685.342,50.848044,5,5,10,5,25,Fear,Fear,1.0,2.0,True,177987.537538,177987.537538,0.0
0x4acb90e786d897ecffb614dc822eb231b4ffb9f4,2025-03-07,0.0,57,100077.85,1755.7517543859651,35.027224,0,0,57,0,34,Fear,Fear,,,False,177987.537538,177987.537538,0.0
0x4acb90e786d897ecffb614dc822eb231b4ffb9f4,2025-03-10,0.08712,114,637344.88,5590.744561403509,173.070731,1,1,113,1,20,Extreme Fear,Fear,1.0,113.0,True,177987.624658,177987.624658,0.0
0x4acb90e786d897ecffb614dc822eb231b4ffb9f4,2025-03-11,0.0,84,270186.14,3216.501666666667,44.565215,0,0,84,0,24,Extreme Fear,Fear,,,False,177987.624658,177987.624658,0.0
0x4acb90e786d897ecffb614dc822eb231b4ffb9f4,2025-03-13,0.0,15,65244.9,4349.66,6.5244860000000005,0,0,15,0,45,Neutral,Neutral,,,False,177987.624658,177987.624658,0.0
0x4acb90e786d897ecffb614dc822eb231b4ffb9f4,2025-03-20,4839.59228,195,630536.58,3233.520923076923,113.748428,151,151,44,151,49,Neutral,Neutral,1.0,0.2913907284768212,True,182827.216938,182827.216938,0.0
0x4acb90e786d897ecffb614dc822eb231b4ffb9f4,2025-03-21,0.0,17,24999.85,1470.5794117647058,2.499981,0,0,17,0,31,Fear,Fear,,,False,182827.216938,182827.216938,0.0
0x4acb90e786d897ecffb614dc822eb231b4ffb9f4,2025-03-22,4350.379248,53,69357.39,1308.6299999999999,16.261935,53,53,0,53,32,Fear,Fear,1.0,0.0,True,187177.596186,187177.596186,0.0
0x4acb90e786d897ecffb614dc822eb231b4ffb9f4,2025-03-23,2897.148962,76,302986.27,3986.6614473684212,81.04532900000001,26,26,50,26,30,Fear,Fear,1.0,1.9230769230769231,True,190074.745148,190074.745148,0.0
0x4acb90e786d897ecffb614dc822eb231b4ffb9f4,2025-03-24,48946.705539,185,1176763.62,6360.884432432433,175.744309,185,185,0,185,45,Neutral,Neutral,1.0,0.0,True,239021.450687,239021.450687,0.0
0x4acb90e786d897ecffb614dc822eb231b4ffb9f4,2025-03-25,30531.101000000002,50,639865.76,12797.315200000001,223.952992,50,50,0,50,46,Neutral,Neutral,1.0,0.0,True,269552.551687,269552.551687,0.0
0x4acb90e786d897ecffb614dc822eb231b4ffb9f4,2025-03-26,9261.449882,140,689410.4500000001,4924.3603571428575,121.230248,85,85,55,85,47,Neutral,Neutral,1.0,0.6470588235294118,True,278814.001569,278814.001569,0.0
0x4acb90e786d897ecffb614dc822eb231b4ffb9f4,2025-03-29,314.6728,23,350341.06,15232.22,122.619356,3,3,20,3,26,Fear,Fear,1.0,6.666666666666667,True,279128.674369,279128.674369,0.0
0x4acb90e786d897ecffb614dc822eb231b4ffb9f4,2025-03-30,5362.529222,21,255386.44,12161.259047619047,38.937127000000004,21,21,0,21,32,Fear,Fear,1.0,0.0,True,284491.203591,284491.203591,0.0
0x4acb90e786d897ecffb614dc822eb231b4ffb9f4,2025-03-31,4750.8109939999995,47,444763.7,9463.05744680851,105.667381,26,26,21,26,34,Fear,Fear,1.0,0.8076923076923077,True,289242.014585,289242.014585,0.0
0x4acb90e786d897ecffb614dc822eb231b4ffb9f4,2025-04-02,444.205198,16,599582.17,37473.885625,184.853869,10,10,10,6,44,Fear,Fear,1.0,1.6666666666666667,True,289686.219783,289686.219783,0.0
0x4acb90e786d897ecffb614dc822eb231b4ffb9f4,2025-04-03,0.0,60,999996.66,16666.611,74.999717,0,0,60,0,25,Fear,Fear,,,False,289686.219783,289686.219783,0.0
0x4acb90e786d897ecffb614dc822eb231b4ffb9f4,2025-04-04,0.0,51,421466.09,8264.040980392158,126.439802,0,0,51,0,28,Fear,Fear,,,False,289686.219783,289686.219783,0.0
0x4acb90e786d897ecffb614dc822eb231b4ffb9f4,2025-04-05,31134.240601999998,102,527928.11,5175.765784313725,127.578406,102,102,0,102,30,Fear,Fear,1.0,0.0,True,320820.460385,320820.460385,0.0
0x4acb90e786d897ecffb614dc822eb231b4ffb9f4,2025-04-06,0.0,103,567374.5700000001,5508.490970873787,107.712409,0,0,103,0,34,Fear,Fear,,,False,320820.460385,320820.460385,0.0
0x4acb90e786d897ecffb614dc822eb231b4ffb9f4,2025-04-07,13642.628143,189,1470763.94,7781.819788359788,164.470105,40,40,149,40,23,Extreme Fear,Fear,1.0,3.725,True,334463.088528,334463.088528,0.0
0x4acb90e786d897ecffb614dc822eb231b4ffb9f4,2025-04-08,221.0,3,156825.0,52275.0,47.047498,1,1,1,2,24,Extreme Fear,Fear,1.0,0.5,True,334684.088528,334684.088528,0.0
0x4acb90e786d897ecffb614dc822eb231b4ffb9f4,2025-04-09,107892.62706,290,5201395.47,17935.84644827586,834.927894,143,137,147,143,18,Extreme Fear,Fear,0.958041958041958,1.027972027972028,True,442576.715588,442576.715588,0.0
0x4acb90e786d897ecffb614dc822eb231b4ffb9f4,2025-04-10,84856.33534,222,5798272.0200000005,26118.342432432433,1584.415224,80,80,142,80,39,Fear,Fear,1.0,1.775,True,527433.050928,527433.050928,0.0
0x4acb90e786d897ecffb614dc822eb231b4ffb9f4,2025-04-11,122461.112004,74,1804870.08,24390.13621621622,90.243471,74,74,0,74,25,Fear,Fear,1.0,0.0,True,649894.162932,649894.162932,0.0
0x4acb90e786d897ecffb614dc822eb231b4ffb9f4,2025-04-12,0.0,68,1147722.14,16878.26676470588,175.727839,0,0,0,68,43,Fear,Fear,,0.0,False,649894.162932,649894.162932,0.0
0x4acb90e786d897ecffb614dc822eb231b4ffb9f4,2025-04-14,21531.8321,76,2046340.19,26925.528815789472,210.146766,56,56,53,23,31,Fear,Fear,1.0,2.3043478260869565,True,671425.995032,671425.995032,0.0
0x4acb90e786d897ecffb614dc822eb231b4ffb9f4,2025-04-15,0.0,51,171059.99,3354.117450980392,8.552978,0,0,0,51,38,Fear,Fear,,0.0,False,671425.995032,671425.995032,0.0
0x4acb90e786d897ecffb614dc822eb231b4ffb9f4,2025-04-16,3088.0,1,166444.0,166444.0,8.3222,1,1,1,0,29,Fear,Fear,1.0,,True,674513.995032,674513.995032,0.0
0x4acb90e786d897ecffb614dc822eb231b4ffb9f4,2025-04-17,-110.0,6,169642.0,28273.666666666668,50.892595,6,0,6,0,30,Fear,Fear,0.0,,False,674403.995032,674513.995032,-110.0
0x4acb90e786d897ecffb614dc822eb231b4ffb9f4,2025-04-21,-681.29819,23,702502.7,30543.59565217391,122.852796,22,0,1,22,39,Fear,Fear,0.0,0.045454545454545456,False,673722.696842,674513.995032,-791.2981900000013
0x4acb90e786d897ecffb614dc822eb231b4ffb9f4,2025-04-22,132.0,6,91292.99,15215.498333333335,27.387897000000002,1,1,1,5,47,Neutral,Neutral,1.0,0.2,True,673854.696842,674513.995032,-659.2981900000013
0x4acb90e786d897ecffb614dc822eb231b4ffb9f4,2025-04-23,2875.230157,121,811877.66,6709.732727272728,122.91815,66,30,66,55,72,Greed,Greed,0.45454545454545453,1.2,True,676729.926999,676729.926999,0.0
0x4acb90e786d897ecffb614dc822eb231b4ffb9f4,2025-04-24,459.24741,23,101376.46,4407.6721739130435,7.062931,22,22,22,1,63,Greed,Greed,1.0,22.0,True,677189.174409,677189.174409,0.0
0x4acb90e786d897ecffb614dc822eb231b4ffb9f4,2025-04-25,0.0,3,189428.0,63142.666666666664,9.471399,0,0,0,3,60,Greed,Greed,,0.0,False,677189.174409,677189.174409,0.0
0x4acb90e786d897ecffb614dc822eb231b4ffb9f4,2025-04-26,47.876234000000004,41,282780.0,6897.073170731707,14.13899,41,41,41,0,65,Greed,Greed,1.0,,True,677237.050643,677237.050643,0.0
0x4acb90e786d897ecffb614dc822eb231b4ffb9f4,2025-04-30,510.0,5,376290.0,75258.0,84.601498,4,4,4,1,56,Greed,Greed,1.0,4.0,True,677747.050643,677747.050643,0.0
0x4f93fead39b70a1824f981a54d4e55b278e9f760,2024-03-13,0.0,7,6000.799999999999,857.2571428571428,2.100278,0,0,7,0,81,Extreme Greed,Greed,,,False,0.0,0.0,0.0
0x4f93fead39b70a1824f981a54d4e55b278e9f760,2024-03-14,65.480454,1,6066.28,6066.28,2.123198,1,1,0,1,88,Extreme Greed,Greed,1.0,0.0,True,65.480454,65.480454,0.0
0x4f93fead39b70a1824f981a54d4e55b278e9f760,2024-03-15,338.42832,8,26339.81,3292.47625,9.218929,1,1,7,1,83,Extreme Greed,Greed,1.0,7.0,True,403.908774,403.908774,0.0
0x4f93fead39b70a1824f981a54d4e55b278e9f760,2024-03-16,228.57984,6,27223.66,4537.276666666667,9.528281,1,1,5,1,81,Extreme Greed,Greed,1.0,5.0,True,632.488614,632.488614,0.0
0x4f93fead39b70a1824f981a54d4e55b278e9f760,2024-03-17,429.683075,14,87063.35,6218.810714285714,30.472167,4,4,10,4,79,Extreme Greed,Greed,1.0,2.5,True,1062.171689,1062.171689,0.0
0x4f93fead39b70a1824f981a54d4e55b278e9f760,2024-03-18,0.0,12,34001.9,2833.491666666667,11.900658,0,0,12,0,77,Extreme Greed,Greed,,,False,1062.171689,1062.171689,0.0
0x4f93fead39b70a1824f981a54d4e55b278e9f760,2024-03-19,0.0,4,9067.51,2266.8775,3.173628,0,0,4,0,79,Extreme Greed,Greed,,,False,1062.171689,1062.171689,0.0
0x4f93fead39b70a1824f981a54d4e55b278e9f760,2024-03-21,0.0,1,9744.18,9744.18,3.410463,0,0,1,0,78,Extreme Greed,Greed,,,False,1062.171689,1062.171689,0.0
0x4f93fead39b70a1824f981a54d4e55b278e9f760,2024-03-25,1302.916428,7,57116.32,8159.4742857142855,19.990712,6,6,0,7,75,Extreme Greed,Greed,1.0,0.0,True,2365.0881170000002,2365.0881170000002,0.0
0x4f93fead39b70a1824f981a54d4e55b278e9f760,2024-03-26,20.599193,7,23986.34,3426.62,8.395214,1,1,6,1,81,Extreme Greed,Greed,1.0,6.0,True,2385.68731,2385.68731,0.0
0x4f93fead39b70a1824f981a54d4e55b278e9f760,2024-03-27,189.192,27,87066.1,3224.6703703703706,30.473126,12,12,12,15,83,Extreme Greed,Greed,1.0,0.8,True,2574.8793100000003,2574.8793100000003,0.0
0x4f93fead39b70a1824f981a54d4e55b278e9f760,2024-03-28,0.0,3,20013.89,6671.296666666666,7.00486,0,0,3,0,80,Extreme Greed,Greed,,,False,2574.8793100000003,2574.8793100000003,0.0
0x4f93fead39b70a1824f981a54d4e55b278e9f760,2024-03-29,883.097404,15,86914.37,5794.291333333333,30.420029999999997,6,6,9,6,79,Extreme Greed,Greed,1.0,1.5,True,3457.976714,3457.976714,0.0
0x4f93fead39b70a1824f981a54d4e55b278e9f760,2024-03-31,912.786145,13,39912.96,3070.2276923076925,13.969522000000001,10,10,0,13,75,Extreme Greed,Greed,1.0,0.0,True,4370.762859,4370.762859,0.0
0x4f93fead39b70a1824f981a54d4e55b278e9f760,2024-04-01,0.840939,29,134989.44,4654.808275862069,47.246296,2,2,25,4,79,Extreme Greed,Greed,1.0,6.25,True,4371.603798,4371.603798,0.0
0x4f93fead39b70a1824f981a54d4e55b278e9f760,2024-04-02,883.760812,37,224664.62,6072.016756756757,78.632589,12,12,6,31,79,Extreme Greed,Greed,1.0,0.1935483870967742,True,5255.3646100000005,5255.3646100000005,0.0
0x4f93fead39b70a1824f981a54d4e55b278e9f760,2024-04-04,0.0,32,95987.73,2999.6165625,33.595684999999996,0,0,0,32,70,Greed,Greed,,0.0,False,5255.3646100000005,5255.3646100000005,0.0
0x4f93fead39b70a1824f981a54d4e55b278e9f760,2024-04-05,4444.4983010000005,10,172531.56999999998,17253.157,60.38604000000001,7,7,10,0,79,Extreme Greed,Greed,1.0,,True,9699.862911,9699.862911,0.0
0x4f93fead39b70a1824f981a54d4e55b278e9f760,2024-04-06,236.33513399999998,16,68223.67,4263.979375,23.878277,4,4,0,16,75,Extreme Greed,Greed,1.0,0.0,True,9936.198045000001,9936.198045000001,0.0
0x4f93fead39b70a1824f981a54d4e55b278e9f760,2024-04-07,0.0,23,49988.14,2173.397391304348,17.495845,0,0,0,23,78,Extreme Greed,Greed,,0.0,False,9936.198045000001,9936.198045000001,0.0
0x4f93fead39b70a1824f981a54d4e55b278e9f760,2024-04-08,0.0,28,163166.37,5827.370357142857,57.10822,0,0,0,28,76,Extreme Greed,Greed,,0.0,False,9936.198045000001,9936.198045000001,0.0
0x4f93fead39b70a1824f981a54d4e55b278e9f760,2024-04-09,0.0,3,57063.840000000004,19021.280000000002,19.972341,0,0,0,3,80,Extreme Greed,Greed,,0.0,False,9936.198045000001,9936.198045000001,0.0
0x4f93fead39b70a1824f981a54d4e55b278e9f760,2024-04-10,5207.443414,41,351735.97,8578.926097560974,123.107562,36,36,40,1,78,Extreme Greed,Greed,1.0,40.0,True,15143.641459,15143.641459,0.0
0x4f93fead39b70a1824f981a54d4e55b278e9f760,2024-04-11,389.743164,16,76400.96,4775.06,26.740329,2,2,14,2,76,Extreme Greed,Greed,1.0,7.0,True,15533.384623,15533.384623,0.0
0x4f93fead39b70a1824f981a54d4e55b278e9f760,2024-04-12,0.0,21,149909.08000000002,7138.52761904762,52.468165,0,0,21,0,79,Extreme Greed,Greed,,,False,15533.384623,15533.384623,0.0
0x4f93fead39b70a1824f981a54d4e55b278e9f760,2024-04-13,0.0,18,156188.7,8677.150000000001,54.666038,0,0,18,0,72,Greed,Greed,,,False,15533.384623,15533.384623,0.0
0x4f93fead39b70a1824f981a54d4e55b278e9f760,2024-04-14,-36565.98544,64,588765.94,9199.4678125,206.068057,41,3,23,41,72,Greed,Greed,0.07317073170731707,0.5609756097560976,False,-21032.600817,15533.384623,-36565.98544
0x4f93fead39b70a1824f981a54d4e55b278e9f760,2024-04-15,0.0,3,50013.950000000004,16671.31666666667,17.504880999999997,0,0,3,0,74,Greed,Greed,,,False,-21032.600817,15533.384623,-36565.98544
0x4f93fead39b70a1824f981a54d4e55b278e9f760,2024-04-19,1946.4454620000001,35,337257.92000000004,9635.940571428573,118.04025999999999,27,27,5,30,66,Greed,Greed,1.0,0.16666666666666666,True,-19086.155355,15533.384623,-34619.539978
0x4f93fead39b70a1824f981a54d4e55b278e9f760,2024-04-20,0.0,2,11999.59,5999.795,4.199857,0,0,0,2,66,Greed,Greed,,0.0,False,-19086.155355,15533.384623,-34619.539978
0x4f93fead39b70a1824f981a54d4e55b278e9f760,2024-04-22,0.0,9,47993.61,5332.623333333333,16.797764,0,0,0,9,73,Greed,Greed,,0.0,False,-19086.155355,15533.384623,-34619.539978
0x4f93fead39b70a1824f981a54d4e55b278e9f760,2024-04-23,759.2148159999999,54,192658.47,3567.7494444444446,67.430431,31,31,35,19,71,Greed,Greed,1.0,1.8421052631578947,True,-18326.940539,15533.384623,-33860.325162
0x4f93fead39b70a1824f981a54d4e55b278e9f760,2024-04-24,279.185907,20,141275.24,7063.762,49.446315999999996,7,6,13,7,72,Greed,Greed,0.8571428571428571,1.8571428571428572,True,-18047.754632,15533.384623,-33581.139255
0x4f93fead39b70a1824f981a54d4e55b278e9f760,2024-04-25,0.0,6,68979.14,11496.523333333333,24.142691999999997,0,0,6,0,72,Greed,Greed,,,False,-18047.754632,15533.384623,-33581.139255
0x4f93fead39b70a1824f981a54d4e55b278e9f760,2024-04-27,4281.488139,27,154264.47,5713.498888888889,53.99255,19,19,0,27,67,Greed,Greed,1.0,0.0,True,-13766.266493,15533.384623,-29299.651116
0x4f93fead39b70a1824f981a54d4e55b278e9f760,2024-04-28,0.0,8,26999.41,3374.92625,9.449794,0,0,0,8,65,Greed,Greed,,0.0,False,-13766.266493,15533.384623,-29299.651116
0x4f93fead39b70a1824f981a54d4e55b278e9f760,2024-04-29,526.9338359999999,31,104475.19,3370.167419354839,36.566300999999996,17,17,24,7,67,Greed,Greed,1.0,3.4285714285714284,True,-13239.332656999999,15533.384623,-28772.717279999997
0x4f93fead39b70a1824f981a54d4e55b278e9f760,2024-04-30,0.0,24,125018.75,5209.114583333333,43.75655,0,0,24,0,67,Greed,Greed,,,False,-13239.332656999999,15533.384623,-28772.717279999997
0x4f93fead39b70a1824f981a54d4e55b278e9f760,2024-05-01,0.0,14,87025.45,6216.103571428571,30.458908,0,0,14,0,54,Neutral,Neutral,,,False,-13239.332656999999,15533.384623,-28772.717279999997
0x4f93fead39b70a1824f981a54d4e55b278e9f760,2024-05-03,5319.861625,23,277373.29,12059.708260869564,97.080639,16,16,0,23,48,Neutral,Neutral,1.0,0.0,True,-7919.471031999999,15533.384623,-23452.855655
0x4f93fead39b70a1824f981a54d4e55b278e9f760,2024-05-04,0.0,6,53999.340000000004,8999.890000000001,18.899767,0,0,0,6,67,Greed,Greed,,0.0,False,-7919.471031999999,15533.384623,-23452.855655
0x4f93fead39b70a1824f981a54d4e55b278e9f760,2024-05-05,0.0,4,23986.050000000003,5996.512500000001,8.395113,0,0,0,4,69,Greed,Greed,,0.0,False,-7919.471031999999,15533.384623,-23452.855655
0x4f93fead39b70a1824f981a54d4e55b278e9f760,2024-05-06,968.59038,9,206016.43,22890.714444444442,72.105746,4,4,8,1,71,Greed,Greed,1.0,8.0,True,-6950.880651999999,15533.384623,-22484.265274999998
0x4f93fead39b70a1824f981a54d4e55b278e9f760,2024-05-07,656.21704,10,98901.26000000001,9890.126,34.615441,7,7,4,6,68,Greed,Greed,1.0,0.6666666666666666,True,-6294.6636119999985,15533.384623,-21828.048235
0x4f93fead39b70a1824f981a54d4e55b278e9f760,2024-05-08,0.0,10,65834.19,6583.419,23.04196,0,0,10,0,64,Greed,Greed,,,False,-6294.6636119999985,15533.384623,-21828.048235
0x4f93fead39b70a1824f981a54d4e55b278e9f760,2024-05-09,1147.595856,25,216990.58,8679.6232,75.946694,11,11,9,16,55,Greed,Greed,1.0,0.5625,True,-5147.067755999999,15533.384623,-20680.452379
0x4f93fead39b70a1824f981a54d4e55b278e9f760,2024-05-10,2101.741695,22,156882.0,7131.0,54.90869,6,6,16,6,66,Greed,Greed,1.0,2.6666666666666665,True,-3045.3260609999984,15533.384623,-18578.710683999998
0x4f93fead39b70a1824f981a54d4e55b278e9f760,2024-05-11,251.604742,9,63248.95,7027.661111111111,22.137125,9,9,0,9,53,Neutral,Neutral,1.0,0.0,True,-2793.7213189999984,15533.384623,-18327.105942
0x4f93fead39b70a1824f981a54d4e55b278e9f760,2024-05-12,0.0,10,45004.64,4500.464,15.751622000000001,0,0,10,0,56,Greed,Greed,,,False,-2793.7213189999984,15533.384623,-18327.105942
0x4f93fead39b70a1824f981a54d4e55b278e9f760,2024-05-13,2136.853859,25,188144.09,7525.7636,65.850416,10,10,5,20,57,Greed,Greed,1.0,0.25,True,-656.8674599999986,15533.384623,-16190.252083
0x4f93fead39b70a1824f981a54d4e55b278e9f760,2024-05-14,1150.5233050000002,23,145853.4,6341.452173913043,51.048685,4,4,23,0,66,Greed,Greed,1.0,,True,493.6558450000016,15533.384623,-15039.728777999999
0x4f93fead39b70a1824f981a54d4e55b278e9f760,2024-05-15,948.970582,36,234922.57,6525.626944444444,82.222887,17,17,11,25,64,Greed,Greed,1.0,0.44,True,1442.6264270000015,15533.384623,-14090.758195999999
0x4f93fead39b70a1824f981a54d4e55b278e9f760,2024-05-16,214.5898,24,158780.89,6615.870416666668,55.573295,5,5,14,10,70,Greed,Greed,1.0,1.4,True,1657.2162270000017,15533.384623,-13876.168395999997
0x4f93fead39b70a1824f981a54d4e55b278e9f760,2024-05-18,3522.3946610000003,25,126303.14,5052.1256,44.206092,16,16,7,18,73,Greed,Greed,1.0,0.3888888888888889,True,5179.610888000002,15533.384623,-10353.773734999999
0x4f93fead39b70a1824f981a54d4e55b278e9f760,2024-05-19,0.0,8,29998.09,3749.76125,10.499327000000001,0,0,8,0,72,Greed,Greed,,,False,5179.610888000002,15533.384623,-10353.773734999999
0x4f93fead39b70a1824f981a54d4e55b278e9f760,2024-05-20,0.0,7,33003.4,4714.771428571429,11.55119,0,0,7,0,70,Greed,Greed,,,False,5179.610888000002,15533.384623,-10353.773734999999
0x4f93fead39b70a1824f981a54d4e55b278e9f760,2024-05-21,6017.309216,53,482127.94,9096.75358490566,168.74476099999998,7,7,11,42,76,Extreme Greed,Greed,1.0,0.2619047619047619,True,11196.920104,15533.384623,-4336.464518999999
0x4f93fead39b70a1824f981a54d4e55b278e9f760,2024-05-22,0.0,6,44995.29,7499.215,15.748349000000001,0,0,0,6,76,Extreme Greed,Greed,,0.0,False,11196.920104,15533.384623,-4336.464518999999
0x4f93fead39b70a1824f981a54d4e55b278e9f760,2024-06-07,7329.223137999999,52,785972.7,15114.859615384614,275.090432,30,30,39,13,77,Extreme Greed,Greed,1.0,3.0,True,18526.143242000002,18526.143242000002,0.0
0x4f93fead39b70a1824f981a54d4e55b278e9f760,2024-06-08,0.0,7,45002.65,6428.95,15.750927,0,0,7,0,72,Greed,Greed,,,False,18526.143242000002,18526.143242000002,0.0
0x4f93fead39b70a1824f981a54d4e55b278e9f760,2024-06-09,0.0,5,20999.96,4199.992,7.349985,0,0,5,0,75,Extreme Greed,Greed,,,False,18526.143242000002,18526.143242000002,0.0
0x4f93fead39b70a1824f981a54d4e55b278e9f760,2024-06-10,0.0,4,24000.3,6000.075,8.400105,0,0,4,0,72,Greed,Greed,,,False,18526.143242000002,18526.143242000002,0.0
0x4f93fead39b70a1824f981a54d4e55b278e9f760,2024-06-11,0.0,21,276003.46,13143.021904761907,96.60119399999999,0,0,21,0,74,Greed,Greed,,,False,18526.143242000002,18526.143242000002,0.0
0x4f93fead39b70a1824f981a54d4e55b278e9f760,2024-06-14,0.0,16,97988.96,6124.31,34.296119,0,0,16,0,74,Greed,Greed,,,False,18526.143242000002,18526.143242000002,0.0
0x4f93fead39b70a1824f981a54d4e55b278e9f760,2024-06-15,2084.433906,38,592097.63,15581.516578947369,207.234159,29,29,9,29,74,Greed,Greed,1.0,0.3103448275862069,True,20610.577148,20610.577148,0.0
0x4f93fead39b70a1824f981a54d4e55b278e9f760,2024-06-17,1268.7590360000002,14,252491.58,18035.112857142856,88.37205,5,4,8,6,71,Greed,Greed,0.8,1.3333333333333333,True,21879.336184,21879.336184,0.0
0x4f93fead39b70a1824f981a54d4e55b278e9f760,2024-06-18,0.0,7,62998.22,8999.745714285715,22.049377,0,0,7,0,74,Greed,Greed,,,False,21879.336184,21879.336184,0.0
0x4f93fead39b70a1824f981a54d4e55b278e9f760,2024-06-19,2053.973644,17,190061.52,11180.089411764706,66.52153,17,17,0,17,64,Greed,Greed,1.0,0.0,True,23933.309828,23933.309828,0.0
0x4f93fead39b70a1824f981a54d4e55b278e9f760,2024-06-20,0.0,4,29997.36,7499.34,10.499073,0,0,0,4,60,Greed,Greed,,0.0,False,23933.309828,23933.309828,0.0
0x4f93fead39b70a1824f981a54d4e55b278e9f760,2024-06-21,773.5582039999999,11,74216.28,6746.9345454545455,25.975694999999998,3,3,11,0,63,Greed,Greed,1.0,,True,24706.868032000002,24706.868032000002,0.0
0x4f93fead39b70a1824f981a54d4e55b278e9f760,2024-06-22,0.0,3,18000.21,6000.07,6.300072,0,0,3,0,53,Neutral,Neutral,,,False,24706.868032000002,24706.868032000002,0.0
0x4f93fead39b70a1824f981a54d4e55b278e9f760,2024-06-24,0.0,21,252007.37,12000.350952380952,88.202567,0,0,21,0,51,Neutral,Neutral,,,False,24706.868032000002,24706.868032000002,0.0
0x4f93fead39b70a1824f981a54d4e55b278e9f760,2024-06-26,4197.732182,31,364194.84,11748.220645161291,127.46818,21,21,0,31,46,Neutral,Neutral,1.0,0.0,True,28904.600214000002,28904.600214000002,0.0
0x4f93fead39b70a1824f981a54d4e55b278e9f760,2024-06-27,0.0,12,119990.08,9999.173333333334,41.996528,0,0,0,12,40,Fear,Fear,,0.0,False,28904.600214000002,28904.600214000002,0.0
0x4f93fead39b70a1824f981a54d4e55b278e9f760,2024-06-29,1842.738325,17,223530.97,13148.880588235294,78.235829,13,13,16,1,30,Fear,Fear,1.0,16.0,True,30747.338539,30747.338539,0.0
0x4f93fead39b70a1824f981a54d4e55b278e9f760,2024-06-30,0.0,3,29999.27,9999.756666666666,10.499745,0,0,3,0,47,Neutral,Neutral,,,False,30747.338539,30747.338539,0.0
0x4f93fead39b70a1824f981a54d4e55b278e9f760,2024-07-01,1202.488212,13,97200.55,7476.965384615385,34.02019,9,9,2,11,53,Neutral,Neutral,1.0,0.18181818181818182,True,31949.826751,31949.826751,0.0
0x4f93fead39b70a1824f981a54d4e55b278e9f760,2024-07-03,1118.387284,10,103880.08,10388.008,36.358022,4,4,10,0,50,Neutral,Neutral,1.0,,True,33068.214035,33068.214035,0.0
0x4f93fead39b70a1824f981a54d4e55b278e9f760,2024-07-04,0.0,14,255022.22,18215.87285714286,89.257767,0,0,14,0,44,Fear,Fear,,,False,33068.214035,33068.214035,0.0
0x4f93fead39b70a1824f981a54d4e55b278e9f760,2024-07-05,0.0,20,270298.74,13514.937,94.604547,0,0,20,0,29,Fear,Fear,,,False,33068.214035,33068.214035,0.0
0x4f93fead39b70a1824f981a54d4e55b278e9f760,2024-07-10,11595.627026,43,671917.11,15625.97930232558,235.170963,33,33,10,33,28,Fear,Fear,1.0,0.30303030303030304,True,44663.841061,44663.841061,0.0
0x4f93fead39b70a1824f981a54d4e55b278e9f760,2024-07-11,1876.812082,19,169887.02,8941.422105263156,59.460443,9,9,10,9,29,Fear,Fear,1.0,1.1111111111111112,True,46540.653143,46540.653143,0.0
0x4f93fead39b70a1824f981a54d4e55b278e9f760,2024-07-12,0.0,10,76006.65,7600.664999999999,26.602324,0,0,10,0,25,Fear,Fear,,,False,46540.653143,46540.653143,0.0
0x4f93fead39b70a1824f981a54d4e55b278e9f760,2024-07-13,2678.839374,13,138690.01,10668.462307692309,48.541495,13,13,0,13,25,Fear,Fear,1.0,0.0,True,49219.492517,49219.492517,0.0
0x4f93fead39b70a1824f981a54d4e55b278e9f760,2024-07-14,0.0,7,84001.13,12000.16142857143,29.400389,0,0,0,7,33,Fear,Fear,,0.0,False,49219.492517,49219.492517,0.0
0x4f93fead39b70a1824f981a54d4e55b278e9f760,2024-07-15,0.0,21,167993.85,7999.7071428571435,58.797837,0,0,0,21,52,Neutral,Neutral,,0.0,False,49219.492517,49219.492517,0.0
0x4f93fead39b70a1824f981a54d4e55b278e9f760,2024-07-16,0.0,22,144000.57,6545.480454545454,50.400180999999996,0,0,0,22,65,Greed,Greed,,0.0,False,49219.492517,49219.492517,0.0
0x4f93fead39b70a1824f981a54d4e55b278e9f760,2024-07-17,0.0,9,164934.32,18326.035555555558,57.727006,0,0,0,9,69,Greed,Greed,,0.0,False,49219.492517,49219.492517,0.0
0x4f93fead39b70a1824f981a54d4e55b278e9f760,2024-07-18,2569.979964,53,642356.11,12119.926603773585,224.82460700000001,41,41,53,0,61,Greed,Greed,1.0,,True,51789.472481000004,51789.472481000004,0.0
0x4f93fead39b70a1824f981a54d4e55b278e9f760,2024-07-19,2120.091364,16,146122.7,9132.66875,51.142944,11,11,0,16,60,Greed,Greed,1.0,0.0,True,53909.563845000004,53909.563845000004,0.0
0x4f93fead39b70a1824f981a54d4e55b278e9f760,2024-07-20,129.66130099999998,9,99879.67,11097.74111111111,34.957881,4,4,9,0,74,Greed,Greed,1.0,,True,54039.225146000004,54039.225146000004,0.0
0x4f93fead39b70a1824f981a54d4e55b278e9f760,2024-07-21,0.0,3,43995.18,14665.06,15.398312,0,0,3,0,74,Greed,Greed,,,False,54039.225146000004,54039.225146000004,0.0
0x4f93fead39b70a1824f981a54d4e55b278e9f760,2024-07-22,2273.29301,21,225308.37,10728.97,78.8579,13,13,10,11,70,Greed,Greed,1.0,0.9090909090909091,True,56312.518156,56312.518156,0.0
0x4f93fead39b70a1824f981a54d4e55b278e9f760,2024-07-23,0.0,2,23994.47,11997.235,8.398064,0,0,2,0,71,Greed,Greed,,,False,56312.518156,56312.518156,0.0
0x4f93fead39b70a1824f981a54d4e55b278e9f760,2024-07-24,0.0,21,28011.55,1333.8833333333332,9.803735000000001,0,0,3,18,69,Greed,Greed,,0.16666666666666666,False,56312.518156,56312.518156,0.0
0x4f93fead39b70a1824f981a54d4e55b278e9f760,2024-07-25,0.0,65,519380.44,7990.4683076923075,181.783127,0,0,65,0,68,Greed,Greed,,,False,56312.518156,56312.518156,0.0
0x4f93fead39b70a1824f981a54d4e55b278e9f760,2024-07-26,0.0,10,150009.65,15000.965,52.503374,0,0,10,0,68,Greed,Greed,,,False,56312.518156,56312.518156,0.0
0x4f93fead39b70a1824f981a54d4e55b278e9f760,2024-07-27,6400.623656,52,900756.99,17322.249807692308,315.264931,42,42,9,43,72,Greed,Greed,1.0,0.20930232558139536,True,62713.141812,62713.141812,0.0
0x4f93fead39b70a1824f981a54d4e55b278e9f760,2024-07-28,0.0,3,31999.690000000002,10666.563333333334,11.199886000000001,0,0,3,0,71,Greed,Greed,,,False,62713.141812,62713.141812,0.0
0x4f93fead39b70a1824f981a54d4e55b278e9f760,2024-07-30,0.0,6,36006.47,6001.078333333334,12.602264,0,0,6,0,67,Greed,Greed,,,False,62713.141812,62713.141812,0.0
0x4f93fead39b70a1824f981a54d4e55b278e9f760,2024-07-31,0.0,3,40005.14,13335.046666666667,14.001799000000002,0,0,3,0,61,Greed,Greed,,,False,62713.141812,62713.141812,0.0
0x4f93fead39b70a1824f981a54d4e55b278e9f760,2024-08-01,0.0,13,143995.01,11076.539230769231,50.398244999999996,0,0,13,0,52,Neutral,Neutral,,,False,62713.141812,62713.141812,0.0
0x4f93fead39b70a1824f981a54d4e55b278e9f760,2024-08-02,0.0,36,295967.16,8221.31,103.58846199999999,0,0,35,1,57,Greed,Greed,,35.0,False,62713.141812,62713.141812,0.0
0x4f93fead39b70a1824f981a54d4e55b278e9f760,2024-08-03,0.0,13,112478.98999999999,8652.23,39.367641,0,0,13,0,37,Fear,Fear,,,False,62713.141812,62713.141812,0.0
0x4f93fead39b70a1824f981a54d4e55b278e9f760,2024-08-04,-108604.496278,72,901551.09,12521.542916666665,315.542853,60,0,12,60,34,Fear,Fear,0.0,0.2,False,-45891.354466000004,62713.141812,-108604.496278
0x4f93fead39b70a1824f981a54d4e55b278e9f760,2024-08-05,-4779.219012,17,213738.16,12572.832941176472,74.808346,2,0,15,2,26,Fear,Fear,0.0,7.5,False,-50670.573478000006,62713.141812,-113383.71529000001
0x4f93fead39b70a1824f981a54d4e55b278e9f760,2024-08-09,11147.900554,12,132038.0,11003.166666666666,46.213288,9,9,3,9,48,Neutral,Neutral,1.0,0.3333333333333333,True,-39522.672924000006,62713.141812,-102235.814736
0x4f93fead39b70a1824f981a54d4e55b278e9f760,2024-08-11,847.7766200000001,8,40839.850000000006,5104.981250000001,14.293947,4,4,0,8,39,Fear,Fear,1.0,0.0,True,-38674.896304,62713.141812,-101388.03811600001
0x4f93fead39b70a1824f981a54d4e55b278e9f760,2024-08-12,858.6705000000001,16,44140.4,2758.775,15.449134,6,6,16,0,25,Fear,Fear,1.0,,True,-37816.225804,62713.141812,-100529.367616
0x4f93fead39b70a1824f981a54d4e55b278e9f760,2024-08-13,0.0,5,12500.1,2500.02,4.375033999999999,0,0,4,1,31,Fear,Fear,,4.0,False,-37816.225804,62713.141812,-100529.367616
0x4f93fead39b70a1824f981a54d4e55b278e9f760,2024-08-14,2168.9015130000003,9,64666.34,7185.148888888889,22.633216,5,5,4,5,30,Fear,Fear,1.0,0.8,True,-35647.324291000004,62713.141812,-98360.46610300001
0x4f93fead39b70a1824f981a54d4e55b278e9f760,2024-08-16,0.0,2,12500.130000000001,6250.0650000000005,4.3750469999999995,0,0,2,0,27,Fear,Fear,,,False,-35647.324291000004,62713.141812,-98360.46610300001
0x4f93fead39b70a1824f981a54d4e55b278e9f760,2024-08-18,307.201888,14,62804.47,4486.033571428571,21.981557000000002,12,12,0,14,31,Fear,Fear,1.0,0.0,True,-35340.122403,62713.141812,-98053.264215
0x4f93fead39b70a1824f981a54d4e55b278e9f760,2024-08-20,192.602844,8,42417.87,5302.23375,14.846248,1,1,5,3,30,Fear,Fear,1.0,1.6666666666666667,True,-35147.519559,62713.141812,-97860.661371
0x4f93fead39b70a1824f981a54d4e55b278e9f760,2024-08-23,1005.30527,10,63509.56,6350.956,22.228341999999998,3,3,0,10,34,Fear,Fear,1.0,0.0,True,-34142.214289,62713.141812,-96855.35610100001
0x4f93fead39b70a1824f981a54d4e55b278e9f760,2024-08-24,0.0,2,15000.07,7500.035,5.250025,0,0,0,2,56,Greed,Greed,,0.0,False,-34142.214289,62713.141812,-96855.35610100001
0x4f93fead39b70a1824f981a54d4e55b278e9f760,2024-08-25,0.0,4,14996.33,3749.0825,5.248717,0,0,0,4,54,Neutral,Neutral,,0.0,False,-34142.214289,62713.141812,-96855.35610100001
0x4f93fead39b70a1824f981a54d4e55b278e9f760,2024-08-26,231.236918,5,92263.52,18452.704,32.292232,2,2,5,0,55,Greed,Greed,1.0,,True,-33910.977371,62713.141812,-96624.119183
0x4f93fead39b70a1824f981a54d4e55b278e9f760,2024-08-27,0.0,7,65005.19,9286.455714285714,22.751812,0,0,7,0,48,Neutral,Neutral,,,False,-33910.977371,62713.141812,-96624.119183
0x4f93fead39b70a1824f981a54d4e55b278e9f760,2024-08-28,0.0,7,47494.56,6784.937142857142,16.623098,0,0,7,0,30,Fear,Fear,,,False,-33910.977371,62713.141812,-96624.119183
0x4f93fead39b70a1824f981a54d4e55b278e9f760,2024-08-30,0.0,3,27492.550000000003,9164.183333333334,9.622392,0,0,3,0,34,Fear,Fear,,,False,-33910.977371,62713.141812,-96624.119183
0x4f93fead39b70a1824f981a54d4e55b278e9f760,2024-09-02,0.0,2,30000.42,15000.21,10.500148,0,0,2,0,26,Fear,Fear,,,False,-33910.977371,62713.141812,-96624.119183
0x4f93fead39b70a1824f981a54d4e55b278e9f760,2024-09-04,0.0,1,35004.98,35004.98,12.251742,0,0,1,0,27,Fear,Fear,,,False,-33910.977371,62713.141812,-96624.119183
0x4f93fead39b70a1824f981a54d4e55b278e9f760,2024-09-06,0.0,4,34990.67,8747.6675,12.246734,0,0,4,0,22,Extreme Fear,Fear,,,False,-33910.977371,62713.141812,-96624.119183
0x4f93fead39b70a1824f981a54d4e55b278e9f760,2024-09-20,9585.03428,12,304571.61,25380.9675,106.600063,9,8,3,9,54,Neutral,Neutral,0.8888888888888888,0.3333333333333333,True,-24325.943091000005,62713.141812,-87039.08490300001
0x4f93fead39b70a1824f981a54d4e55b278e9f760,2024-09-22,0.0,3,19999.739999999998,6666.579999999999,6.999907,0,0,3,0,52,Neutral,Neutral,,,False,-24325.943091000005,62713.141812,-87039.08490300001
0x4f93fead39b70a1824f981a54d4e55b278e9f760,2024-09-23,334.760796,2,40334.29,20167.145,14.117002000000001,1,1,1,1,50,Neutral,Neutral,1.0,1.0,True,-23991.182295000006,62713.141812,-86704.32410700001
0x4f93fead39b70a1824f981a54d4e55b278e9f760,2024-09-25,0.0,6,50001.11,8333.518333333333,17.500387999999997,0,0,6,0,59,Greed,Greed,,,False,-23991.182295000006,62713.141812,-86704.32410700001
0x4f93fead39b70a1824f981a54d4e55b278e9f760,2024-09-26,439.812513,3,80440.42,26813.47333333333,28.154144,2,2,0,3,50,Neutral,Neutral,1.0,0.0,True,-23551.369782000005,62713.141812,-86264.51159400001
0x4f93fead39b70a1824f981a54d4e55b278e9f760,2024-09-27,0.0,10,99992.31999999999,9999.232,34.997307,0,0,0,10,61,Greed,Greed,,0.0,False,-23551.369782000005,62713.141812,-86264.51159400001
0x4f93fead39b70a1824f981a54d4e55b278e9f760,2024-09-30,2710.626288,10,177280.9,17728.09,62.048308,5,5,10,0,61,Greed,Greed,1.0,,True,-20840.743494000006,62713.141812,-83553.88530600001
0x4f93fead39b70a1824f981a54d4e55b278e9f760,2024-10-01,0.0,4,139954.32,34988.58,48.98401,0,0,4,0,50,Neutral,Neutral,,,False,-20840.743494000006,62713.141812,-83553.88530600001
0x4f93fead39b70a1824f981a54d4e55b278e9f760,2024-10-02,0.0,4,99954.34,24988.585,34.984016999999994,0,0,4,0,42,Fear,Fear,,,False,-20840.743494000006,62713.141812,-83553.88530600001
0x4f93fead39b70a1824f981a54d4e55b278e9f760,2024-10-03,0.0,4,120009.0,30002.25,42.003151,0,0,4,0,37,Fear,Fear,,,False,-20840.743494000006,62713.141812,-83553.88530600001
0x4f93fead39b70a1824f981a54d4e55b278e9f760,2024-10-05,5767.161892,36,605605.13,16822.36472222222,211.961771,24,24,9,27,49,Neutral,Neutral,1.0,0.3333333333333333,True,-15073.581602000006,62713.141812,-77786.72341400001
0x4f93fead39b70a1824f981a54d4e55b278e9f760,2024-10-06,130.487079,22,300130.56,13642.298181818182,105.045693,5,5,6,16,50,Neutral,Neutral,1.0,0.375,True,-14943.094523000005,62713.141812,-77656.23633500001
0x4f93fead39b70a1824f981a54d4e55b278e9f760,2024-10-07,0.0,21,219984.65,10475.459523809524,76.994616,0,0,0,21,50,Neutral,Neutral,,0.0,False,-14943.094523000005,62713.141812,-77656.23633500001
0x4f93fead39b70a1824f981a54d4e55b278e9f760,2024-10-08,5396.546638,35,434583.55,12416.672857142858,152.10422,33,33,34,1,49,Neutral,Neutral,1.0,34.0,True,-9546.547885000005,62713.141812,-72259.68969700001
0x4f93fead39b70a1824f981a54d4e55b278e9f760,2024-10-09,396.06272,14,220399.93,15742.852142857142,77.139967,3,3,11,3,49,Neutral,Neutral,1.0,3.6666666666666665,True,-9150.485165000006,62713.141812,-71863.626977
0x4f93fead39b70a1824f981a54d4e55b278e9f760,2024-10-10,0.0,16,300024.33999999997,18751.521249999998,105.00851,0,0,16,0,39,Fear,Fear,,,False,-9150.485165000006,62713.141812,-71863.626977
0x4f93fead39b70a1824f981a54d4e55b278e9f760,2024-10-11,8885.327477,25,488903.45999999996,19556.1384,171.116194,18,18,0,25,32,Fear,Fear,1.0,0.0,True,-265.1576880000048,62713.141812,-62978.29950000001
0x4f93fead39b70a1824f981a54d4e55b278e9f760,2024-10-12,541.55471,10,159713.4,15971.34,55.899685,7,7,7,3,49,Neutral,Neutral,1.0,2.3333333333333335,True,276.3970219999952,62713.141812,-62436.744790000004
0x4f93fead39b70a1824f981a54d4e55b278e9f760,2024-10-13,0.0,10,60002.42,6000.242,21.000841,0,0,10,0,50,Neutral,Neutral,,,False,276.3970219999952,62713.141812,-62436.744790000004
0x4f93fead39b70a1824f981a54d4e55b278e9f760,2024-10-14,1913.61958,5,61916.020000000004,12383.204000000002,21.670604,5,5,0,5,48,Neutral,Neutral,1.0,0.0,True,2190.016601999995,62713.141812,-60523.125210000006
0x4f93fead39b70a1824f981a54d4e55b278e9f760,2024-10-15,1170.2260760000001,7,81173.36,11596.194285714286,28.410673,4,4,3,4,65,Greed,Greed,1.0,0.75,True,3360.242677999995,62713.141812,-59352.89913400001
0x4f93fead39b70a1824f981a54d4e55b278e9f760,2024-10-16,219.480876,11,80229.17,7293.560909090909,28.080204000000002,3,3,8,3,73,Greed,Greed,1.0,2.6666666666666665,True,3579.723553999995,62713.141812,-59133.418258000005
0x4f93fead39b70a1824f981a54d4e55b278e9f760,2024-10-17,36.11496,8,140032.03,17504.00375,49.011206,2,1,6,2,71,Greed,Greed,0.5,3.0,True,3615.8385139999955,62713.141812,-59097.303298000006
0x4f93fead39b70a1824f981a54d4e55b278e9f760,2024-10-18,333.219141,6,120331.43000000001,20055.238333333335,42.115998,5,5,1,5,73,Greed,Greed,1.0,0.2,True,3949.057654999995,62713.141812,-58764.084157000005
0x4f93fead39b70a1824f981a54d4e55b278e9f760,2024-10-19,0.0,4,99996.86,24999.215,34.998901000000004,0,0,4,0,72,Greed,Greed,,,False,3949.057654999995,62713.141812,-58764.084157000005
0x4f93fead39b70a1824f981a54d4e55b278e9f760,2024-10-20,229.060526,6,120225.71,20037.618333333336,42.078993,5,5,1,5,73,Greed,Greed,1.0,0.2,True,4178.118180999995,62713.141812,-58535.023631000004
0x4f93fead39b70a1824f981a54d4e55b278e9f760,2024-10-21,0.0,11,150024.18,13638.561818181817,52.508459,0,0,11,0,72,Greed,Greed,,,False,4178.118180999995,62713.141812,-58535.023631000004
0x4f93fead39b70a1824f981a54d4e55b278e9f760,2024-10-22,0.0,3,60000.36,20000.12,21.000124,0,0,3,0,70,Greed,Greed,,,False,4178.118180999995,62713.141812,-58535.023631000004
0x4f93fead39b70a1824f981a54d4e55b278e9f760,2024-10-23,-46.489941,18,210006.07,11667.003888888888,73.502111,3,0,15,3,71,Greed,Greed,0.0,5.0,False,4131.6282399999955,62713.141812,-58581.513572
0x4f93fead39b70a1824f981a54d4e55b278e9f760,2024-10-25,4543.862071,25,404587.18,16183.4872,141.605503,16,16,9,16,72,Greed,Greed,1.0,0.5625,True,8675.490310999994,62713.141812,-54037.65150100001
0x4f93fead39b70a1824f981a54d4e55b278e9f760,2024-10-27,666.6623079999999,4,90664.41,22666.1025,31.73254,3,3,0,4,74,Greed,Greed,1.0,0.0,True,9342.152618999995,62713.141812,-53370.98919300001
0x4f93fead39b70a1824f981a54d4e55b278e9f760,2024-10-28,0.0,9,119994.32,13332.702222222222,41.998005,0,0,0,9,72,Greed,Greed,,0.0,False,9342.152618999995,62713.141812,-53370.98919300001
0x4f93fead39b70a1824f981a54d4e55b278e9f760,2024-10-29,0.0,37,602574.92,16285.80864864865,210.901209,0,0,0,37,72,Greed,Greed,,0.0,False,9342.152618999995,62713.141812,-53370.98919300001
0x4f93fead39b70a1824f981a54d4e55b278e9f760,2024-10-31,765.475192,28,853642.02,30487.215,298.77469,23,23,25,3,77,Extreme Greed,Greed,1.0,8.333333333333334,True,10107.627810999995,62713.141812,-52605.514001
0x4f93fead39b70a1824f981a54d4e55b278e9f760,2024-11-01,1040.5747959999999,9,231031.1,25670.122222222224,80.860881,2,2,7,2,75,Extreme Greed,Greed,1.0,3.5,True,11148.202606999996,62713.141812,-51564.939205
0x4f93fead39b70a1824f981a54d4e55b278e9f760,2024-11-02,0.0,2,40000.0,20000.0,13.999997,0,0,2,0,72,Greed,Greed,,,False,11148.202606999996,62713.141812,-51564.939205
0x4f93fead39b70a1824f981a54d4e55b278e9f760,2024-11-03,0.0,4,109994.34,27498.585,38.498022,0,0,4,0,74,Greed,Greed,,,False,11148.202606999996,62713.141812,-51564.939205
0x4f93fead39b70a1824f981a54d4e55b278e9f760,2024-11-04,2259.351364,26,432210.64,16623.486153846156,151.273717,13,13,13,13,70,Greed,Greed,1.0,1.0,True,13407.553970999994,62713.141812,-49305.58784100001
0x4f93fead39b70a1824f981a54d4e55b278e9f760,2024-11-05,678.4759280000001,10,200627.23,20062.723,70.219524,5,5,5,5,70,Greed,Greed,1.0,1.0,True,14086.029898999996,62713.141812,-48627.11191300001
0x4f93fead39b70a1824f981a54d4e55b278e9f760,2024-11-06,2821.24842,12,121906.38,10158.865,42.66723,7,7,5,7,70,Greed,Greed,1.0,0.7142857142857143,True,16907.278318999994,62713.141812,-45805.86349300001
0x4f93fead39b70a1824f981a54d4e55b278e9f760,2024-11-07,628.96246,2,60628.85,30314.425,21.220097000000003,1,1,1,1,77,Extreme Greed,Greed,1.0,1.0,True,17536.240778999996,62713.141812,-45176.901033
0x4f93fead39b70a1824f981a54d4e55b278e9f760,2024-11-08,646.3734049999999,24,240641.63,10026.734583333333,84.224557,6,6,18,6,75,Extreme Greed,Greed,1.0,3.0,True,18182.614183999995,62713.141812,-44530.52762800001
0x4f93fead39b70a1824f981a54d4e55b278e9f760,2024-11-09,0.0,9,150000.41,16666.712222222224,52.500144,0,0,9,0,75,Extreme Greed,Greed,,,False,18182.614183999995,62713.141812,-44530.52762800001
0x4f93fead39b70a1824f981a54d4e55b278e9f760,2024-11-10,548.36595,8,180546.95,22568.36875,63.191428,6,6,2,6,78,Extreme Greed,Greed,1.0,0.3333333333333333,True,18730.980133999994,62713.141812,-43982.161678000004
0x4f93fead39b70a1824f981a54d4e55b278e9f760,2024-11-11,1479.677222,20,331422.14,16571.107,115.997742,9,9,11,9,76,Extreme Greed,Greed,1.0,1.2222222222222223,True,20210.657355999996,62713.141812,-42502.484456000006
0x4f93fead39b70a1824f981a54d4e55b278e9f760,2024-11-12,2053.119744,74,1062217.74,14354.293783783784,371.776165,12,12,62,12,80,Extreme Greed,Greed,1.0,5.166666666666667,True,22263.777099999996,62713.141812,-40449.36471200001
0x4f93fead39b70a1824f981a54d4e55b278e9f760,2024-11-13,7680.907897,25,487811.82,19512.4728,170.734136,16,16,9,16,84,Extreme Greed,Greed,1.0,0.5625,True,29944.684996999997,62713.141812,-32768.456815000005
0x4f93fead39b70a1824f981a54d4e55b278e9f760,2024-11-14,2348.106228,41,882430.6900000001,21522.69975609756,296.797484,14,14,27,14,88,Extreme Greed,Greed,1.0,1.9285714285714286,True,32292.791224999994,62713.141812,-30420.350587000008
0x4f93fead39b70a1824f981a54d4e55b278e9f760,2024-11-15,2003.536586,79,1360371.8,17219.896202531647,454.091596,33,33,45,34,80,Extreme Greed,Greed,1.0,1.3235294117647058,True,34296.327810999996,62713.141812,-28416.814001000006
0x4f93fead39b70a1824f981a54d4e55b278e9f760,2024-11-16,255.14686999999998,12,219874.16999999998,18322.8475,72.952967,7,7,7,5,86,Extreme Greed,Greed,1.0,1.4,True,34551.47468099999,62713.141812,-28161.66713100001
0x4f93fead39b70a1824f981a54d4e55b278e9f760,2024-11-17,546.624374,26,620398.38,23861.476153846153,186.119492,8,8,18,8,90,Extreme Greed,Greed,1.0,2.25,True,35098.09905499999,62713.141812,-27615.04275700001
0x4f93fead39b70a1824f981a54d4e55b278e9f760,2024-11-18,3158.176614,35,942106.09,26917.316857142858,282.631803,15,15,19,16,83,Extreme Greed,Greed,1.0,1.1875,True,38256.275668999995,62713.141812,-24456.866143000007
0x4f93fead39b70a1824f981a54d4e55b278e9f760,2024-11-19,1573.210981,30,319742.28,10658.076000000001,95.922665,15,15,17,13,90,Extreme Greed,Greed,1.0,1.3076923076923077,True,39829.48664999999,62713.141812,-22883.65516200001
0x4f93fead39b70a1824f981a54d4e55b278e9f760,2024-11-20,2259.775633,33,838287.08,25402.638787878786,251.486098,16,16,15,18,83,Extreme Greed,Greed,1.0,0.8333333333333334,True,42089.262283,62713.141812,-20623.879529000005
0x4f93fead39b70a1824f981a54d4e55b278e9f760,2024-11-21,909.745283,9,160082.19,17786.91,48.024651999999996,4,4,5,4,82,Extreme Greed,Greed,1.0,1.25,True,42999.00756599999,62713.141812,-19714.13424600001
0x4f93fead39b70a1824f981a54d4e55b278e9f760,2024-11-22,1825.01255,18,301850.83,16769.490555555556,90.55524199999999,12,12,6,12,94,Extreme Greed,Greed,1.0,0.5,True,44824.02011599999,62713.141812,-17889.12169600001
0x4f93fead39b70a1824f981a54d4e55b278e9f760,2024-11-23,0.0,9,60006.729999999996,6667.414444444444,18.002012,0,0,9,0,93,Extreme Greed,Greed,,,False,44824.02011599999,62713.141812,-17889.12169600001
0x4f93fead39b70a1824f981a54d4e55b278e9f760,2024-11-24,445.338356,33,520442.5,15770.984848484848,156.132723,5,5,28,5,80,Extreme Greed,Greed,1.0,5.6,True,45269.35847199999,62713.141812,-17443.78334000001
0x4f93fead39b70a1824f981a54d4e55b278e9f760,2024-11-25,5059.459732,30,864428.22,28814.273999999998,259.328448,10,10,20,10,82,Extreme Greed,Greed,1.0,2.0,True,50328.818203999996,62713.141812,-12384.323608000006
0x4f93fead39b70a1824f981a54d4e55b278e9f760,2024-11-26,0.0,22,425026.62,19319.39181818182,127.50797299999999,0,0,22,0,79,Extreme Greed,Greed,,,False,50328.818203999996,62713.141812,-12384.323608000006
0x4f93fead39b70a1824f981a54d4e55b278e9f760,2024-11-27,-2848.159792,44,1256511.88,28557.08818181818,376.953535,37,0,3,41,75,Extreme Greed,Greed,0.0,0.07317073170731707,False,47480.658412,62713.141812,-15232.483400000005
0x4f93fead39b70a1824f981a54d4e55b278e9f760,2024-11-28,1174.315571,12,338785.3,28232.108333333334,101.63559000000001,6,6,9,3,77,Extreme Greed,Greed,1.0,3.0,True,48654.973982999996,62713.141812,-14058.167829000005
0x4f93fead39b70a1824f981a54d4e55b278e9f760,2024-11-29,610.52512,7,180586.6,25798.085714285717,54.175978,1,1,0,7,78,Extreme Greed,Greed,1.0,0.0,True,49265.499102999995,62713.141812,-13447.642709000007
0x4f93fead39b70a1824f981a54d4e55b278e9f760,2024-11-30,850.54514,12,239121.3,19926.774999999998,71.736379,5,5,12,0,84,Extreme Greed,Greed,1.0,,True,50116.044243,62713.141812,-12597.097569000005
0x4f93fead39b70a1824f981a54d4e55b278e9f760,2024-12-01,337.835516,27,600205.84,22229.845925925925,180.061741,16,16,5,22,81,Extreme Greed,Greed,1.0,0.22727272727272727,True,50453.879758999996,62713.141812,-12259.262053000006
0x4f93fead39b70a1824f981a54d4e55b278e9f760,2024-12-02,754.7378,17,300751.24,17691.249411764704,90.225362,6,6,11,6,80,Extreme Greed,Greed,1.0,1.8333333333333333,True,51208.617559,62713.141812,-11504.524253000003
0x4f93fead39b70a1824f981a54d4e55b278e9f760,2024-12-03,1467.1002210000001,9,282371.72000000003,31374.63555555556,84.711504,4,4,5,4,76,Extreme Greed,Greed,1.0,1.25,True,52675.71778,62713.141812,-10037.424032000003
0x4f93fead39b70a1824f981a54d4e55b278e9f760,2024-12-04,291.35271,13,261052.41999999998,20080.955384615383,78.315715,3,3,10,3,78,Extreme Greed,Greed,1.0,3.3333333333333335,True,52967.07049,62713.141812,-9746.071322000003
0x4f93fead39b70a1824f981a54d4e55b278e9f760,2024-12-05,1435.68724,19,761409.11,40074.16368421053,228.422723,2,2,0,19,84,Extreme Greed,Greed,1.0,0.0,True,54402.75773,62713.141812,-8310.384082000004
0x4f93fead39b70a1824f981a54d4e55b278e9f760,2024-12-06,7206.315268,59,1482566.5,25128.245762711864,444.769922,21,21,39,20,72,Greed,Greed,1.0,1.95,True,61609.072997999996,62713.141812,-1104.0688140000057
0x4f93fead39b70a1824f981a54d4e55b278e9f760,2024-12-07,2342.996384,4,198481.45,49620.3625,59.54443,4,4,4,0,75,Extreme Greed,Greed,1.0,,True,63952.069381999994,63952.069381999994,0.0
0x4f93fead39b70a1824f981a54d4e55b278e9f760,2024-12-08,0.0,7,59993.63,8570.51857142857,17.998084,0,0,0,7,79,Extreme Greed,Greed,,0.0,False,63952.069381999994,63952.069381999994,0.0
0x4f93fead39b70a1824f981a54d4e55b278e9f760,2024-12-09,2350.499742,17,359668.86,21156.991764705883,107.900648,7,7,13,4,78,Extreme Greed,Greed,1.0,3.25,True,66302.569124,66302.569124,0.0
0x4f93fead39b70a1824f981a54d4e55b278e9f760,2024-12-10,3986.312514,36,700941.13,19470.586944444443,210.282321,12,12,27,9,78,Extreme Greed,Greed,1.0,3.0,True,70288.88163799999,70288.88163799999,0.0
0x4f93fead39b70a1824f981a54d4e55b278e9f760,2024-12-11,1083.777057,30,699939.4299999999,23331.314333333332,209.981818,8,8,6,24,74,Greed,Greed,1.0,0.25,True,71372.65869499999,71372.65869499999,0.0
0x4f93fead39b70a1824f981a54d4e55b278e9f760,2024-12-12,0.0,31,379879.42,12254.174838709678,113.963809,0,0,0,31,83,Extreme Greed,Greed,,0.0,False,71372.65869499999,71372.65869499999,0.0
0x4f93fead39b70a1824f981a54d4e55b278e9f760,2024-12-13,6790.274613,49,1015080.35,20715.92551020408,304.524077,27,27,37,12,76,Extreme Greed,Greed,1.0,3.0833333333333335,True,78162.93330799999,78162.93330799999,0.0
0x4f93fead39b70a1824f981a54d4e55b278e9f760,2024-12-14,570.1898180000001,19,199648.91,10507.837368421053,59.89466,6,6,14,5,83,Extreme Greed,Greed,1.0,2.8,True,78733.12312599999,78733.12312599999,0.0
0x4f93fead39b70a1824f981a54d4e55b278e9f760,2024-12-15,263.914304,21,300238.04,14297.049523809523,90.071403,5,5,4,17,80,Extreme Greed,Greed,1.0,0.23529411764705882,True,78997.03743,78997.03743,0.0
0x4f93fead39b70a1824f981a54d4e55b278e9f760,2024-12-16,0.0,27,879655.69,32579.84037037037,263.896686,0,0,0,27,83,Extreme Greed,Greed,,0.0,False,78997.03743,78997.03743,0.0
0x4f93fead39b70a1824f981a54d4e55b278e9f760,2024-12-17,0.0,12,179998.07,14999.839166666667,53.999413,0,0,0,12,87,Extreme Greed,Greed,,0.0,False,78997.03743,78997.03743,0.0
0x4f93fead39b70a1824f981a54d4e55b278e9f760,2024-12-18,-4627.220257,62,1746481.42,28169.055161290322,523.944398,40,5,57,5,81,Extreme Greed,Greed,0.125,11.4,False,74369.81717299999,78997.03743,-4627.220257000008
0x4f93fead39b70a1824f981a54d4e55b278e9f760,2024-12-19,1582.2032900000002,53,920856.42,17374.649433962266,276.256905,6,6,47,6,75,Extreme Greed,Greed,1.0,7.833333333333333,True,75952.020463,78997.03743,-3045.016967000003
0x4f93fead39b70a1824f981a54d4e55b278e9f760,2024-12-20,0.0,6,222287.61,37047.935,66.68628,0,0,6,0,74,Greed,Greed,,,False,75952.020463,78997.03743,-3045.016967000003
0x4f93fead39b70a1824f981a54d4e55b278e9f760,2024-12-21,1367.500173,50,1011186.0700000001,20223.721400000002,303.355802,28,28,22,28,73,Greed,Greed,1.0,0.7857142857142857,True,77319.520636,78997.03743,-1677.5167939999956
0x4f93fead39b70a1824f981a54d4e55b278e9f760,2024-12-22,0.0,3,130010.22,43336.74,39.003061,0,0,3,0,73,Greed,Greed,,,False,77319.520636,78997.03743,-1677.5167939999956
0x4f93fead39b70a1824f981a54d4e55b278e9f760,2024-12-23,0.0,16,339151.52,21196.97,101.745443,0,0,16,0,70,Greed,Greed,,,False,77319.520636,78997.03743,-1677.5167939999956
0x4f93fead39b70a1824f981a54d4e55b278e9f760,2024-12-24,2081.2674110000003,32,936313.54,29259.798125,280.894037,21,21,3,29,73,Greed,Greed,1.0,0.10344827586206896,True,79400.788047,79400.788047,0.0
0x4f93fead39b70a1824f981a54d4e55b278e9f760,2024-12-25,0.0,3,69999.20999999999,23333.069999999996,20.999761,0,0,0,3,73,Greed,Greed,,0.0,False,79400.788047,79400.788047,0.0
0x4f93fead39b70a1824f981a54d4e55b278e9f760,2024-12-26,7617.597338,21,442414.11,21067.338571428572,132.724225,8,8,20,1,79,Extreme Greed,Greed,1.0,20.0,True,87018.385385,87018.385385,0.0
0x4f93fead39b70a1824f981a54d4e55b278e9f760,2024-12-27,0.0,18,70037.56,3890.9755555555553,21.011257,0,0,18,0,74,Greed,Greed,,,False,87018.385385,87018.385385,0.0
0x4f93fead39b70a1824f981a54d4e55b278e9f760,2024-12-28,16.972942,6,110053.39,18342.231666666667,33.016011,3,3,0,6,72,Greed,Greed,1.0,0.0,True,87035.358327,87035.358327,0.0
0x4f93fead39b70a1824f981a54d4e55b278e9f760,2024-12-29,390.062046,14,79594.51,5685.322142857142,23.878344,4,4,7,7,73,Greed,Greed,1.0,1.0,True,87425.420373,87425.420373,0.0
0x4f93fead39b70a1824f981a54d4e55b278e9f760,2024-12-30,4235.298688000001,22,564189.77,25644.989545454548,169.256913,9,9,13,9,65,Greed,Greed,1.0,1.4444444444444444,True,91660.719061,91660.719061,0.0
0x4f93fead39b70a1824f981a54d4e55b278e9f760,2024-12-31,2301.21954,47,492219.79,10472.761489361701,147.665905,2,2,45,2,64,Greed,Greed,1.0,22.5,True,93961.938601,93961.938601,0.0
0x4f93fead39b70a1824f981a54d4e55b278e9f760,2025-01-01,0.0,1,49999.51,49999.51,14.999852,0,0,1,0,66,Greed,Greed,,,False,93961.938601,93961.938601,0.0
0x4f93fead39b70a1824f981a54d4e55b278e9f760,2025-01-02,2399.9471460000004,19,372066.43,19582.443684210524,111.619916,8,8,11,8,70,Greed,Greed,1.0,1.375,True,96361.885747,96361.885747,0.0
0x4f93fead39b70a1824f981a54d4e55b278e9f760,2025-01-03,3084.287743,48,462922.45,9644.217708333334,151.997587,29,29,19,29,74,Greed,Greed,1.0,0.6551724137931034,True,99446.17349,99446.17349,0.0
0x4f93fead39b70a1824f981a54d4e55b278e9f760,2025-01-04,0.0,14,99999.72,7142.837142857143,30.499879,0,0,14,0,73,Greed,Greed,,,False,99446.17349,99446.17349,0.0
0x4f93fead39b70a1824f981a54d4e55b278e9f760,2025-01-05,890.33157,19,369118.91000000003,19427.31105263158,122.659064,4,4,15,4,72,Greed,Greed,1.0,3.75,True,100336.50506,100336.50506,0.0
0x4f93fead39b70a1824f981a54d4e55b278e9f760,2025-01-06,3575.442423,32,343551.17,10735.9740625,120.242894,14,14,18,14,76,Extreme Greed,Greed,1.0,1.2857142857142858,True,103911.947483,103911.947483,0.0
0x4f93fead39b70a1824f981a54d4e55b278e9f760,2025-01-07,0.0,39,473733.88,12147.022564102565,165.80684,0,0,39,0,78,Extreme Greed,Greed,,,False,103911.947483,103911.947483,0.0
0x4f93fead39b70a1824f981a54d4e55b278e9f760,2025-01-08,0.0,16,308657.88,19291.1175,108.03025600000001,0,0,16,0,70,Greed,Greed,,,False,103911.947483,103911.947483,0.0
0x4f93fead39b70a1824f981a54d4e55b278e9f760,2025-01-10,-36229.641811,219,5895084.66,26918.19479452055,1917.277186,117,98,102,117,50,Neutral,Neutral,0.8376068376068376,0.8717948717948718,False,67682.30567199999,103911.947483,-36229.64181100001
0x4f93fead39b70a1824f981a54d4e55b278e9f760,2025-01-11,1559.841529,76,1555106.23,20461.92407894737,466.531808,27,27,49,27,69,Greed,Greed,1.0,1.8148148148148149,True,69242.147201,103911.947483,-34669.800282
0x4f93fead39b70a1824f981a54d4e55b278e9f760,2025-01-12,736.621517,75,1855292.07,24737.227600000002,556.587573,34,34,30,45,62,Greed,Greed,1.0,0.6666666666666666,True,69978.76871799999,103911.947483,-33933.178765000004
0x4f93fead39b70a1824f981a54d4e55b278e9f760,2025-01-13,1756.982034,97,2347576.77,24201.82237113402,704.272981,54,54,49,48,61,Greed,Greed,1.0,1.0208333333333333,True,71735.75075199999,103911.947483,-32176.196731000004
0x4f93fead39b70a1824f981a54d4e55b278e9f760,2025-01-14,1878.804638,42,631744.81,15041.543095238096,189.523418,17,17,25,17,63,Greed,Greed,1.0,1.4705882352941178,True,73614.55539,103911.947483,-30297.392093000002
0x4f93fead39b70a1824f981a54d4e55b278e9f760,2025-01-15,7470.003118,73,1561822.32,21394.826301369863,468.546657,42,42,26,47,70,Greed,Greed,1.0,0.5531914893617021,True,81084.55850799999,103911.947483,-22827.38897500001
0x4f93fead39b70a1824f981a54d4e55b278e9f760,2025-01-16,5170.4237570000005,100,2726066.91,27260.669100000003,817.820014,57,55,45,55,75,Extreme Greed,Greed,0.9649122807017544,0.8181818181818182,True,86254.982265,103911.947483,-17656.965217999998
0x4f93fead39b70a1824f981a54d4e55b278e9f760,2025-01-17,811.1445319999999,21,640726.49,30510.78523809524,192.217931,7,7,14,7,75,Extreme Greed,Greed,1.0,2.0,True,87066.12679699999,103911.947483,-16845.820686000006
0x4f93fead39b70a1824f981a54d4e55b278e9f760,2025-01-18,4078.848863,58,1881041.4000000001,32431.74827586207,564.312396,32,32,32,26,77,Extreme Greed,Greed,1.0,1.2307692307692308,True,91144.97566,103911.947483,-12766.971823
0x4f93fead39b70a1824f981a54d4e55b278e9f760,2025-01-19,3253.260003,88,2215874.55,25180.392613636363,664.76231,32,32,63,25,77,Extreme Greed,Greed,1.0,2.52,True,94398.235663,103911.947483,-9513.711819999997
0x4f93fead39b70a1824f981a54d4e55b278e9f760,2025-01-20,7466.841136,194,5798129.04,29887.263092783505,1639.313144,69,69,133,61,76,Extreme Greed,Greed,1.0,2.180327868852459,True,101865.076799,103911.947483,-2046.870683999994
0x4f93fead39b70a1824f981a54d4e55b278e9f760,2025-01-21,2953.3108039999997,92,1305394.74,14189.073260869565,326.348643,40,40,34,58,76,Extreme Greed,Greed,1.0,0.5862068965517241,True,104818.387603,104818.387603,0.0
0x4f93fead39b70a1824f981a54d4e55b278e9f760,2025-01-22,2971.896355,61,1064843.07,17456.443770491805,266.21073,25,25,35,26,84,Extreme Greed,Greed,1.0,1.3461538461538463,True,107790.283958,107790.283958,0.0
0x4f93fead39b70a1824f981a54d4e55b278e9f760,2025-01-23,6749.1349199999995,82,1475987.52,17999.84780487805,368.996825,22,22,55,27,75,Extreme Greed,Greed,1.0,2.037037037037037,True,114539.418878,114539.418878,0.0
0x4f93fead39b70a1824f981a54d4e55b278e9f760,2025-01-24,1707.06994,42,615921.78,14664.804285714286,153.980421,16,16,14,28,75,Extreme Greed,Greed,1.0,0.5,True,116246.488818,116246.488818,0.0
0x4f93fead39b70a1824f981a54d4e55b278e9f760,2025-01-25,446.44485399999996,18,404746.0,22485.88888888889,101.18649400000001,4,4,18,0,75,Extreme Greed,Greed,1.0,,True,116692.933672,116692.933672,0.0
0x4f93fead39b70a1824f981a54d4e55b278e9f760,2025-01-27,0.0,15,497556.79,33170.452666666664,149.267029,0,0,15,0,71,Greed,Greed,,,False,116692.933672,116692.933672,0.0
0x4f93fead39b70a1824f981a54d4e55b278e9f760,2025-01-30,3278.847724,75,1596026.23,21280.349733333333,478.80782899999997,38,35,39,36,70,Greed,Greed,0.9210526315789473,1.0833333333333333,True,119971.78139599999,119971.78139599999,0.0
0x4f93fead39b70a1824f981a54d4e55b278e9f760,2025-01-31,975.654751,59,810395.77,13735.521525423728,243.118715,21,21,35,24,76,Extreme Greed,Greed,1.0,1.4583333333333333,True,120947.436147,120947.436147,0.0
0x4f93fead39b70a1824f981a54d4e55b278e9f760,2025-02-01,0.0,4,90002.76,22500.69,27.000824,0,0,4,0,68,Greed,Greed,,,False,120947.436147,120947.436147,0.0
0x4f93fead39b70a1824f981a54d4e55b278e9f760,2025-02-02,0.0,30,762553.84,25418.461333333333,228.766141,0,0,30,0,60,Greed,Greed,,,False,120947.436147,120947.436147,0.0
0x4f93fead39b70a1824f981a54d4e55b278e9f760,2025-02-04,6403.5061239999995,9,858959.52,95439.94666666667,257.687851,9,9,0,9,72,Greed,Greed,1.0,0.0,True,127350.94227099999,127350.94227099999,0.0
0x4f93fead39b70a1824f981a54d4e55b278e9f760,2025-02-05,0.0,9,149967.24,16663.026666666665,44.99017,0,0,9,0,54,Neutral,Neutral,,,False,127350.94227099999,127350.94227099999,0.0
0x4f93fead39b70a1824f981a54d4e55b278e9f760,2025-02-06,440.753133,10,300413.94,30041.394,90.12418000000001,4,4,6,4,49,Neutral,Neutral,1.0,1.5,True,127791.695404,127791.695404,0.0
0x4f93fead39b70a1824f981a54d4e55b278e9f760,2025-02-07,3691.30885,27,526723.87,19508.291481481483,158.017151,9,9,12,15,44,Fear,Fear,1.0,0.8,True,131483.004254,131483.004254,0.0
0x4f93fead39b70a1824f981a54d4e55b278e9f760,2025-02-08,0.0,8,179986.01,22498.25125,53.995802,0,0,8,0,44,Fear,Fear,,,False,131483.004254,131483.004254,0.0
0x4f93fead39b70a1824f981a54d4e55b278e9f760,2025-02-09,866.203569,3,270878.47000000003,90292.82333333335,81.26354,1,1,0,3,46,Neutral,Neutral,1.0,0.0,True,132349.207823,132349.207823,0.0
0x4f93fead39b70a1824f981a54d4e55b278e9f760,2025-02-10,2069.55836,84,1215549.97,14470.832976190475,364.664948,29,29,46,38,43,Fear,Fear,1.0,1.2105263157894737,True,134418.766183,134418.766183,0.0
0x4f93fead39b70a1824f981a54d4e55b278e9f760,2025-02-11,1353.604398,56,704543.29,12581.13017857143,211.362965,22,22,28,28,47,Neutral,Neutral,1.0,1.0,True,135772.370581,135772.370581,0.0
0x4f93fead39b70a1824f981a54d4e55b278e9f760,2025-02-12,5212.729861,84,1243390.53,14802.268214285714,373.017115,45,45,22,62,46,Neutral,Neutral,1.0,0.3548387096774194,True,140985.100442,140985.100442,0.0
0x4f93fead39b70a1824f981a54d4e55b278e9f760,2025-02-13,2205.413149,23,402796.16,17512.87652173913,120.83883600000001,11,11,23,0,50,Neutral,Neutral,1.0,,True,143190.513591,143190.513591,0.0
0x4f93fead39b70a1824f981a54d4e55b278e9f760,2025-02-14,2678.115601,58,1154846.76,19911.15103448276,346.454002,25,25,27,31,48,Neutral,Neutral,1.0,0.8709677419354839,True,145868.629192,145868.629192,0.0
0x4f93fead39b70a1824f981a54d4e55b278e9f760,2025-02-15,3884.0032459999998,21,476361.68,22683.889523809525,142.908493,13,13,17,4,50,Neutral,Neutral,1.0,4.25,True,149752.632438,149752.632438,0.0
0x4f93fead39b70a1824f981a54d4e55b278e9f760,2025-02-16,314.96786,25,360143.82,14405.7528,108.04312900000001,11,11,15,10,54,Neutral,Neutral,1.0,1.5,True,150067.600298,150067.600298,0.0
0x4f93fead39b70a1824f981a54d4e55b278e9f760,2025-02-17,1204.110761,42,539004.4,12833.438095238096,161.70132,5,5,24,18,51,Neutral,Neutral,1.0,1.3333333333333333,True,151271.711059,151271.711059,0.0
0x4f93fead39b70a1824f981a54d4e55b278e9f760,2025-02-18,1670.219701,44,580438.45,13191.782954545453,174.131512,14,14,30,14,47,Neutral,Neutral,1.0,2.142857142857143,True,152941.93076,152941.93076,0.0
0x4f93fead39b70a1824f981a54d4e55b278e9f760,2025-02-19,3512.2119079999998,58,942394.5599999999,16248.182068965516,282.718338,23,23,45,13,44,Fear,Fear,1.0,3.4615384615384617,True,156454.142668,156454.142668,0.0
0x4f93fead39b70a1824f981a54d4e55b278e9f760,2025-02-20,1829.292797,90,1540266.49,17114.072111111112,462.079905,40,40,48,42,49,Neutral,Neutral,1.0,1.1428571428571428,True,158283.435465,158283.435465,0.0
0x4f93fead39b70a1824f981a54d4e55b278e9f760,2025-02-21,5993.575314,76,1294008.56,17026.42842105263,388.202533,8,8,30,46,55,Greed,Greed,1.0,0.6521739130434783,True,164277.010779,164277.010779,0.0
0x4f93fead39b70a1824f981a54d4e55b278e9f760,2025-02-22,1287.143384,91,1521306.46,16717.653406593407,456.391868,52,52,39,52,49,Neutral,Neutral,1.0,0.75,True,165564.154163,165564.154163,0.0
0x4f93fead39b70a1824f981a54d4e55b278e9f760,2025-02-23,109.68322,31,279927.15,9029.90806451613,83.978128,13,7,22,9,50,Neutral,Neutral,0.5384615384615384,2.4444444444444446,True,165673.837383,165673.837383,0.0
0x4f93fead39b70a1824f981a54d4e55b278e9f760,2025-02-24,1925.839355,17,461880.54,27169.443529411765,138.564153,5,5,12,5,49,Neutral,Neutral,1.0,2.4,True,167599.67673799998,167599.67673799998,0.0
0x4f93fead39b70a1824f981a54d4e55b278e9f760,2025-02-25,0.0,51,997556.48,19559.930980392157,299.266928,0,0,51,0,25,Fear,Fear,,,False,167599.67673799998,167599.67673799998,0.0
0x4f93fead39b70a1824f981a54d4e55b278e9f760,2025-03-02,11005.991600000001,26,1128567.17,43406.429615384615,338.570135,21,21,5,21,26,Fear,Fear,1.0,0.23809523809523808,True,178605.668338,178605.668338,0.0
0x4f93fead39b70a1824f981a54d4e55b278e9f760,2025-03-03,1136.272279,12,321169.45,26764.120833333334,96.350832,6,6,6,6,33,Fear,Fear,1.0,1.0,True,179741.940617,179741.940617,0.0
0x4f93fead39b70a1824f981a54d4e55b278e9f760,2025-03-04,8002.939313,59,1526486.58,25872.653898305085,457.945929,28,28,22,37,15,Extreme Fear,Fear,1.0,0.5945945945945946,True,187744.87993,187744.87993,0.0
0x4f93fead39b70a1824f981a54d4e55b278e9f760,2025-03-05,2741.101375,54,1559003.67,28870.43833333333,467.701068,20,20,23,31,20,Extreme Fear,Fear,1.0,0.7419354838709677,True,190485.981305,190485.981305,0.0
0x4f93fead39b70a1824f981a54d4e55b278e9f760,2025-03-06,3069.196282,37,643192.97,17383.593783783785,192.95788399999998,14,10,23,14,25,Fear,Fear,0.7142857142857143,1.6428571428571428,True,193555.17758699998,193555.17758699998,0.0
0x4f93fead39b70a1824f981a54d4e55b278e9f760,2025-03-07,3273.5394420000002,22,221986.16,10090.28,66.595837,18,18,7,15,34,Fear,Fear,1.0,0.4666666666666667,True,196828.717029,196828.717029,0.0
0x4f93fead39b70a1824f981a54d4e55b278e9f760,2025-03-08,0.0,17,120007.91,7059.288823529412,36.002359999999996,0,0,17,0,28,Fear,Fear,,,False,196828.717029,196828.717029,0.0
0x4f93fead39b70a1824f981a54d4e55b278e9f760,2025-03-09,0.0,11,419843.45,38167.586363636365,125.953025,0,0,11,0,27,Fear,Fear,,,False,196828.717029,196828.717029,0.0
0x4f93fead39b70a1824f981a54d4e55b278e9f760,2025-03-10,14133.265684,103,2600586.37,25248.4113592233,780.175852,42,42,61,42,20,Extreme Fear,Fear,1.0,1.4523809523809523,True,210961.982713,210961.982713,0.0
0x4f93fead39b70a1824f981a54d4e55b278e9f760,2025-03-11,2479.265806,33,1051214.99,31854.999696969695,315.364477,21,21,12,21,24,Extreme Fear,Fear,1.0,0.5714285714285714,True,213441.248519,213441.248519,0.0
0x4f93fead39b70a1824f981a54d4e55b278e9f760,2025-03-12,0.0,10,179993.79,17999.379,53.998123,0,0,10,0,34,Fear,Fear,,,False,213441.248519,213441.248519,0.0
0x4f93fead39b70a1824f981a54d4e55b278e9f760,2025-03-13,5770.595066,22,625667.75,28439.44318181818,187.70031799999998,8,8,14,8,45,Neutral,Neutral,1.0,1.75,True,219211.843585,219211.843585,0.0
0x4f93fead39b70a1824f981a54d4e55b278e9f760,2025-03-14,11039.384571,25,550923.0,22036.92,165.276882,10,10,0,25,27,Fear,Fear,1.0,0.0,True,230251.228156,230251.228156,0.0
0x4f93fead39b70a1824f981a54d4e55b278e9f760,2025-03-15,575.945518,8,139397.58,17424.6975,41.819272,7,7,8,0,46,Neutral,Neutral,1.0,,True,230827.173674,230827.173674,0.0
0x4f93fead39b70a1824f981a54d4e55b278e9f760,2025-03-16,144.99309,6,160136.34,26689.39,48.040901,2,2,4,2,30,Fear,Fear,1.0,2.0,True,230972.166764,230972.166764,0.0
0x4f93fead39b70a1824f981a54d4e55b278e9f760,2025-03-17,2220.589556,11,202232.32,18384.756363636363,60.669694,8,8,1,10,32,Fear,Fear,1.0,0.1,True,233192.75632,233192.75632,0.0
0x4f93fead39b70a1824f981a54d4e55b278e9f760,2025-03-18,362.477712,44,399685.35,9083.757954545454,119.905596,1,1,41,3,34,Fear,Fear,1.0,13.666666666666666,True,233555.234032,233555.234032,0.0
0x4f93fead39b70a1824f981a54d4e55b278e9f760,2025-03-19,1438.717656,29,341524.48,11776.706206896552,102.457321,28,28,1,28,32,Fear,Fear,1.0,0.03571428571428571,True,234993.951688,234993.951688,0.0
0x4f93fead39b70a1824f981a54d4e55b278e9f760,2025-03-20,0.0,8,119999.91,14999.98875,35.999967,0,0,8,0,49,Neutral,Neutral,,,False,234993.951688,234993.951688,0.0
0x4f93fead39b70a1824f981a54d4e55b278e9f760,2025-03-21,0.0,6,180004.35,30000.725000000002,54.001302,0,0,6,0,31,Fear,Fear,,,False,234993.951688,234993.951688,0.0
0x4f93fead39b70a1824f981a54d4e55b278e9f760,2025-03-22,58.007635,24,300062.0,12502.583333333334,90.018592,24,24,0,24,32,Fear,Fear,1.0,0.0,True,235051.959323,235051.959323,0.0
0x4f93fead39b70a1824f981a54d4e55b278e9f760,2025-03-23,134.82844,10,40134.54,4013.454,12.040356,9,9,1,9,30,Fear,Fear,1.0,0.1111111111111111,True,235186.787763,235186.787763,0.0
0x4f93fead39b70a1824f981a54d4e55b278e9f760,2025-03-24,0.0,14,59998.869999999995,4285.6335714285715,17.999653000000002,0,0,0,14,45,Neutral,Neutral,,0.0,False,235186.787763,235186.787763,0.0
0x4f93fead39b70a1824f981a54d4e55b278e9f760,2025-03-25,217.47456799999998,9,119781.57,13309.063333333334,37.934482,5,5,9,0,46,Neutral,Neutral,1.0,,True,235404.262331,235404.262331,0.0
0x4f93fead39b70a1824f981a54d4e55b278e9f760,2025-03-26,980.433384,10,200756.93,20075.693,70.264919,6,6,4,6,47,Neutral,Neutral,1.0,0.6666666666666666,True,236384.69571499998,236384.69571499998,0.0
0x4f93fead39b70a1824f981a54d4e55b278e9f760,2025-03-27,4329.319769,40,784368.48,19609.212,274.528951,16,16,24,16,40,Fear,Fear,1.0,1.5,True,240714.015484,240714.015484,0.0
0x4f93fead39b70a1824f981a54d4e55b278e9f760,2025-03-28,0.0,10,199987.63,19998.763,69.99566300000001,0,0,10,0,44,Fear,Fear,,,False,240714.015484,240714.015484,0.0
0x4f93fead39b70a1824f981a54d4e55b278e9f760,2025-03-29,0.0,8,219994.47999999998,27499.309999999998,76.998063,0,0,8,0,26,Fear,Fear,,,False,240714.015484,240714.015484,0.0
0x4f93fead39b70a1824f981a54d4e55b278e9f760,2025-03-31,2112.5276,40,722103.27,18052.58175,252.736124,22,22,18,22,34,Fear,Fear,1.0,0.8181818181818182,True,242826.543084,242826.543084,0.0
0x4f93fead39b70a1824f981a54d4e55b278e9f760,2025-04-01,1402.082488,20,141406.34,7070.317,49.492214,8,8,12,8,34,Fear,Fear,1.0,1.5,True,244228.625572,244228.625572,0.0
0x4f93fead39b70a1824f981a54d4e55b278e9f760,2025-04-02,0.0,1,19999.7,19999.7,6.999896,0,0,1,0,44,Fear,Fear,,,False,244228.625572,244228.625572,0.0
0x4f93fead39b70a1824f981a54d4e55b278e9f760,2025-04-03,0.0,9,279939.1,31104.344444444443,97.978681,0,0,9,0,25,Fear,Fear,,,False,244228.625572,244228.625572,0.0
0x4f93fead39b70a1824f981a54d4e55b278e9f760,2025-04-04,4591.427138999999,21,424550.64,20216.697142857145,148.592715,13,13,8,13,28,Fear,Fear,1.0,0.6153846153846154,True,248820.052711,248820.052711,0.0
0x4f93fead39b70a1824f981a54d4e55b278e9f760,2025-04-06,0.0,7,179973.59,25710.512857142858,62.990758,0,0,7,0,34,Fear,Fear,,,False,248820.052711,248820.052711,0.0
0x4f93fead39b70a1824f981a54d4e55b278e9f760,2025-04-07,0.0,45,599973.16,13332.73688888889,209.990572,0,0,45,0,23,Extreme Fear,Fear,,,False,248820.052711,248820.052711,0.0
0x4f93fead39b70a1824f981a54d4e55b278e9f760,2025-04-08,21114.136771999998,28,1071082.47,38252.94535714285,374.87886100000003,24,24,4,24,24,Extreme Fear,Fear,1.0,0.16666666666666666,True,269934.18948299997,269934.18948299997,0.0
0x4f93fead39b70a1824f981a54d4e55b278e9f760,2025-04-09,25875.837656,45,875895.92,19464.35377777778,306.563536,24,24,21,24,18,Extreme Fear,Fear,1.0,0.875,True,295810.027139,295810.027139,0.0
0x4f93fead39b70a1824f981a54d4e55b278e9f760,2025-04-10,0.0,9,149900.81,16655.645555555555,44.970233,0,0,9,0,39,Fear,Fear,,,False,295810.027139,295810.027139,0.0
0x4f93fead39b70a1824f981a54d4e55b278e9f760,2025-04-11,3188.3381949999994,3,153089.11000000002,51029.70333333334,53.581188,3,3,0,3,25,Fear,Fear,1.0,0.0,True,298998.365334,298998.365334,0.0
0x4f93fead39b70a1824f981a54d4e55b278e9f760,2025-04-13,253.67505,8,50252.83,6281.60375,17.588483,3,3,5,3,45,Neutral,Neutral,1.0,1.6666666666666667,True,299252.040384,299252.040384,0.0
0x4f93fead39b70a1824f981a54d4e55b278e9f760,2025-04-14,322.73095,27,125342.08,4642.299259259259,43.869724,4,4,23,4,31,Fear,Fear,1.0,5.75,True,299574.771334,299574.771334,0.0
0x4f93fead39b70a1824f981a54d4e55b278e9f760,2025-04-16,0.0,4,74998.81999999999,18749.704999999998,26.249583,0,0,4,0,29,Fear,Fear,,,False,299574.771334,299574.771334,0.0
0x4f93fead39b70a1824f981a54d4e55b278e9f760,2025-04-17,1713.120195,9,176726.77,19636.307777777776,61.854364,8,8,1,8,30,Fear,Fear,1.0,0.125,True,301287.891529,301287.891529,0.0
0x4f93fead39b70a1824f981a54d4e55b278e9f760,2025-04-18,0.0,4,49998.06,12499.515,17.49932,0,0,4,0,33,Fear,Fear,,,False,301287.891529,301287.891529,0.0
0x4f93fead39b70a1824f981a54d4e55b278e9f760,2025-04-19,721.976596,18,150720.99000000002,8373.388333333334,52.752346,13,13,5,13,32,Fear,Fear,1.0,0.38461538461538464,True,302009.868125,302009.868125,0.0
0x4f93fead39b70a1824f981a54d4e55b278e9f760,2025-04-20,0.0,8,124997.05,15624.63125,43.748961,0,0,8,0,37,Fear,Fear,,,False,302009.868125,302009.868125,0.0
0x4f93fead39b70a1824f981a54d4e55b278e9f760,2025-04-21,459.153994,9,150455.44999999998,16717.272222222222,52.659392999999994,9,9,0,9,39,Fear,Fear,1.0,0.0,True,302469.022119,302469.022119,0.0
0x4f93fead39b70a1824f981a54d4e55b278e9f760,2025-04-24,0.0,4,74998.36,18749.59,26.249421,0,0,0,4,63,Greed,Greed,,0.0,False,302469.022119,302469.022119,0.0
0x4f93fead39b70a1824f981a54d4e55b278e9f760,2025-04-25,0.0,16,450028.12,28126.7575,157.50983,0,0,0,16,60,Greed,Greed,,0.0,False,302469.022119,302469.022119,0.0
0x4f93fead39b70a1824f981a54d4e55b278e9f760,2025-04-30,5286.100993,36,694755.66,19298.768333333333,243.16447399999998,23,23,26,10,56,Greed,Greed,1.0,2.6,True,307755.123112,307755.123112,0.0
0x4f93fead39b70a1824f981a54d4e55b278e9f760,2025-05-01,1220.746604,14,201224.78,14373.198571428571,70.42867100000001,10,7,3,11,53,Neutral,Neutral,0.7,0.2727272727272727,True,308975.869716,308975.869716,0.0
0x513b8629fe877bb581bf244e326a047b249c4ff1,2024-12-09,0.0,42,70653.29,1682.2211904761903,1.90281219,0,0,42,0,78,Extreme Greed,Greed,,,False,0.0,0.0,0.0
0x513b8629fe877bb581bf244e326a047b249c4ff1,2024-12-12,0.0,89,296563.81,3332.177640449438,5.42675177,0,0,89,0,83,Extreme Greed,Greed,,,False,0.0,0.0,0.0
0x513b8629fe877bb581bf244e326a047b249c4ff1,2024-12-15,0.0,28,117435.62,4194.129285714285,1.7473268100000001,0,0,28,0,80,Extreme Greed,Greed,,,False,0.0,0.0,0.0
0x513b8629fe877bb581bf244e326a047b249c4ff1,2024-12-19,0.0,64,242679.37,3791.86515625,3.30336134,0,0,64,0,75,Extreme Greed,Greed,,,False,0.0,0.0,0.0
0x513b8629fe877bb581bf244e326a047b249c4ff1,2025-02-14,194499.072534,464,921831.01,1986.7047629310346,309.734741,464,464,0,464,48,Neutral,Neutral,1.0,0.0,True,194499.072534,194499.072534,0.0
0x513b8629fe877bb581bf244e326a047b249c4ff1,2025-02-17,0.0,292,921521.26,3155.894726027397,11.76278358,0,0,292,0,51,Neutral,Neutral,,,False,194499.072534,194499.072534,0.0
0x513b8629fe877bb581bf244e326a047b249c4ff1,2025-03-17,0.0,35,320068.24,9144.806857142858,107.542891,0,0,35,0,32,Fear,Fear,,,False,194499.072534,194499.072534,0.0
0x513b8629fe877bb581bf244e326a047b249c4ff1,2025-03-18,5429.87424,6,258623.93000000002,43103.988333333335,24.827891,6,6,0,6,34,Fear,Fear,1.0,0.0,True,199928.946774,199928.946774,0.0
0x513b8629fe877bb581bf244e326a047b249c4ff1,2025-03-19,13272.411278,133,863420.6900000001,6491.884887218045,255.50186300000001,43,20,69,64,32,Fear,Fear,0.46511627906976744,1.078125,True,213201.358052,213201.358052,0.0
0x513b8629fe877bb581bf244e326a047b249c4ff1,2025-03-20,3865.013572,75,104381.48,1391.7530666666667,10.415377,75,75,0,75,49,Neutral,Neutral,1.0,0.0,True,217066.37162400002,217066.37162400002,0.0
0x513b8629fe877bb581bf244e326a047b249c4ff1,2025-03-27,0.0,77,158959.64,2064.410909090909,53.410361,0,0,77,0,40,Fear,Fear,,,False,217066.37162400002,217066.37162400002,0.0
0x513b8629fe877bb581bf244e326a047b249c4ff1,2025-03-28,1470.407794,84,160429.83,1909.8789285714283,53.904336,84,84,0,84,44,Fear,Fear,1.0,0.0,True,218536.77941800002,218536.77941800002,0.0
0x513b8629fe877bb581bf244e326a047b249c4ff1,2025-04-01,0.0,13,179501.53,13807.81,17.232134000000002,0,0,13,0,34,Fear,Fear,,,False,218536.77941800002,218536.77941800002,0.0
0x513b8629fe877bb581bf244e326a047b249c4ff1,2025-04-03,0.0,49,110787.03,2260.9597959183675,15.327551,0,0,49,0,25,Fear,Fear,,,False,218536.77941800002,218536.77941800002,0.0
0x513b8629fe877bb581bf244e326a047b249c4ff1,2025-04-05,0.0,34,86259.65,2537.0485294117643,23.31552,0,0,34,0,30,Fear,Fear,,,False,218536.77941800002,218536.77941800002,0.0
0x513b8629fe877bb581bf244e326a047b249c4ff1,2025-04-07,-37999.868086,76,529712.57,6969.902236842105,98.414251,54,6,6,70,23,Extreme Fear,Fear,0.1111111111111111,0.08571428571428572,False,180536.911332,218536.77941800002,-37999.86808600003
0x513b8629fe877bb581bf244e326a047b249c4ff1,2025-04-08,3131.840108,148,1430720.55,9667.030743243244,137.349014,16,16,132,16,24,Extreme Fear,Fear,1.0,8.25,True,183668.75144,218536.77941800002,-34868.02797800003
0x513b8629fe877bb581bf244e326a047b249c4ff1,2025-04-09,-36253.792726,122,1376396.0999999999,11281.935245901639,301.804613,87,83,4,118,18,Extreme Fear,Fear,0.9540229885057471,0.03389830508474576,False,147414.958714,218536.77941800002,-71121.82070400001
0x513b8629fe877bb581bf244e326a047b249c4ff1,2025-04-10,22908.117384,337,8621968.6,25584.4765578635,1496.682866,246,244,257,80,39,Fear,Fear,0.991869918699187,3.2125,True,170323.076098,218536.77941800002,-48213.70332000003
0x513b8629fe877bb581bf244e326a047b249c4ff1,2025-04-11,0.0,65,2161623.49,33255.74600000001,191.626505,0,0,65,0,25,Fear,Fear,,,False,170323.076098,218536.77941800002,-48213.70332000003
0x513b8629fe877bb581bf244e326a047b249c4ff1,2025-04-12,88152.006818,1251,51250451.44,40967.58708233413,10554.753586,328,195,459,792,43,Fear,Fear,0.5945121951219512,0.5795454545454546,True,258475.08291599998,258475.08291599998,0.0
0x513b8629fe877bb581bf244e326a047b249c4ff1,2025-04-13,11239.437228,285,9047544.72,31745.770947368423,1853.425964,86,86,199,86,45,Neutral,Neutral,1.0,2.313953488372093,True,269714.520144,269714.520144,0.0
0x513b8629fe877bb581bf244e326a047b249c4ff1,2025-04-14,7922.167264999999,230,8793628.31,38233.16656521739,1348.722326,90,58,140,90,31,Fear,Fear,0.6444444444444445,1.5555555555555556,True,277636.687409,277636.687409,0.0
0x513b8629fe877bb581bf244e326a047b249c4ff1,2025-04-15,40966.673478000004,731,18452080.43,25242.244090287277,1411.8902679999999,433,433,172,559,38,Fear,Fear,1.0,0.3076923076923077,True,318603.360887,318603.360887,0.0
0x513b8629fe877bb581bf244e326a047b249c4ff1,2025-04-16,41498.141783,886,34759929.84,39232.42645598194,5697.318453,380,342,548,338,29,Fear,Fear,0.9,1.621301775147929,True,360101.50267,360101.50267,0.0
0x513b8629fe877bb581bf244e326a047b249c4ff1,2025-04-17,0.0,5,738096.51,147619.302,0.0,0,0,5,0,30,Fear,Fear,,,False,360101.50267,360101.50267,0.0
0x513b8629fe877bb581bf244e326a047b249c4ff1,2025-04-18,43400.145539,379,22266842.28,58751.562744063325,4181.767321,289,289,90,289,33,Fear,Fear,1.0,0.31141868512110726,True,403501.648209,403501.648209,0.0
0x513b8629fe877bb581bf244e326a047b249c4ff1,2025-04-19,62373.791703999996,637,27480723.29,43140.85288854003,5179.546923,229,229,397,240,32,Fear,Fear,1.0,1.6541666666666666,True,465875.439913,465875.439913,0.0
0x513b8629fe877bb581bf244e326a047b249c4ff1,2025-04-20,0.0,160,8411089.25,52569.3078125,1033.35275,0,0,160,0,37,Fear,Fear,,,False,465875.439913,465875.439913,0.0
0x513b8629fe877bb581bf244e326a047b249c4ff1,2025-04-21,39772.479641,869,40012549.38,46044.36062140392,5948.44489,448,316,432,437,39,Fear,Fear,0.7053571428571429,0.988558352402746,True,505647.919554,505647.919554,0.0
0x513b8629fe877bb581bf244e326a047b249c4ff1,2025-04-22,73209.060448,418,26170409.74,62608.63574162679,3736.434319,185,185,233,185,47,Neutral,Neutral,1.0,1.2594594594594595,True,578856.980002,578856.980002,0.0
0x513b8629fe877bb581bf244e326a047b249c4ff1,2025-04-23,1656.211757,211,11516582.93,54580.961753554504,2648.813974,156,118,37,174,72,Greed,Greed,0.7564102564102564,0.21264367816091953,True,580513.191759,580513.191759,0.0
0x513b8629fe877bb581bf244e326a047b249c4ff1,2025-04-24,35332.403093,672,31682571.34,47146.683541666665,6707.427787,378,303,279,393,63,Greed,Greed,0.8015873015873016,0.7099236641221374,True,615845.594852,615845.594852,0.0
0x513b8629fe877bb581bf244e326a047b249c4ff1,2025-04-25,8410.75479,499,24878050.18,49855.811983967935,5721.951347,298,298,298,201,60,Greed,Greed,1.0,1.4825870646766168,True,624256.349642,624256.349642,0.0
0x513b8629fe877bb581bf244e326a047b249c4ff1,2025-04-26,0.0,314,11004470.02,35046.08286624204,2531.027945,0,0,314,0,65,Greed,Greed,,,False,624256.349642,624256.349642,0.0
0x513b8629fe877bb581bf244e326a047b249c4ff1,2025-04-28,37973.605394,654,25087715.08,38360.42061162079,5770.1741600000005,397,349,257,397,54,Neutral,Neutral,0.8790931989924433,0.6473551637279596,True,662229.955036,662229.955036,0.0
0x513b8629fe877bb581bf244e326a047b249c4ff1,2025-04-29,117648.295306,992,31886938.4,32144.09112903226,4727.304068,474,474,518,474,60,Greed,Greed,1.0,1.0928270042194093,True,779878.250342,779878.250342,0.0
0x513b8629fe877bb581bf244e326a047b249c4ff1,2025-04-30,0.0,481,11030686.27,22932.819688149688,2532.342389,0,0,481,0,56,Greed,Greed,,,False,779878.250342,779878.250342,0.0
0x513b8629fe877bb581bf244e326a047b249c4ff1,2025-05-01,60544.304874,329,7472659.26,22713.250030395135,1718.711472,236,236,93,236,53,Neutral,Neutral,1.0,0.3940677966101695,True,840422.555216,840422.555216,0.0
0x6d6a4b953f202f8df5bed40692e7fd865318264a,2024-12-11,698.009722,8,1093.3899999999999,136.67374999999998,0.382683,8,8,0,8,74,Greed,Greed,1.0,0.0,True,698.009722,698.009722,0.0
0x6d6a4b953f202f8df5bed40692e7fd865318264a,2024-12-12,362.84131,4,532.29,133.0725,0.1863,4,4,0,4,83,Extreme Greed,Greed,1.0,0.0,True,1060.851032,1060.851032,0.0
0x6d6a4b953f202f8df5bed40692e7fd865318264a,2024-12-14,39057.10912,80,53177.8,664.7225000000001,15.692086,80,80,0,80,83,Extreme Greed,Greed,1.0,0.0,True,40117.960152,40117.960152,0.0
0x6d6a4b953f202f8df5bed40692e7fd865318264a,2024-12-15,18879.21027,15,24527.5,1635.1666666666667,2.452747,15,15,0,15,80,Extreme Greed,Greed,1.0,0.0,True,58997.170421999996,58997.170421999996,0.0
0x6d6a4b953f202f8df5bed40692e7fd865318264a,2024-12-16,12648.870412,47,16043.47,341.3504255319149,5.615201,47,47,0,47,83,Extreme Greed,Greed,1.0,0.0,True,71646.040834,71646.040834,0.0
0x6d6a4b953f202f8df5bed40692e7fd865318264a,2024-12-17,2244.04603,7,2808.88,401.2685714285714,0.983103,7,7,0,7,87,Extreme Greed,Greed,1.0,0.0,True,73890.086864,73890.086864,0.0
0x6d6a4b953f202f8df5bed40692e7fd865318264a,2024-12-21,27649.187167,89,33184.51,372.85966292134833,11.614553,89,89,0,89,73,Greed,Greed,1.0,0.0,True,101539.27403100001,101539.27403100001,0.0
0x6d6a4b953f202f8df5bed40692e7fd865318264a,2025-01-11,0.0,33,7499.83,227.26757575757574,0.12835807999999999,0,0,33,0,69,Greed,Greed,,,False,101539.27403100001,101539.27403100001,0.0
0x6d6a4b953f202f8df5bed40692e7fd865318264a,2025-01-12,0.0,12,10000.0,833.3333333333334,0.16975321,0,0,12,0,62,Greed,Greed,,,False,101539.27403100001,101539.27403100001,0.0
0x6d6a4b953f202f8df5bed40692e7fd865318264a,2025-01-13,0.0,23,12500.89,543.5169565217391,0.2244543,0,0,23,0,61,Greed,Greed,,,False,101539.27403100001,101539.27403100001,0.0
0x6d6a4b953f202f8df5bed40692e7fd865318264a,2025-01-19,0.0,12,3500.01,291.6675,0.05935712,0,0,12,0,77,Extreme Greed,Greed,,,False,101539.27403100001,101539.27403100001,0.0
0x6d6a4b953f202f8df5bed40692e7fd865318264a,2025-01-20,0.0,3,4999.92,1666.64,0.08311618,0,0,3,0,76,Extreme Greed,Greed,,,False,101539.27403100001,101539.27403100001,0.0
0x6d6a4b953f202f8df5bed40692e7fd865318264a,2025-01-23,0.0,3,423.0,141.0,0.0062225200000000005,0,0,3,0,75,Extreme Greed,Greed,,,False,101539.27403100001,101539.27403100001,0.0
0x6d6a4b953f202f8df5bed40692e7fd865318264a,2025-01-27,0.0,11,14000.05,1272.7318181818182,0.23187297,0,0,11,0,71,Greed,Greed,,,False,101539.27403100001,101539.27403100001,0.0
0x6d6a4b953f202f8df5bed40692e7fd865318264a,2025-01-30,1643.602279,8,9941.4,1242.675,3.3403080000000003,8,8,0,8,70,Greed,Greed,1.0,0.0,True,103182.87631,103182.87631,0.0
0x6d6a4b953f202f8df5bed40692e7fd865318264a,2025-02-01,0.0,5,9938.12,1987.6240000000003,0.1274312,0,0,5,0,68,Greed,Greed,,,False,103182.87631,103182.87631,0.0
0x6d6a4b953f202f8df5bed40692e7fd865318264a,2025-02-14,844.8168900000001,21,5342.37,254.39857142857142,1.795024,21,21,0,21,48,Neutral,Neutral,1.0,0.0,True,104027.6932,104027.6932,0.0
0x6d6a4b953f202f8df5bed40692e7fd865318264a,2025-02-15,0.0,11,5340.41,485.4918181818182,0.06949772,0,0,11,0,50,Neutral,Neutral,,,False,104027.6932,104027.6932,0.0
0x6d6a4b953f202f8df5bed40692e7fd865318264a,2025-03-26,413.304033,18,15764.01,875.7783333333333,1.54725809,2,2,16,2,47,Neutral,Neutral,1.0,8.0,True,104440.997233,104440.997233,0.0
0x6d6a4b953f202f8df5bed40692e7fd865318264a,2025-03-27,154.257092,23,12658.35,550.3630434782609,2.30112336,15,15,8,15,40,Fear,Fear,1.0,0.5333333333333333,True,104595.254325,104595.254325,0.0
0x6d6a4b953f202f8df5bed40692e7fd865318264a,2025-03-28,0.0,12,2726.7,227.225,0.06741754,0,0,12,0,44,Fear,Fear,,,False,104595.254325,104595.254325,0.0
0x6d6a4b953f202f8df5bed40692e7fd865318264a,2025-03-29,0.0,7,1549.8899999999999,221.41285714285712,0.02113366,0,0,7,0,26,Fear,Fear,,,False,104595.254325,104595.254325,0.0
0x6d6a4b953f202f8df5bed40692e7fd865318264a,2025-03-30,3.492534,6,1656.06,276.01,0.27692968,1,1,4,2,32,Fear,Fear,1.0,2.0,True,104598.746859,104598.746859,0.0
0x6d6a4b953f202f8df5bed40692e7fd865318264a,2025-03-31,0.0,1,149.99,149.99,0.00395464,0,0,1,0,34,Fear,Fear,,,False,104598.746859,104598.746859,0.0
0x6d6a4b953f202f8df5bed40692e7fd865318264a,2025-04-01,132.71954399999998,14,27360.350000000002,1954.3107142857145,8.474178,4,4,4,10,34,Fear,Fear,1.0,0.4,True,104731.466403,104731.466403,0.0
0x6d6a4b953f202f8df5bed40692e7fd865318264a,2025-04-02,234.497751,34,38102.27,1120.655,10.156926,9,9,15,19,44,Fear,Fear,1.0,0.7894736842105263,True,104965.964154,104965.964154,0.0
0x6d6a4b953f202f8df5bed40692e7fd865318264a,2025-04-03,298.031364,20,18458.769999999997,922.9384999999999,4.44771796,5,5,19,1,25,Fear,Fear,1.0,19.0,True,105263.995518,105263.995518,0.0
0x6d6a4b953f202f8df5bed40692e7fd865318264a,2025-04-04,392.35488599999996,60,37577.76,626.296,7.347055961,9,9,36,24,28,Fear,Fear,1.0,1.5,True,105656.350404,105656.350404,0.0
0x6d6a4b953f202f8df5bed40692e7fd865318264a,2025-04-05,41.479757,17,17457.45,1026.9088235294118,5.865414,12,11,12,5,30,Fear,Fear,0.9166666666666666,2.4,True,105697.830161,105697.830161,0.0
0x6d6a4b953f202f8df5bed40692e7fd865318264a,2025-04-06,207.98348199999998,22,30469.59,1384.9813636363635,6.1563211185,10,10,20,2,34,Fear,Fear,1.0,10.0,True,105905.813643,105905.813643,0.0
0x6d6a4b953f202f8df5bed40692e7fd865318264a,2025-04-07,232.000726,51,50517.06,990.5305882352941,12.0379582839,9,7,32,19,23,Extreme Fear,Fear,0.7777777777777778,1.6842105263157894,True,106137.814369,106137.814369,0.0
0x6d6a4b953f202f8df5bed40692e7fd865318264a,2025-04-08,409.437344,32,41829.28,1307.165,14.054602,12,12,12,20,24,Extreme Fear,Fear,1.0,0.6,True,106547.251713,106547.251713,0.0
0x6d6a4b953f202f8df5bed40692e7fd865318264a,2025-04-09,1395.820542,60,54157.02,902.617,16.225930339,25,25,13,47,18,Extreme Fear,Fear,1.0,0.2765957446808511,True,107943.072255,107943.072255,0.0
0x6d6a4b953f202f8df5bed40692e7fd865318264a,2025-04-10,463.813132,18,28782.82,1599.0455555555554,9.670866,9,9,14,4,39,Fear,Fear,1.0,3.5,True,108406.885387,108406.885387,0.0
0x6d6a4b953f202f8df5bed40692e7fd865318264a,2025-04-11,56.216535,5,10805.27,2161.054,3.630567,1,1,0,5,25,Fear,Fear,1.0,0.0,True,108463.101922,108463.101922,0.0
0x6d6a4b953f202f8df5bed40692e7fd865318264a,2025-04-12,-89.1781,12,13134.46,1094.5383333333332,4.413168,2,0,2,10,43,Fear,Fear,0.0,0.2,False,108373.923822,108463.101922,-89.17810000000463
0x6d6a4b953f202f8df5bed40692e7fd865318264a,2025-04-13,0.0,1,999.44,999.44,0.335812,0,0,0,1,45,Neutral,Neutral,,0.0,False,108373.923822,108463.101922,-89.17810000000463
0x6d6a4b953f202f8df5bed40692e7fd865318264a,2025-04-14,73.7414,5,11072.98,2214.596,3.7205190000000004,1,1,2,3,31,Fear,Fear,1.0,0.6666666666666666,True,108447.665222,108463.101922,-15.436700000005658
0x6d6a4b953f202f8df5bed40692e7fd865318264a,2025-04-15,0.0,8,8999.61,1124.95125,3.023861,0,0,0,8,38,Fear,Fear,,0.0,False,108447.665222,108463.101922,-15.436700000005658
0x6d6a4b953f202f8df5bed40692e7fd865318264a,2025-04-16,70.94968,4,1977.52,494.38,0.664443,4,4,4,0,29,Fear,Fear,1.0,,True,108518.614902,108518.614902,0.0
0x6d6a4b953f202f8df5bed40692e7fd865318264a,2025-04-19,0.0,85,35213.62,414.2778823529412,11.831706,0,0,0,85,32,Fear,Fear,,0.0,False,108518.614902,108518.614902,0.0
0x6d6a4b953f202f8df5bed40692e7fd865318264a,2025-04-21,0.0,6,6996.37,1166.0616666666667,2.350774,0,0,0,6,39,Fear,Fear,,0.0,False,108518.614902,108518.614902,0.0
0x6d6a4b953f202f8df5bed40692e7fd865318264a,2025-04-22,0.0,10,9998.32,999.832,3.359421,0,0,0,10,47,Neutral,Neutral,,0.0,False,108518.614902,108518.614902,0.0
0x6d6a4b953f202f8df5bed40692e7fd865318264a,2025-04-23,0.0,18,9499.6,527.7555555555556,3.191839,0,0,0,18,72,Greed,Greed,,0.0,False,108518.614902,108518.614902,0.0
0x6d6a4b953f202f8df5bed40692e7fd865318264a,2025-04-24,168.69881,20,8833.98,441.69899999999996,2.9682020000000002,13,13,13,7,63,Greed,Greed,1.0,1.8571428571428572,True,108687.313712,108687.313712,0.0
0x6d6a4b953f202f8df5bed40692e7fd865318264a,2025-04-25,0.0,7,3749.7200000000003,535.6742857142857,1.2598989999999999,0,0,0,7,60,Greed,Greed,,0.0,False,108687.313712,108687.313712,0.0
0x6d6a4b953f202f8df5bed40692e7fd865318264a,2025-04-26,43.903059999999996,7,12705.41,1815.0585714285714,4.269011,4,4,4,3,65,Greed,Greed,1.0,1.3333333333333333,True,108731.216772,108731.216772,0.0
0x72743ae2822edd658c0c50608fd7c5c501b2afbd,2024-12-17,0.0,98,1811199.98,18481.63244897959,181.119965,0,0,0,98,87,Extreme Greed,Greed,,0.0,False,0.0,0.0,0.0
0x72743ae2822edd658c0c50608fd7c5c501b2afbd,2024-12-22,327545.999992,104,1483649.99,14265.865288461539,148.364951,104,104,104,0,73,Greed,Greed,1.0,,True,327545.999992,327545.999992,0.0
0x72743ae2822edd658c0c50608fd7c5c501b2afbd,2025-01-04,0.0,141,1631349.94,11569.857730496453,163.134953,0,0,0,141,73,Greed,Greed,,0.0,False,327545.999992,327545.999992,0.0
0x72743ae2822edd658c0c50608fd7c5c501b2afbd,2025-01-08,122050.866984,48,1509298.1600000001,31443.71166666667,184.19824599999998,48,48,48,0,70,Greed,Greed,1.0,,True,449596.866976,449596.866976,0.0
0x72743ae2822edd658c0c50608fd7c5c501b2afbd,2025-02-28,0.0,77,112256.83,1457.8809090909092,12.04205396,0,0,19,58,16,Extreme Fear,Fear,,0.3275862068965517,False,449596.866976,449596.866976,0.0
0x72743ae2822edd658c0c50608fd7c5c501b2afbd,2025-03-08,0.0,15,31798.0,2119.866666666667,1.6909976199999999,0,0,10,5,28,Fear,Fear,,2.0,False,449596.866976,449596.866976,0.0
0x72743ae2822edd658c0c50608fd7c5c501b2afbd,2025-03-09,0.0,90,122911.95999999999,1365.6884444444443,6.66909734,0,0,74,16,27,Fear,Fear,,4.625,False,449596.866976,449596.866976,0.0
0x72743ae2822edd658c0c50608fd7c5c501b2afbd,2025-04-08,0.0,77,191099.99,2481.818051948052,10.62996137,0,0,37,40,24,Extreme Fear,Fear,,0.925,False,449596.866976,449596.866976,0.0
0x72743ae2822edd658c0c50608fd7c5c501b2afbd,2025-04-09,33980.0,355,2873921.37,8095.553154929577,642.384777,312,312,43,312,18,Extreme Fear,Fear,1.0,0.13782051282051283,True,483576.866976,483576.866976,0.0
0x72743ae2822edd658c0c50608fd7c5c501b2afbd,2025-04-10,0.0,8,100243.20999999999,12530.401249999999,10.024317,0,0,0,8,39,Fear,Fear,,0.0,False,483576.866976,483576.866976,0.0
0x72743ae2822edd658c0c50608fd7c5c501b2afbd,2025-04-11,0.0,3,155202.3,51734.1,15.520228000000001,0,0,0,3,25,Fear,Fear,,0.0,False,483576.866976,483576.866976,0.0
0x72743ae2822edd658c0c50608fd7c5c501b2afbd,2025-04-16,-14838.4,53,244000.02,4603.773962264151,24.399981,53,0,53,0,29,Fear,Fear,0.0,,False,468738.466976,483576.866976,-14838.400000000023
0x72743ae2822edd658c0c50608fd7c5c501b2afbd,2025-04-18,-42923.271911,65,575327.59,8851.193692307692,58.525344000000004,65,50,15,50,33,Fear,Fear,0.7692307692307693,0.3,False,425815.195065,483576.866976,-57761.67191100004
0x72743ae2822edd658c0c50608fd7c5c501b2afbd,2025-04-19,0.0,39,50220.57,1287.706923076923,5.493336,0,0,0,39,32,Fear,Fear,,0.0,False,425815.195065,483576.866976,-57761.67191100004
0x72743ae2822edd658c0c50608fd7c5c501b2afbd,2025-04-20,-458.08035,38,50678.6,1333.6473684210525,5.067853,38,0,38,0,37,Fear,Fear,0.0,,False,425357.114715,483576.866976,-58219.752261000045
0x72743ae2822edd658c0c50608fd7c5c501b2afbd,2025-04-22,0.0,79,106000.01,1341.7722784810126,10.599979000000001,0,0,79,0,47,Neutral,Neutral,,,False,425357.114715,483576.866976,-58219.752261000045
0x72743ae2822edd658c0c50608fd7c5c501b2afbd,2025-04-23,10148.4512,167,272792.47000000003,1633.4878443113773,56.316286,36,36,78,89,72,Greed,Greed,1.0,0.8764044943820225,True,435505.565915,483576.866976,-48071.301061000035
0x72743ae2822edd658c0c50608fd7c5c501b2afbd,2025-04-24,-3500.0,111,97499.96,878.3780180180181,9.749953,59,0,0,111,63,Greed,Greed,0.0,0.0,False,432005.565915,483576.866976,-51571.301061000035
0x72743ae2822edd658c0c50608fd7c5c501b2afbd,2025-04-25,-2650.0,22,55049.97,2502.2713636363637,5.504987,22,0,0,22,60,Greed,Greed,0.0,0.0,False,429355.565915,483576.866976,-54221.301061000035
0x72c6a4624e1dffa724e6d00d64ceae698af892a0,2024-09-20,0.0,4,28301.77,7075.4425,2.716968,0,0,0,4,54,Neutral,Neutral,,0.0,False,0.0,0.0,0.0
0x72c6a4624e1dffa724e6d00d64ceae698af892a0,2024-09-24,0.0,1,6113.57,6113.57,0.586902,0,0,0,1,54,Neutral,Neutral,,0.0,False,0.0,0.0,0.0
0x72c6a4624e1dffa724e6d00d64ceae698af892a0,2024-09-25,0.0,3,2753.02,917.6733333333333,0.264289,0,0,0,3,59,Greed,Greed,,0.0,False,0.0,0.0,0.0
0x72c6a4624e1dffa724e6d00d64ceae698af892a0,2024-09-26,0.0,5,33271.51,6654.302000000001,3.19406,0,0,0,5,50,Neutral,Neutral,,0.0,False,0.0,0.0,0.0
0x72c6a4624e1dffa724e6d00d64ceae698af892a0,2024-09-27,0.0,46,26104.72,567.4939130434783,2.506004,0,0,0,46,61,Greed,Greed,,0.0,False,0.0,0.0,0.0
0x72c6a4624e1dffa724e6d00d64ceae698af892a0,2024-09-28,0.0,4,29199.21,7299.8025,2.8031200000000003,0,0,0,4,64,Greed,Greed,,0.0,False,0.0,0.0,0.0
0x72c6a4624e1dffa724e6d00d64ceae698af892a0,2024-09-30,0.0,96,37388.95,389.4682291666666,3.589268,0,0,0,96,61,Greed,Greed,,0.0,False,0.0,0.0,0.0
0x72c6a4624e1dffa724e6d00d64ceae698af892a0,2024-10-25,8692.0,5,23296.0,4659.2,2.236411,5,5,5,0,72,Greed,Greed,1.0,,True,8692.0,8692.0,0.0
0x72c6a4624e1dffa724e6d00d64ceae698af892a0,2024-10-26,42471.99413,6,88668.86,14778.143333333333,8.512204,6,6,6,0,72,Greed,Greed,1.0,,True,51163.99413,51163.99413,0.0
0x72c6a4624e1dffa724e6d00d64ceae698af892a0,2024-11-29,573.585288,1,573.59,573.59,0.055063,1,1,0,1,78,Extreme Greed,Greed,1.0,0.0,True,51737.579418,51737.579418,0.0
0x72c6a4624e1dffa724e6d00d64ceae698af892a0,2024-12-12,0.0,17,23755.55,1397.385294117647,2.280519,0,0,0,17,83,Extreme Greed,Greed,,0.0,False,51737.579418,51737.579418,0.0
0x72c6a4624e1dffa724e6d00d64ceae698af892a0,2024-12-13,0.0,30,88556.4,2951.8799999999997,8.501389,0,0,0,30,76,Extreme Greed,Greed,,0.0,False,51737.579418,51737.579418,0.0
0x72c6a4624e1dffa724e6d00d64ceae698af892a0,2024-12-14,0.0,43,87816.93,2042.2541860465114,8.430394,0,0,0,43,83,Extreme Greed,Greed,,0.0,False,51737.579418,51737.579418,0.0
0x72c6a4624e1dffa724e6d00d64ceae698af892a0,2024-12-15,0.0,8,22500.0,2812.5,2.1599950000000003,0,0,0,8,80,Extreme Greed,Greed,,0.0,False,51737.579418,51737.579418,0.0
0x72c6a4624e1dffa724e6d00d64ceae698af892a0,2024-12-16,0.0,41,64034.549999999996,1561.8182926829268,6.147281,0,0,0,41,83,Extreme Greed,Greed,,0.0,False,51737.579418,51737.579418,0.0
0x72c6a4624e1dffa724e6d00d64ceae698af892a0,2024-12-17,0.0,14,44100.09,3150.0064285714284,4.233596,0,0,0,14,87,Extreme Greed,Greed,,0.0,False,51737.579418,51737.579418,0.0
0x72c6a4624e1dffa724e6d00d64ceae698af892a0,2024-12-18,0.0,31,99399.99,3206.451290322581,9.542376,0,0,0,31,81,Extreme Greed,Greed,,0.0,False,51737.579418,51737.579418,0.0
0x72c6a4624e1dffa724e6d00d64ceae698af892a0,2024-12-19,0.0,1,24880.0,24880.0,2.38848,0,0,0,1,75,Extreme Greed,Greed,,0.0,False,51737.579418,51737.579418,0.0
0x72c6a4624e1dffa724e6d00d64ceae698af892a0,2024-12-20,0.0,28,115392.0,4121.142857142857,11.07761,0,0,0,28,74,Greed,Greed,,0.0,False,51737.579418,51737.579418,0.0
0x72c6a4624e1dffa724e6d00d64ceae698af892a0,2024-12-23,0.0,35,119772.27,3422.0648571428574,11.498103,0,0,0,35,70,Greed,Greed,,0.0,False,51737.579418,51737.579418,0.0
0x72c6a4624e1dffa724e6d00d64ceae698af892a0,2024-12-25,0.0,1,28677.0,28677.0,2.752992,0,0,0,1,73,Greed,Greed,,0.0,False,51737.579418,51737.579418,0.0
0x72c6a4624e1dffa724e6d00d64ceae698af892a0,2024-12-27,0.0,6,56700.01,9450.001666666667,5.443196,0,0,0,6,74,Greed,Greed,,0.0,False,51737.579418,51737.579418,0.0
0x72c6a4624e1dffa724e6d00d64ceae698af892a0,2024-12-28,0.0,34,81819.74,2406.462941176471,7.8546689999999995,0,0,0,34,72,Greed,Greed,,0.0,False,51737.579418,51737.579418,0.0
0x72c6a4624e1dffa724e6d00d64ceae698af892a0,2024-12-29,0.0,14,70087.78,5006.2699999999995,6.728418,0,0,0,14,73,Greed,Greed,,0.0,False,51737.579418,51737.579418,0.0
0x72c6a4624e1dffa724e6d00d64ceae698af892a0,2024-12-30,0.0,15,35883.59,2392.239333333333,3.444814,0,0,0,15,65,Greed,Greed,,0.0,False,51737.579418,51737.579418,0.0
0x72c6a4624e1dffa724e6d00d64ceae698af892a0,2025-01-02,0.0,3,26682.58,8894.193333333335,2.5615259999999997,0,0,0,3,70,Greed,Greed,,0.0,False,51737.579418,51737.579418,0.0
0x72c6a4624e1dffa724e6d00d64ceae698af892a0,2025-01-03,0.0,6,36394.5,6065.75,3.493867,0,0,0,6,74,Greed,Greed,,0.0,False,51737.579418,51737.579418,0.0
0x72c6a4624e1dffa724e6d00d64ceae698af892a0,2025-01-04,0.0,1,2128.95,2128.95,0.204379,0,0,0,1,73,Greed,Greed,,0.0,False,51737.579418,51737.579418,0.0
0x72c6a4624e1dffa724e6d00d64ceae698af892a0,2025-01-05,0.0,8,22909.5,2863.6875,2.199305,0,0,0,8,72,Greed,Greed,,0.0,False,51737.579418,51737.579418,0.0
0x72c6a4624e1dffa724e6d00d64ceae698af892a0,2025-01-06,0.0,25,72771.21,2910.8484000000003,6.986013,0,0,0,25,76,Extreme Greed,Greed,,0.0,False,51737.579418,51737.579418,0.0
0x72c6a4624e1dffa724e6d00d64ceae698af892a0,2025-01-09,10647.977,1,38563.98,38563.98,3.702142,1,1,1,0,69,Greed,Greed,1.0,,True,62385.556418,62385.556418,0.0
0x72c6a4624e1dffa724e6d00d64ceae698af892a0,2025-01-24,0.0,2,4517.8,2258.9,0.018815909999999998,0,0,2,0,75,Extreme Greed,Greed,,,False,62385.556418,62385.556418,0.0
0x72c6a4624e1dffa724e6d00d64ceae698af892a0,2025-01-25,0.0,14,55742.0,3981.5714285714284,0.23434225,0,0,14,0,75,Extreme Greed,Greed,,,False,62385.556418,62385.556418,0.0
0x72c6a4624e1dffa724e6d00d64ceae698af892a0,2025-01-26,262.95,55,91959.79000000001,1671.9961818181819,8.828095,16,16,16,39,73,Greed,Greed,1.0,0.41025641025641024,True,62648.506418,62648.506418,0.0
0x72c6a4624e1dffa724e6d00d64ceae698af892a0,2025-01-27,0.0,1,11300.0,11300.0,1.0848,0,0,0,1,71,Greed,Greed,,0.0,False,62648.506418,62648.506418,0.0
0x72c6a4624e1dffa724e6d00d64ceae698af892a0,2025-01-28,1474.79,70,113418.54,1620.264857142857,10.888123,38,38,38,32,72,Greed,Greed,1.0,1.1875,True,64123.296418,64123.296418,0.0
0x72c6a4624e1dffa724e6d00d64ceae698af892a0,2025-02-02,0.0,37,30974.56,837.1502702702703,2.973523,0,0,0,37,60,Greed,Greed,,0.0,False,64123.296418,64123.296418,0.0
0x72c6a4624e1dffa724e6d00d64ceae698af892a0,2025-02-04,0.0,1,15000.0,15000.0,1.44,0,0,0,1,72,Greed,Greed,,0.0,False,64123.296418,64123.296418,0.0
0x72c6a4624e1dffa724e6d00d64ceae698af892a0,2025-02-07,0.0,54,41737.450000000004,772.9157407407408,4.006744,0,0,25,29,44,Fear,Fear,,0.8620689655172413,False,64123.296418,64123.296418,0.0
0x72c6a4624e1dffa724e6d00d64ceae698af892a0,2025-02-10,0.0,24,52946.94,2206.1225,5.082878,0,0,0,24,43,Fear,Fear,,0.0,False,64123.296418,64123.296418,0.0
0x72c6a4624e1dffa724e6d00d64ceae698af892a0,2025-02-14,0.0,5,15294.55,3058.91,1.468272,0,0,1,4,48,Neutral,Neutral,,0.25,False,64123.296418,64123.296418,0.0
0x72c6a4624e1dffa724e6d00d64ceae698af892a0,2025-02-15,0.0,7,11400.0,1628.5714285714287,1.094397,0,0,7,0,50,Neutral,Neutral,,,False,64123.296418,64123.296418,0.0
0x72c6a4624e1dffa724e6d00d64ceae698af892a0,2025-02-16,0.0,6,9900.0,1650.0,0.950397,0,0,6,0,54,Neutral,Neutral,,,False,64123.296418,64123.296418,0.0
0x72c6a4624e1dffa724e6d00d64ceae698af892a0,2025-02-18,0.0,9,6310.99,701.2211111111111,0.605851,0,0,9,0,47,Neutral,Neutral,,,False,64123.296418,64123.296418,0.0
0x72c6a4624e1dffa724e6d00d64ceae698af892a0,2025-02-21,0.0,18,6737.94,374.33,0.646828,0,0,0,18,55,Greed,Greed,,0.0,False,64123.296418,64123.296418,0.0
0x72c6a4624e1dffa724e6d00d64ceae698af892a0,2025-02-22,0.0,14,14533.33,1038.095,1.39519,0,0,13,1,49,Neutral,Neutral,,13.0,False,64123.296418,64123.296418,0.0
0x72c6a4624e1dffa724e6d00d64ceae698af892a0,2025-02-25,81776.7151,137,265784.58999999997,1940.033503649635,25.515211,136,136,137,0,25,Fear,Fear,1.0,,True,145900.01151799998,145900.01151799998,0.0
0x72c6a4624e1dffa724e6d00d64ceae698af892a0,2025-02-26,8230.0,1,23710.0,23710.0,2.27616,1,1,1,0,21,Extreme Fear,Fear,1.0,,True,154130.01151799998,154130.01151799998,0.0
0x72c6a4624e1dffa724e6d00d64ceae698af892a0,2025-02-27,8517.7655,13,26769.52,2059.193846153846,2.569862,13,13,13,0,10,Extreme Fear,Fear,1.0,,True,162647.777018,162647.777018,0.0
0x72c6a4624e1dffa724e6d00d64ceae698af892a0,2025-02-28,15700.5,3,22702.71,7567.57,2.835787,2,2,3,0,16,Extreme Fear,Fear,1.0,,True,178348.277018,178348.277018,0.0
0x72c6a4624e1dffa724e6d00d64ceae698af892a0,2025-03-01,0.0,14,11079.01,791.3578571428571,1.06357,0,0,10,4,20,Extreme Fear,Fear,,2.5,False,178348.277018,178348.277018,0.0
0x72c6a4624e1dffa724e6d00d64ceae698af892a0,2025-03-02,10915.212,25,34151.01,1366.0404,3.278486,25,25,25,0,26,Fear,Fear,1.0,,True,189263.489018,189263.489018,0.0
0x72c6a4624e1dffa724e6d00d64ceae698af892a0,2025-03-03,17247.427499999998,16,60552.15,3784.509375,5.8129919999999995,10,10,16,0,33,Fear,Fear,1.0,,True,206510.916518,206510.916518,0.0
0x72c6a4624e1dffa724e6d00d64ceae698af892a0,2025-03-04,169132.29611,155,469661.83,3030.0763225806454,45.087396,154,77,155,0,15,Extreme Fear,Fear,0.5,,True,375643.212628,375643.212628,0.0
0x72c6a4624e1dffa724e6d00d64ceae698af892a0,2025-03-07,0.0,10,4965.01,496.50100000000003,0.476632,0,0,10,0,34,Fear,Fear,,,False,375643.212628,375643.212628,0.0
0x72c6a4624e1dffa724e6d00d64ceae698af892a0,2025-03-08,0.0,7,3362.0,480.2857142857143,0.322746,0,0,7,0,28,Fear,Fear,,,False,375643.212628,375643.212628,0.0
0x72c6a4624e1dffa724e6d00d64ceae698af892a0,2025-03-09,0.0,21,4890.49,232.88047619047617,0.46947500000000003,0,0,19,2,27,Fear,Fear,,9.5,False,375643.212628,375643.212628,0.0
0x72c6a4624e1dffa724e6d00d64ceae698af892a0,2025-03-10,-2680.0,35,23760.49,678.8711428571429,2.28098,17,0,6,29,20,Extreme Fear,Fear,0.0,0.20689655172413793,False,372963.212628,375643.212628,-2680.0
0x72c6a4624e1dffa724e6d00d64ceae698af892a0,2025-03-15,0.0,1,5925.5,5925.5,0.568848,0,0,0,1,46,Neutral,Neutral,,0.0,False,372963.212628,375643.212628,-2680.0
0x72c6a4624e1dffa724e6d00d64ceae698af892a0,2025-04-12,-3546.9,12,18973.91,1581.1591666666666,3.799278,9,0,0,12,43,Fear,Fear,0.0,0.0,False,369416.312628,375643.212628,-6226.900000000023
0x72c6a4624e1dffa724e6d00d64ceae698af892a0,2025-04-13,-4526.698469,5,10200.0,2040.0,0.9791970000000001,5,0,0,5,45,Neutral,Neutral,0.0,0.0,False,364889.614159,375643.212628,-10753.598469000019
0x72c6a4624e1dffa724e6d00d64ceae698af892a0,2025-04-14,7848.0,3,8027.5,2675.8333333333335,0.7706379999999999,3,3,3,0,31,Fear,Fear,1.0,,True,372737.614159,375643.212628,-2905.5984690000187
0x72c6a4624e1dffa724e6d00d64ceae698af892a0,2025-04-15,6335.6,6,8664.4,1444.0666666666666,0.8317760000000001,6,6,6,0,38,Fear,Fear,1.0,,True,379073.214159,379073.214159,0.0
0x72c6a4624e1dffa724e6d00d64ceae698af892a0,2025-04-16,14609.800000000001,44,36300.0,825.0,3.4847770000000002,44,44,31,13,29,Fear,Fear,1.0,2.3846153846153846,True,393683.014159,393683.014159,0.0
0x72c6a4624e1dffa724e6d00d64ceae698af892a0,2025-04-20,18374.63,55,62440.0,1135.2727272727273,5.994203,55,47,47,8,37,Fear,Fear,0.8545454545454545,5.875,True,412057.644159,412057.644159,0.0
0x72c6a4624e1dffa724e6d00d64ceae698af892a0,2025-04-21,-9046.14,17,28952.5,1703.0882352941176,2.7794250000000003,17,7,7,10,39,Fear,Fear,0.4117647058823529,0.7,False,403011.504159,412057.644159,-9046.140000000014
0x75f7eeb85dc639d5e99c78f95393aa9a5f1170d4,2024-01-19,-0.20400000000000001,9,1526.81,169.64555555555555,0.366427,4,1,4,5,51,Neutral,Neutral,0.25,0.8,False,-0.20400000000000001,-0.20400000000000001,0.0
0x75f7eeb85dc639d5e99c78f95393aa9a5f1170d4,2024-01-22,1166.248788,48,54022.58,1125.4704166666668,4.11975,26,14,28,20,55,Greed,Greed,0.5384615384615384,1.4,True,1166.0447880000002,1166.0447880000002,0.0
0x75f7eeb85dc639d5e99c78f95393aa9a5f1170d4,2024-01-26,90.2,2,9255.8,4627.9,-0.185116,1,1,1,1,49,Neutral,Neutral,1.0,1.0,True,1256.2447880000002,1256.2447880000002,0.0
0x75f7eeb85dc639d5e99c78f95393aa9a5f1170d4,2024-01-29,1.71544,2,2068.8599999999997,1034.4299999999998,0.227798,1,1,1,1,55,Greed,Greed,1.0,1.0,True,1257.9602280000001,1257.9602280000001,0.0
0x75f7eeb85dc639d5e99c78f95393aa9a5f1170d4,2024-02-14,3639.3031690000003,88,218138.7,2478.8488636363636,10.742176,80,79,27,61,74,Greed,Greed,0.9875,0.4426229508196721,True,4897.263397000001,4897.263397000001,0.0
0x75f7eeb85dc639d5e99c78f95393aa9a5f1170d4,2024-02-15,1024.70728,52,76437.88,1469.9592307692308,3.518759,49,49,49,3,72,Greed,Greed,1.0,16.333333333333332,True,5921.970677,5921.970677,0.0
0x75f7eeb85dc639d5e99c78f95393aa9a5f1170d4,2024-02-16,5491.768834,170,464143.87,2730.2580588235296,2.2395110000000007,146,146,105,65,72,Greed,Greed,1.0,1.6153846153846154,True,11413.739511,11413.739511,0.0
0x75f7eeb85dc639d5e99c78f95393aa9a5f1170d4,2024-02-17,1670.012358,64,202359.19,3161.86234375,11.317838,54,54,25,39,76,Extreme Greed,Greed,1.0,0.6410256410256411,True,13083.751869,13083.751869,0.0
0x75f7eeb85dc639d5e99c78f95393aa9a5f1170d4,2024-02-18,477.6248299999999,97,157048.17,1619.0532989690723,-3.140925,68,61,38,59,72,Greed,Greed,0.8970588235294118,0.6440677966101694,True,13561.376699,13561.376699,0.0
0x75f7eeb85dc639d5e99c78f95393aa9a5f1170d4,2024-02-19,4325.827543,95,236374.11,2488.1485263157892,2.351851,76,76,38,57,75,Extreme Greed,Greed,1.0,0.6666666666666666,True,17887.204242,17887.204242,0.0
0x75f7eeb85dc639d5e99c78f95393aa9a5f1170d4,2024-02-20,3053.31353,35,117709.42,3363.1262857142856,2.646102,28,27,13,22,72,Greed,Greed,0.9642857142857143,0.5909090909090909,True,20940.517772,20940.517772,0.0
0x75f7eeb85dc639d5e99c78f95393aa9a5f1170d4,2024-02-21,1858.7985700000002,21,98041.92,4668.662857142857,0.4692299999999999,15,15,6,15,78,Extreme Greed,Greed,1.0,0.4,True,22799.316342000002,22799.316342000002,0.0
0x75f7eeb85dc639d5e99c78f95393aa9a5f1170d4,2024-02-22,3894.1050699999996,86,368033.23,4279.456162790698,24.20242,54,40,33,53,74,Greed,Greed,0.7407407407407407,0.6226415094339622,True,26693.421412,26693.421412,0.0
0x75f7eeb85dc639d5e99c78f95393aa9a5f1170d4,2024-02-23,1418.55293,143,111106.14,776.966013986014,-2.067069,138,137,131,12,76,Extreme Greed,Greed,0.9927536231884058,10.916666666666666,True,28111.974342,28111.974342,0.0
0x75f7eeb85dc639d5e99c78f95393aa9a5f1170d4,2024-02-25,-30.7705,5,4480.13,896.0260000000001,-0.0896,2,0,2,3,74,Greed,Greed,0.0,0.6666666666666666,False,28081.203842,28111.974342,-30.770500000002357
0x75f7eeb85dc639d5e99c78f95393aa9a5f1170d4,2024-02-26,4416.8473,37,191687.17,5180.734324324325,-0.08772699999999982,34,34,27,10,72,Greed,Greed,1.0,2.7,True,32498.051142,32498.051142,0.0
0x75f7eeb85dc639d5e99c78f95393aa9a5f1170d4,2024-02-27,312.130593,55,206785.98,3759.7450909090912,-4.135694,35,19,33,22,79,Extreme Greed,Greed,0.5428571428571428,1.5,True,32810.181735,32810.181735,0.0
0x75f7eeb85dc639d5e99c78f95393aa9a5f1170d4,2024-02-28,2503.747235,45,171107.13,3802.380666666667,-1.377152,39,39,31,14,82,Extreme Greed,Greed,1.0,2.2142857142857144,True,35313.92897,35313.92897,0.0
0x75f7eeb85dc639d5e99c78f95393aa9a5f1170d4,2024-02-29,8493.192736,109,370839.64,3402.198532110092,-4.847684,97,97,60,49,80,Extreme Greed,Greed,1.0,1.2244897959183674,True,43807.121706000005,43807.121706000005,0.0
0x75f7eeb85dc639d5e99c78f95393aa9a5f1170d4,2024-03-01,8244.241409,137,472974.7,3452.370072992701,-0.546854,128,128,37,100,80,Extreme Greed,Greed,1.0,0.37,True,52051.363115,52051.363115,0.0
0x75f7eeb85dc639d5e99c78f95393aa9a5f1170d4,2024-03-02,1674.715167,24,60253.79,2510.5745833333335,-1.205066,21,21,21,3,80,Extreme Greed,Greed,1.0,7.0,True,53726.078282,53726.078282,0.0
0x75f7eeb85dc639d5e99c78f95393aa9a5f1170d4,2024-03-03,8361.086245,79,390745.68,4946.1478481012655,-2.507103,54,54,36,43,83,Extreme Greed,Greed,1.0,0.8372093023255814,True,62087.164527,62087.164527,0.0
0x75f7eeb85dc639d5e99c78f95393aa9a5f1170d4,2024-03-04,26773.771643,287,1574220.16,5485.087665505226,-1.503619,257,253,161,126,82,Extreme Greed,Greed,0.9844357976653697,1.2777777777777777,True,88860.93617,88860.93617,0.0
0x75f7eeb85dc639d5e99c78f95393aa9a5f1170d4,2024-03-05,19791.026041,180,841810.32,4676.724,-4.438459,163,163,55,125,90,Extreme Greed,Greed,1.0,0.44,True,108651.962211,108651.962211,0.0
0x75f7eeb85dc639d5e99c78f95393aa9a5f1170d4,2024-03-06,6814.825139,82,327218.02,3990.4636585365856,-3.355318,72,72,49,33,75,Extreme Greed,Greed,1.0,1.4848484848484849,True,115466.78735,115466.78735,0.0
0x75f7eeb85dc639d5e99c78f95393aa9a5f1170d4,2024-03-08,4271.886236,67,183583.18,2740.047462686567,-3.6716290000000003,59,59,19,48,81,Extreme Greed,Greed,1.0,0.3958333333333333,True,119738.673586,119738.673586,0.0
0x75f7eeb85dc639d5e99c78f95393aa9a5f1170d4,2024-03-09,9949.501624,117,658178.75,5625.459401709401,1.8517640000000002,107,97,83,34,84,Extreme Greed,Greed,0.9065420560747663,2.4411764705882355,True,129688.17521,129688.17521,0.0
0x75f7eeb85dc639d5e99c78f95393aa9a5f1170d4,2024-03-10,2482.9272,42,219973.85,5237.472619047619,2.281072,38,29,38,4,79,Extreme Greed,Greed,0.7631578947368421,9.5,True,132171.10241,132171.10241,0.0
0x75f7eeb85dc639d5e99c78f95393aa9a5f1170d4,2024-03-11,3588.179495,42,176519.44999999998,4202.844047619047,8.47289,39,39,12,30,82,Extreme Greed,Greed,1.0,0.4,True,135759.281905,135759.281905,0.0
0x75f7eeb85dc639d5e99c78f95393aa9a5f1170d4,2024-03-12,3039.166,8,103040.85,12880.10625,4.945953,7,7,1,7,81,Extreme Greed,Greed,1.0,0.14285714285714285,True,138798.447905,138798.447905,0.0
0x75f7eeb85dc639d5e99c78f95393aa9a5f1170d4,2024-03-14,3400.385378,17,199866.9,11756.876470588235,9.593594,15,15,2,15,88,Extreme Greed,Greed,1.0,0.13333333333333333,True,142198.833283,142198.833283,0.0
0x75f7eeb85dc639d5e99c78f95393aa9a5f1170d4,2024-03-15,5509.2545,35,249644.77,7132.707714285714,13.697647,32,32,13,22,83,Extreme Greed,Greed,1.0,0.5909090909090909,True,147708.087783,147708.087783,0.0
0x75f7eeb85dc639d5e99c78f95393aa9a5f1170d4,2024-03-17,73.61088,7,4940.99,705.8557142857143,0.665249,6,6,6,1,79,Extreme Greed,Greed,1.0,6.0,True,147781.698663,147781.698663,0.0
0x75f7eeb85dc639d5e99c78f95393aa9a5f1170d4,2024-03-18,1244.6384,6,51241.71,8540.285,11.217557,5,5,1,5,77,Extreme Greed,Greed,1.0,0.2,True,149026.337063,149026.337063,0.0
0x75f7eeb85dc639d5e99c78f95393aa9a5f1170d4,2024-03-19,842.799493,10,180988.91,18098.891,17.37493,5,5,5,5,79,Extreme Greed,Greed,1.0,1.0,True,149869.136556,149869.136556,0.0
0x75f7eeb85dc639d5e99c78f95393aa9a5f1170d4,2024-03-20,2593.147623,59,144362.44,2446.8210169491526,16.783601,56,56,23,36,74,Greed,Greed,1.0,0.6388888888888888,True,152462.284179,152462.284179,0.0
0x75f7eeb85dc639d5e99c78f95393aa9a5f1170d4,2024-03-21,2097.182,23,97908.18,4256.877391304348,9.399167,22,22,22,1,78,Extreme Greed,Greed,1.0,22.0,True,154559.466179,154559.466179,0.0
0x75f7eeb85dc639d5e99c78f95393aa9a5f1170d4,2024-03-24,1297.018477,19,92592.20999999999,4873.274210526315,8.888837,15,15,15,4,74,Greed,Greed,1.0,3.75,True,155856.484656,155856.484656,0.0
0x75f7eeb85dc639d5e99c78f95393aa9a5f1170d4,2024-03-26,3195.3074,111,174578.85,1572.7824324324324,19.752188999999998,109,109,2,109,81,Extreme Greed,Greed,1.0,0.01834862385321101,True,159051.792056,159051.792056,0.0
0x75f7eeb85dc639d5e99c78f95393aa9a5f1170d4,2024-03-27,-38.78086,11,12798.689999999999,1163.5172727272727,1.244826,7,0,7,4,83,Extreme Greed,Greed,0.0,1.75,False,159013.011196,159051.792056,-38.78085999999894
0x75f7eeb85dc639d5e99c78f95393aa9a5f1170d4,2024-03-28,227.85100799999998,10,15309.83,1530.983,2.054369,9,9,9,1,80,Extreme Greed,Greed,1.0,9.0,True,159240.862204,159240.862204,0.0
0x75f7eeb85dc639d5e99c78f95393aa9a5f1170d4,2024-03-30,1100.57514,45,101103.92,2246.753777777778,9.939454,44,44,1,44,75,Extreme Greed,Greed,1.0,0.022727272727272728,True,160341.437344,160341.437344,0.0
0x75f7eeb85dc639d5e99c78f95393aa9a5f1170d4,2024-04-01,2507.122467,48,204481.03,4260.021458333334,36.505066,41,40,7,41,79,Extreme Greed,Greed,0.975609756097561,0.17073170731707318,True,162848.559811,162848.559811,0.0
0x75f7eeb85dc639d5e99c78f95393aa9a5f1170d4,2024-04-03,126.7884,2,6887.91,3443.955,0.6612359999999999,1,1,1,1,71,Greed,Greed,1.0,1.0,True,162975.348211,162975.348211,0.0
0x75f7eeb85dc639d5e99c78f95393aa9a5f1170d4,2024-04-05,5296.433789,82,305295.15,3723.111585365854,33.956321,75,75,7,75,79,Extreme Greed,Greed,1.0,0.09333333333333334,True,168271.782,168271.782,0.0
0x75f7eeb85dc639d5e99c78f95393aa9a5f1170d4,2024-04-08,1218.4267,2,48774.27,24387.135,4.682328,1,1,1,1,76,Extreme Greed,Greed,1.0,1.0,True,169490.2087,169490.2087,0.0
0x75f7eeb85dc639d5e99c78f95393aa9a5f1170d4,2024-04-12,2237.798674,93,261851.91,2815.611935483871,34.478052,86,71,7,86,79,Extreme Greed,Greed,0.8255813953488372,0.08139534883720931,True,171728.007374,171728.007374,0.0
0x75f7eeb85dc639d5e99c78f95393aa9a5f1170d4,2024-04-13,6621.451755,71,330222.55,4651.021830985916,64.333138,61,61,28,43,72,Greed,Greed,1.0,0.6511627906976745,True,178349.459129,178349.459129,0.0
0x75f7eeb85dc639d5e99c78f95393aa9a5f1170d4,2024-04-14,461.97292000000004,43,70396.23,1637.1216279069768,7.409347,33,30,23,20,72,Greed,Greed,0.9090909090909091,1.15,True,178811.432049,178811.432049,0.0
0x75f7eeb85dc639d5e99c78f95393aa9a5f1170d4,2024-04-15,3774.08872,38,241097.24,6344.664210526315,23.145723,35,35,15,23,74,Greed,Greed,1.0,0.6521739130434783,True,182585.520769,182585.520769,0.0
0x75f7eeb85dc639d5e99c78f95393aa9a5f1170d4,2024-04-16,2467.702221,46,181816.09,3952.523695652174,18.427083,43,43,31,15,65,Greed,Greed,1.0,2.066666666666667,True,185053.22299,185053.22299,0.0
0x75f7eeb85dc639d5e99c78f95393aa9a5f1170d4,2024-04-17,2441.4683999999997,14,97562.99,6968.785000000001,10.620963,13,13,13,1,67,Greed,Greed,1.0,13.0,True,187494.69139,187494.69139,0.0
0x75f7eeb85dc639d5e99c78f95393aa9a5f1170d4,2024-04-23,360.32138,12,40396.43,3366.369166666667,3.878045,4,4,2,10,71,Greed,Greed,1.0,0.2,True,187855.01277,187855.01277,0.0
0x75f7eeb85dc639d5e99c78f95393aa9a5f1170d4,2024-05-03,-13.844579999999999,7,330.51,47.215714285714284,0.087448,3,1,3,4,48,Neutral,Neutral,0.3333333333333333,0.75,False,187841.16819,187855.01277,-13.844580000004498
0x75f7eeb85dc639d5e99c78f95393aa9a5f1170d4,2024-05-05,0.916,2,82.3,41.15,0.017665,1,1,1,1,69,Greed,Greed,1.0,1.0,True,187842.08419,187855.01277,-12.92858000000706
0x75f7eeb85dc639d5e99c78f95393aa9a5f1170d4,2024-05-07,0.0,1,47.59,47.59,0.004568,0,0,0,1,68,Greed,Greed,,0.0,False,187842.08419,187855.01277,-12.92858000000706
0x75f7eeb85dc639d5e99c78f95393aa9a5f1170d4,2024-05-08,1.56576,3,139.38,46.46,0.034866,2,1,2,1,64,Greed,Greed,0.5,2.0,True,187843.64995,187855.01277,-11.362820000009378
0x75f7eeb85dc639d5e99c78f95393aa9a5f1170d4,2024-05-23,0.0,1,10.56,10.56,0.003549,0,0,0,1,76,Extreme Greed,Greed,,0.0,False,187843.64995,187855.01277,-11.362820000009378
0x75f7eeb85dc639d5e99c78f95393aa9a5f1170d4,2024-06-13,-1.40304,1,11.97,11.97,0.00402,1,0,1,0,70,Greed,Greed,0.0,,False,187842.24691,187855.01277,-12.765860000014072
0x75f7eeb85dc639d5e99c78f95393aa9a5f1170d4,2024-12-09,0.01574,7,117.12,16.731428571428573,0.039342,3,3,3,4,78,Extreme Greed,Greed,1.0,0.75,True,187842.26265,187855.01277,-12.75012000001152
0x75f7eeb85dc639d5e99c78f95393aa9a5f1170d4,2024-12-10,3634.56814,153,214389.55000000002,1401.238888888889,29.384128,147,147,40,113,78,Extreme Greed,Greed,1.0,0.35398230088495575,True,191476.83079,191476.83079,0.0
0x75f7eeb85dc639d5e99c78f95393aa9a5f1170d4,2024-12-11,1567.4026840000001,23,161572.27,7024.881304347826,25.752448,11,8,12,11,74,Greed,Greed,0.7272727272727273,1.0909090909090908,True,193044.233474,193044.233474,0.0
0x75f7eeb85dc639d5e99c78f95393aa9a5f1170d4,2024-12-12,323.34897900000016,52,185290.04,3563.27,31.148417,29,4,29,23,83,Extreme Greed,Greed,0.13793103448275862,1.2608695652173914,True,193367.582453,193367.582453,0.0
0x75f7eeb85dc639d5e99c78f95393aa9a5f1170d4,2024-12-13,8276.625256,26,117862.64,4533.178461538461,19.661017,25,25,8,18,76,Extreme Greed,Greed,1.0,0.4444444444444444,True,201644.207709,201644.207709,0.0
0x75f7eeb85dc639d5e99c78f95393aa9a5f1170d4,2024-12-14,-33.03286,36,60033.97,1667.6102777777778,5.763223,11,1,11,25,83,Extreme Greed,Greed,0.09090909090909091,0.44,False,201611.174849,201644.207709,-33.03286000000662
0x75f7eeb85dc639d5e99c78f95393aa9a5f1170d4,2024-12-15,126.32543000000001,14,6576.3,469.7357142857143,0.849321,13,13,1,13,80,Extreme Greed,Greed,1.0,0.07692307692307693,True,201737.500279,201737.500279,0.0
0x75f7eeb85dc639d5e99c78f95393aa9a5f1170d4,2024-12-16,758.93225,10,50820.630000000005,5082.063,4.878869,8,4,5,5,83,Extreme Greed,Greed,0.5,1.0,True,202496.432529,202496.432529,0.0
0x75f7eeb85dc639d5e99c78f95393aa9a5f1170d4,2024-12-17,3146.294798,67,132567.97,1978.6264179104478,16.281381,64,64,38,29,87,Extreme Greed,Greed,1.0,1.3103448275862069,True,205642.727327,205642.727327,0.0
0x75f7eeb85dc639d5e99c78f95393aa9a5f1170d4,2024-12-18,2507.193252,115,171689.47,1492.9519130434783,16.79201892,110,109,100,15,81,Extreme Greed,Greed,0.990909090909091,6.666666666666667,True,208149.920579,208149.920579,0.0
0x75f7eeb85dc639d5e99c78f95393aa9a5f1170d4,2024-12-19,13027.2866,235,687924.26,2927.3372765957447,103.51397576,214,205,42,193,75,Extreme Greed,Greed,0.9579439252336449,0.21761658031088082,True,221177.207179,221177.207179,0.0
0x75f7eeb85dc639d5e99c78f95393aa9a5f1170d4,2024-12-20,3509.273443,219,228247.86000000002,1042.2276712328767,30.702335,204,197,202,17,74,Greed,Greed,0.9656862745098039,11.882352941176471,True,224686.480622,224686.480622,0.0
0x75f7eeb85dc639d5e99c78f95393aa9a5f1170d4,2024-12-21,24.404600000000002,8,12857.89,1607.23625,1.435247,4,4,4,4,73,Greed,Greed,1.0,1.0,True,224710.885222,224710.885222,0.0
0x75f7eeb85dc639d5e99c78f95393aa9a5f1170d4,2024-12-23,657.693565,51,59343.64,1163.6007843137254,6.704633,50,50,50,1,70,Greed,Greed,1.0,50.0,True,225368.578787,225368.578787,0.0
0x75f7eeb85dc639d5e99c78f95393aa9a5f1170d4,2025-01-02,3429.9583199999997,53,205117.68,3870.1449056603774,25.233412,50,50,17,36,70,Greed,Greed,1.0,0.4722222222222222,True,228798.537107,228798.537107,0.0
0x75f7eeb85dc639d5e99c78f95393aa9a5f1170d4,2025-01-07,11206.706221,232,633196.38,2729.2947413793104,74.525164,221,221,219,13,78,Extreme Greed,Greed,1.0,16.846153846153847,True,240005.243328,240005.243328,0.0
0x75f7eeb85dc639d5e99c78f95393aa9a5f1170d4,2025-01-08,3710.36178,49,226664.16,4625.799183673469,24.977222,45,45,27,22,70,Greed,Greed,1.0,1.2272727272727273,True,243715.605108,243715.605108,0.0
0x75f7eeb85dc639d5e99c78f95393aa9a5f1170d4,2025-01-13,3944.7294389999997,50,217121.19,4342.4238000000005,44.465579,47,47,3,47,61,Greed,Greed,1.0,0.06382978723404255,True,247660.334547,247660.334547,0.0
0x75f7eeb85dc639d5e99c78f95393aa9a5f1170d4,2025-01-14,104.68064,9,42271.19,4696.798888888889,4.980566,4,4,4,5,63,Greed,Greed,1.0,0.8,True,247765.015187,247765.015187,0.0
0x75f7eeb85dc639d5e99c78f95393aa9a5f1170d4,2025-01-18,-3249.381438,33,255051.3,7728.827272727272,29.149313,23,7,23,10,77,Extreme Greed,Greed,0.30434782608695654,2.3,False,244515.633749,247765.015187,-3249.3814380000113
0x75f7eeb85dc639d5e99c78f95393aa9a5f1170d4,2025-01-20,16210.341667,409,683441.43,1671.0059413202935,104.420046,395,395,190,219,76,Extreme Greed,Greed,1.0,0.867579908675799,True,260725.975416,260725.975416,0.0
0x75f7eeb85dc639d5e99c78f95393aa9a5f1170d4,2025-01-22,548.62199,35,80548.71,2301.3917142857144,12.473436,34,34,1,34,84,Extreme Greed,Greed,1.0,0.029411764705882353,True,261274.597406,261274.597406,0.0
0x75f7eeb85dc639d5e99c78f95393aa9a5f1170d4,2025-01-24,3540.716915,137,175718.74,1282.6185401459854,21.102389,129,129,53,84,75,Extreme Greed,Greed,1.0,0.6309523809523809,True,264815.314321,264815.314321,0.0
0x75f7eeb85dc639d5e99c78f95393aa9a5f1170d4,2025-01-27,2582.715893,128,253685.34,1981.91671875,37.181053,122,122,99,29,71,Greed,Greed,1.0,3.413793103448276,True,267398.030214,267398.030214,0.0
0x75f7eeb85dc639d5e99c78f95393aa9a5f1170d4,2025-01-28,1150.332823,37,121182.37000000001,3275.1991891891894,12.812707,34,34,3,34,72,Greed,Greed,1.0,0.08823529411764706,True,268548.363037,268548.363037,0.0
0x75f7eeb85dc639d5e99c78f95393aa9a5f1170d4,2025-01-29,45.381082,36,47911.02,1330.8616666666667,7.354436,28,28,8,28,72,Greed,Greed,1.0,0.2857142857142857,True,268593.744119,268593.744119,0.0
0x75f7eeb85dc639d5e99c78f95393aa9a5f1170d4,2025-01-30,5049.257348,134,290703.24,2169.4271641791042,37.265119999999996,110,110,62,72,70,Greed,Greed,1.0,0.8611111111111112,True,273643.001467,273643.001467,0.0
0x75f7eeb85dc639d5e99c78f95393aa9a5f1170d4,2025-01-31,6216.099195999999,172,394910.55,2295.991569767442,45.998861,152,120,92,80,76,Extreme Greed,Greed,0.7894736842105263,1.15,True,279859.100663,279859.100663,0.0
0x75f7eeb85dc639d5e99c78f95393aa9a5f1170d4,2025-02-01,9609.447365,148,595897.22,4026.3325675675674,97.74337,115,114,114,34,68,Greed,Greed,0.991304347826087,3.3529411764705883,True,289468.548028,289468.548028,0.0
0x75f7eeb85dc639d5e99c78f95393aa9a5f1170d4,2025-02-03,14982.681725,351,1032269.1,2940.937606837607,164.396728,330,263,100,251,44,Fear,Fear,0.796969696969697,0.398406374501992,True,304451.229753,304451.229753,0.0
0x75f7eeb85dc639d5e99c78f95393aa9a5f1170d4,2025-02-04,1985.815595,76,121983.85,1605.050657894737,16.000068,74,74,2,74,72,Greed,Greed,1.0,0.02702702702702703,True,306437.045348,306437.045348,0.0
0x75f7eeb85dc639d5e99c78f95393aa9a5f1170d4,2025-02-05,14.590934,20,42145.06,2107.2529999999997,4.417903,15,15,5,15,54,Neutral,Neutral,1.0,0.3333333333333333,True,306451.636282,306451.636282,0.0
0x75f7eeb85dc639d5e99c78f95393aa9a5f1170d4,2025-02-06,2055.538866,73,341318.58,4675.59698630137,104.103473,37,20,40,33,49,Neutral,Neutral,0.5405405405405406,1.2121212121212122,True,308507.175148,308507.175148,0.0
0x75f7eeb85dc639d5e99c78f95393aa9a5f1170d4,2025-02-07,2648.450789,58,231829.37,3997.0581034482757,25.810961,51,41,6,52,44,Fear,Fear,0.803921568627451,0.11538461538461539,True,311155.625937,311155.625937,0.0
0x75f7eeb85dc639d5e99c78f95393aa9a5f1170d4,2025-02-08,235.47104,2,13764.55,6882.275,1.3213940000000002,1,1,1,1,44,Fear,Fear,1.0,1.0,True,311391.096977,311391.096977,0.0
0x75f7eeb85dc639d5e99c78f95393aa9a5f1170d4,2025-02-09,627.556755,71,108650.81999999999,1530.2932394366196,11.969258,66,66,66,5,46,Neutral,Neutral,1.0,13.2,True,312018.653732,312018.653732,0.0
0x75f7eeb85dc639d5e99c78f95393aa9a5f1170d4,2025-02-10,990.674468,58,153563.73,2647.6505172413795,21.181347,35,35,24,34,43,Fear,Fear,1.0,0.7058823529411765,True,313009.3282,313009.3282,0.0
0x75f7eeb85dc639d5e99c78f95393aa9a5f1170d4,2025-02-11,1053.5230999999999,5,36934.96,7386.992,3.54597,3,3,2,3,47,Neutral,Neutral,1.0,0.6666666666666666,True,314062.8513,314062.8513,0.0
0x75f7eeb85dc639d5e99c78f95393aa9a5f1170d4,2025-02-12,-22303.603584,118,348457.81,2953.0322881355933,56.602002,100,28,31,87,46,Neutral,Neutral,0.28,0.3563218390804598,False,291759.247716,314062.8513,-22303.603583999968
0x75f7eeb85dc639d5e99c78f95393aa9a5f1170d4,2025-02-13,2390.12335,101,129157.99,1278.79198019802,16.026525,84,84,84,17,50,Neutral,Neutral,1.0,4.9411764705882355,True,294149.371066,314062.8513,-19913.48023399996
0x75f7eeb85dc639d5e99c78f95393aa9a5f1170d4,2025-02-15,462.740727,28,108503.92,3875.14,16.740029,19,19,9,19,50,Neutral,Neutral,1.0,0.47368421052631576,True,294612.111793,314062.8513,-19450.739506999962
0x75f7eeb85dc639d5e99c78f95393aa9a5f1170d4,2025-02-16,14.54605,5,1706.16,341.232,0.370271,1,1,4,1,54,Neutral,Neutral,1.0,4.0,True,294626.657843,314062.8513,-19436.193456999958
0x75f7eeb85dc639d5e99c78f95393aa9a5f1170d4,2025-02-18,3112.721339,131,314138.47000000003,2398.0035877862597,48.073629,127,106,18,113,47,Neutral,Neutral,0.8346456692913385,0.1592920353982301,True,297739.379182,314062.8513,-16323.472117999976
0x75f7eeb85dc639d5e99c78f95393aa9a5f1170d4,2025-02-19,770.462266,221,356494.68,1613.0980995475113,61.884528,208,154,204,17,44,Fear,Fear,0.7403846153846154,12.0,True,298509.841448,314062.8513,-15553.009851999988
0x75f7eeb85dc639d5e99c78f95393aa9a5f1170d4,2025-02-20,1727.154021,69,145023.33,2101.7873913043477,20.246741,65,65,52,17,49,Neutral,Neutral,1.0,3.0588235294117645,True,300236.995469,314062.8513,-13825.855830999964
0x75f7eeb85dc639d5e99c78f95393aa9a5f1170d4,2025-02-21,2720.828056,188,282910.54,1504.8432978723404,41.777771,149,121,61,127,55,Greed,Greed,0.8120805369127517,0.48031496062992124,True,302957.823525,314062.8513,-11105.027774999966
0x75f7eeb85dc639d5e99c78f95393aa9a5f1170d4,2025-02-22,1437.17482,121,265560.55,2194.715289256198,34.126202,82,80,41,80,49,Neutral,Neutral,0.975609756097561,0.5125,True,304394.99834499997,314062.8513,-9667.85295500001
0x75f7eeb85dc639d5e99c78f95393aa9a5f1170d4,2025-02-23,1001.2053860000001,125,295546.9,2364.3752000000004,31.916074000000002,99,98,26,99,50,Neutral,Neutral,0.98989898989899,0.26262626262626265,True,305396.203731,314062.8513,-8666.647568999964
0x75f7eeb85dc639d5e99c78f95393aa9a5f1170d4,2025-02-25,3622.6256409999996,79,189206.48,2395.0187341772153,24.886989,76,76,17,62,25,Fear,Fear,1.0,0.27419354838709675,True,309018.829372,314062.8513,-5044.021927999973
0x75f7eeb85dc639d5e99c78f95393aa9a5f1170d4,2025-02-26,5303.037252,86,342731.13,3985.245697674419,56.733821999999996,81,80,81,5,21,Extreme Fear,Fear,0.9876543209876543,16.2,True,314321.866624,314321.866624,0.0
0x75f7eeb85dc639d5e99c78f95393aa9a5f1170d4,2025-03-02,948.6016900000001,12,47082.770000000004,3923.564166666667,5.349213,11,11,11,1,26,Fear,Fear,1.0,11.0,True,315270.468314,315270.468314,0.0
0x75f7eeb85dc639d5e99c78f95393aa9a5f1170d4,2025-03-03,-370.250064,101,102889.35,1018.7064356435644,9.877271,68,61,33,68,33,Fear,Fear,0.8970588235294118,0.4852941176470588,False,314900.21825,315270.468314,-370.25006400002167
0x75f7eeb85dc639d5e99c78f95393aa9a5f1170d4,2025-03-05,-5843.04,2,85842.95999999999,42921.479999999996,19.243244,1,0,1,1,20,Extreme Fear,Fear,0.0,1.0,False,309057.17825,315270.468314,-6213.290064000001
0x75f7eeb85dc639d5e99c78f95393aa9a5f1170d4,2025-03-08,556.480533,18,28328.35,1573.7972222222222,3.15862,17,17,17,1,28,Fear,Fear,1.0,17.0,True,309613.658783,315270.468314,-5656.809530999977
0x75f7eeb85dc639d5e99c78f95393aa9a5f1170d4,2025-03-11,23670.188163,170,544456.68,3202.6863529411767,112.67065099999999,161,161,86,84,24,Extreme Fear,Fear,1.0,1.0238095238095237,True,333283.846946,333283.846946,0.0
0x75f7eeb85dc639d5e99c78f95393aa9a5f1170d4,2025-03-12,788.209533,24,49275.18,2053.1325,10.738006,21,21,3,21,34,Fear,Fear,1.0,0.14285714285714285,True,334072.056479,334072.056479,0.0
0x75f7eeb85dc639d5e99c78f95393aa9a5f1170d4,2025-03-13,216.69714,20,79978.34,3998.917,17.30131,1,1,1,19,45,Neutral,Neutral,1.0,0.05263157894736842,True,334288.753619,334288.753619,0.0
0x75f7eeb85dc639d5e99c78f95393aa9a5f1170d4,2025-03-15,500.116094,33,44620.25,1352.128787878788,9.577927,30,7,30,3,46,Neutral,Neutral,0.23333333333333334,10.0,True,334788.869713,334788.869713,0.0
0x75f7eeb85dc639d5e99c78f95393aa9a5f1170d4,2025-03-16,941.32505,15,31065.52,2071.034666666667,3.785233,14,14,1,14,30,Fear,Fear,1.0,0.07142857142857142,True,335730.194763,335730.194763,0.0
0x75f7eeb85dc639d5e99c78f95393aa9a5f1170d4,2025-03-17,5845.632627,152,196439.4,1292.3644736842105,33.132635,146,146,96,56,32,Fear,Fear,1.0,1.7142857142857142,True,341575.82739,341575.82739,0.0
0x75f7eeb85dc639d5e99c78f95393aa9a5f1170d4,2025-03-18,82.269533,14,8544.52,610.3228571428572,1.835731,10,10,10,4,34,Fear,Fear,1.0,2.5,True,341658.096923,341658.096923,0.0
0x75f7eeb85dc639d5e99c78f95393aa9a5f1170d4,2025-03-19,106.886191,43,50142.5,1166.1046511627908,5.976523,42,39,1,42,32,Fear,Fear,0.9285714285714286,0.023809523809523808,True,341764.983114,341764.983114,0.0
0x75f7eeb85dc639d5e99c78f95393aa9a5f1170d4,2025-03-20,646.76766,32,30907.17,965.8490625,3.462904,31,31,1,31,49,Neutral,Neutral,1.0,0.03225806451612903,True,342411.750774,342411.750774,0.0
0x75f7eeb85dc639d5e99c78f95393aa9a5f1170d4,2025-03-22,4462.921835,63,61012.3,968.4492063492064,12.594714,61,61,57,6,32,Fear,Fear,1.0,9.5,True,346874.672609,346874.672609,0.0
0x75f7eeb85dc639d5e99c78f95393aa9a5f1170d4,2025-03-24,80.95313,26,4664.160000000001,179.39076923076925,0.990803,23,22,23,3,45,Neutral,Neutral,0.9565217391304348,7.666666666666667,True,346955.625739,346955.625739,0.0
0x75f7eeb85dc639d5e99c78f95393aa9a5f1170d4,2025-03-25,520.971268,29,75813.27,2614.2506896551727,15.198034,27,26,15,14,46,Neutral,Neutral,0.9629629629629629,1.0714285714285714,True,347476.597007,347476.597007,0.0
0x75f7eeb85dc639d5e99c78f95393aa9a5f1170d4,2025-03-26,96.945218,79,109409.06,1384.9248101265823,10.503193,27,25,28,51,47,Neutral,Neutral,0.9259259259259259,0.5490196078431373,True,347573.542225,347573.542225,0.0
0x75f7eeb85dc639d5e99c78f95393aa9a5f1170d4,2025-03-29,133.123947,83,42161.72,507.97253012048196,9.122804,81,66,2,81,26,Fear,Fear,0.8148148148148148,0.024691358024691357,True,347706.666172,347706.666172,0.0
0x75f7eeb85dc639d5e99c78f95393aa9a5f1170d4,2025-03-31,1239.24045,52,49526.1,952.425,4.754582,51,51,1,51,34,Fear,Fear,1.0,0.0196078431372549,True,348945.906622,348945.906622,0.0
0x75f7eeb85dc639d5e99c78f95393aa9a5f1170d4,2025-04-02,90.98474,11,32179.99,2925.4536363636366,3.0892720000000002,9,9,9,2,44,Fear,Fear,1.0,4.5,True,349036.891362,349036.891362,0.0
0x75f7eeb85dc639d5e99c78f95393aa9a5f1170d4,2025-04-06,3370.85855,39,154160.34,3952.829230769231,21.978677,36,36,3,36,34,Fear,Fear,1.0,0.08333333333333333,True,352407.74991199997,352407.74991199997,0.0
0x75f7eeb85dc639d5e99c78f95393aa9a5f1170d4,2025-04-08,948.85929,43,48011.8,1116.5534883720932,9.123714,42,42,1,42,24,Extreme Fear,Fear,1.0,0.023809523809523808,True,353356.609202,353356.609202,0.0
0x75f7eeb85dc639d5e99c78f95393aa9a5f1170d4,2025-04-09,1593.7933500000001,15,58405.28,3893.6853333333333,12.424271,6,6,6,9,18,Extreme Fear,Fear,1.0,0.6666666666666666,True,354950.402552,354950.402552,0.0
0x75f7eeb85dc639d5e99c78f95393aa9a5f1170d4,2025-04-12,1442.90516,44,61443.590000000004,1396.4452272727274,10.549133,42,42,2,42,43,Fear,Fear,1.0,0.047619047619047616,True,356393.307712,356393.307712,0.0
0x75f7eeb85dc639d5e99c78f95393aa9a5f1170d4,2025-04-14,1828.36966,40,124998.53,3124.96325,22.8387,33,33,27,13,31,Fear,Fear,1.0,2.076923076923077,True,358221.677372,358221.677372,0.0
0x75f7eeb85dc639d5e99c78f95393aa9a5f1170d4,2025-04-15,1208.695445,36,58792.0,1633.111111111111,5.697593,35,35,35,1,38,Fear,Fear,1.0,35.0,True,359430.372817,359430.372817,0.0
0x75f7eeb85dc639d5e99c78f95393aa9a5f1170d4,2025-04-16,1674.357543,35,93770.65999999999,2679.161714285714,17.342231,33,33,27,8,29,Fear,Fear,1.0,3.375,True,361104.73036,361104.73036,0.0
0x75f7eeb85dc639d5e99c78f95393aa9a5f1170d4,2025-04-18,471.89234,6,24291.37,4048.5616666666665,5.190304,5,5,5,1,33,Fear,Fear,1.0,5.0,True,361576.6227,361576.6227,0.0
0x75f7eeb85dc639d5e99c78f95393aa9a5f1170d4,2025-04-19,1403.177311,55,63371.38,1152.206909090909,6.656563,32,26,28,27,32,Fear,Fear,0.8125,1.037037037037037,True,362979.800011,362979.800011,0.0
0x75f7eeb85dc639d5e99c78f95393aa9a5f1170d4,2025-04-20,-111.77234,52,60112.75,1156.014423076923,12.976578,50,11,50,2,37,Fear,Fear,0.22,25.0,False,362868.027671,362979.800011,-111.772340000025
0x75f7eeb85dc639d5e99c78f95393aa9a5f1170d4,2025-04-22,2933.203058,327,117072.94,358.02122324159023,21.086311000000002,325,325,325,2,47,Neutral,Neutral,1.0,162.5,True,365801.230729,365801.230729,0.0
0x75f7eeb85dc639d5e99c78f95393aa9a5f1170d4,2025-04-23,6439.07977,154,368639.17,2393.760844155844,56.965183,146,146,97,57,72,Greed,Greed,1.0,1.7017543859649122,True,372240.310499,372240.310499,0.0
0x75f7eeb85dc639d5e99c78f95393aa9a5f1170d4,2025-04-24,1250.2581989999999,29,72627.81,2504.40724137931,9.656694,21,5,17,12,63,Greed,Greed,0.23809523809523808,1.4166666666666667,True,373490.568698,373490.568698,0.0
0x75f7eeb85dc639d5e99c78f95393aa9a5f1170d4,2025-04-25,1113.013801,99,76976.78,777.5432323232324,15.513931,82,82,16,83,60,Greed,Greed,1.0,0.1927710843373494,True,374603.582499,374603.582499,0.0
0x75f7eeb85dc639d5e99c78f95393aa9a5f1170d4,2025-04-26,3291.144446,113,158243.33,1400.3834513274335,17.518361,110,110,110,3,65,Greed,Greed,1.0,36.666666666666664,True,377894.726945,377894.726945,0.0
0x75f7eeb85dc639d5e99c78f95393aa9a5f1170d4,2025-04-27,471.712989,83,120476.39,1451.5227710843374,12.53856,81,53,2,81,61,Greed,Greed,0.654320987654321,0.024691358024691357,True,378366.439934,378366.439934,0.0
0x75f7eeb85dc639d5e99c78f95393aa9a5f1170d4,2025-04-28,728.966777,33,34724.43,1052.2554545454545,4.663589,27,22,6,27,54,Neutral,Neutral,0.8148148148148148,0.2222222222222222,True,379095.406711,379095.406711,0.0
0x7f4f299f74eec87806a830e3caa9afa5f2b9db8f,2024-12-25,14.21524,4,6754.21,1688.5525,1.521474,3,3,1,3,73,Greed,Greed,1.0,0.3333333333333333,True,14.21524,14.21524,0.0
0x7f4f299f74eec87806a830e3caa9afa5f2b9db8f,2024-12-29,0.0,4,43278.42,10819.605,0.15618992000000004,0,0,4,0,73,Greed,Greed,,,False,14.21524,14.21524,0.0
0x7f4f299f74eec87806a830e3caa9afa5f2b9db8f,2024-12-30,838.9844760000001,12,48828.85,4069.070833333333,3.25899193,7,7,5,7,65,Greed,Greed,1.0,0.7142857142857143,True,853.1997160000001,853.1997160000001,0.0
0x7f4f299f74eec87806a830e3caa9afa5f2b9db8f,2024-12-31,0.0,1,8056.83,8056.83,0.03131298,0,0,1,0,64,Greed,Greed,,,False,853.1997160000001,853.1997160000001,0.0
0x7f4f299f74eec87806a830e3caa9afa5f2b9db8f,2025-01-01,0.0,3,22667.48,7555.826666666667,0.09393894,0,0,3,0,66,Greed,Greed,,,False,853.1997160000001,853.1997160000001,0.0
0x7f4f299f74eec87806a830e3caa9afa5f2b9db8f,2025-01-02,1008.518954,9,60827.07,6758.5633333333335,3.6017669,5,5,4,5,70,Greed,Greed,1.0,0.8,True,1861.7186700000002,1861.7186700000002,0.0
0x7f4f299f74eec87806a830e3caa9afa5f2b9db8f,2025-01-03,937.789615,26,51369.17,1975.7373076923077,2.84845973,17,17,9,17,74,Greed,Greed,1.0,0.5294117647058824,True,2799.508285,2799.508285,0.0
0x7f4f299f74eec87806a830e3caa9afa5f2b9db8f,2025-01-05,1093.05677,7,12797.13,1828.1614285714284,1.279708,7,7,0,7,72,Greed,Greed,1.0,0.0,True,3892.565055,3892.565055,0.0
0x7f4f299f74eec87806a830e3caa9afa5f2b9db8f,2025-01-06,1260.832586,1,12912.0,12912.0,1.2912,1,1,0,1,76,Extreme Greed,Greed,1.0,0.0,True,5153.397641,5153.397641,0.0
0x7f4f299f74eec87806a830e3caa9afa5f2b9db8f,2025-01-07,0.0,1,5768.6,5768.6,0.02418696,0,0,1,0,78,Extreme Greed,Greed,,,False,5153.397641,5153.397641,0.0
0x7f4f299f74eec87806a830e3caa9afa5f2b9db8f,2025-01-08,0.0,11,23615.29,2146.8445454545454,0.10884278,0,0,11,0,70,Greed,Greed,,,False,5153.397641,5153.397641,0.0
0x7f4f299f74eec87806a830e3caa9afa5f2b9db8f,2025-01-09,0.0,1,9563.74,9563.74,0.04837496,0,0,1,0,69,Greed,Greed,,,False,5153.397641,5153.397641,0.0
0x7f4f299f74eec87806a830e3caa9afa5f2b9db8f,2025-01-13,1621.278931,4,30182.67,7545.6675,3.018264,4,4,0,4,61,Greed,Greed,1.0,0.0,True,6774.676572,6774.676572,0.0
0x7f4f299f74eec87806a830e3caa9afa5f2b9db8f,2025-01-15,1261.448002,1,11647.74,11647.74,1.164773,1,1,0,1,70,Greed,Greed,1.0,0.0,True,8036.124574,8036.124574,0.0
0x7f4f299f74eec87806a830e3caa9afa5f2b9db8f,2025-01-19,0.0,1,99.88,99.88,0.00168698,0,0,1,0,77,Extreme Greed,Greed,,,False,8036.124574,8036.124574,0.0
0x7f4f299f74eec87806a830e3caa9afa5f2b9db8f,2025-03-24,-869.145978,2,16898.940000000002,8449.470000000001,1.689893,2,0,0,2,45,Neutral,Neutral,0.0,0.0,False,7166.978596,8036.124574,-869.1459780000005
0x7f4f299f74eec87806a830e3caa9afa5f2b9db8f,2025-03-26,0.0,3,16897.370000000003,5632.456666666668,0.12173888,0,0,3,0,47,Neutral,Neutral,,,False,7166.978596,8036.124574,-869.1459780000005
0x7f4f299f74eec87806a830e3caa9afa5f2b9db8f,2025-03-28,1130.350383,6,18027.760000000002,3004.626666666667,1.802775,6,6,0,6,44,Fear,Fear,1.0,0.0,True,8297.328979,8297.328979,0.0
0x7f4f299f74eec87806a830e3caa9afa5f2b9db8f,2025-04-08,246.8944,26,56053.090000000004,2155.8880769230773,5.6053,16,16,10,16,24,Extreme Fear,Fear,1.0,0.625,True,8544.223379000001,8544.223379000001,0.0
0x7f4f299f74eec87806a830e3caa9afa5f2b9db8f,2025-04-09,2975.927732,799,2791902.19,3494.2455444305383,408.355916,381,375,361,438,18,Extreme Fear,Fear,0.984251968503937,0.8242009132420092,True,11520.151111,11520.151111,0.0
0x7f4f299f74eec87806a830e3caa9afa5f2b9db8f,2025-04-10,-372.76464,105,644130.0,6134.571428571428,82.69018200000001,60,28,38,67,39,Fear,Fear,0.4666666666666667,0.5671641791044776,False,11147.386471,11520.151111,-372.7646399999994
0x7f4f299f74eec87806a830e3caa9afa5f2b9db8f,2025-04-11,2550.108815,279,655093.27,2348.0045519713262,85.463826,136,136,62,217,25,Fear,Fear,1.0,0.2857142857142857,True,13697.495286000001,13697.495286000001,0.0
0x7f4f299f74eec87806a830e3caa9afa5f2b9db8f,2025-04-12,303.170149,120,435988.27,3633.2355833333336,58.013753,69,69,76,44,43,Fear,Fear,1.0,1.7272727272727273,True,14000.665435,14000.665435,0.0
0x7f4f299f74eec87806a830e3caa9afa5f2b9db8f,2025-04-13,355.09,94,427208.05,4544.766489361702,64.879745,11,10,80,14,45,Neutral,Neutral,0.9090909090909091,5.714285714285714,True,14355.755435000001,14355.755435000001,0.0
0x7f4f299f74eec87806a830e3caa9afa5f2b9db8f,2025-04-17,425.687612,34,251215.42,7388.688823529412,44.009555,16,16,16,18,30,Fear,Fear,1.0,0.8888888888888888,True,14781.443047,14781.443047,0.0
0x7f4f299f74eec87806a830e3caa9afa5f2b9db8f,2025-04-22,119.0,5,182701.01,36540.202000000005,9.135048000000001,4,4,4,1,47,Neutral,Neutral,1.0,4.0,True,14900.443047,14900.443047,0.0
0x8170715b3b381dffb7062c0298972d4727a0a63b,2024-12-17,0.0,14,29998.86,2142.7757142857145,0.11005894999999999,0,0,14,0,87,Extreme Greed,Greed,,,False,0.0,0.0,0.0
0x8170715b3b381dffb7062c0298972d4727a0a63b,2024-12-18,0.0,1,4999.94,4999.94,0.01953097,0,0,1,0,81,Extreme Greed,Greed,,,False,0.0,0.0,0.0
0x8170715b3b381dffb7062c0298972d4727a0a63b,2024-12-27,453.853206,29,24999.01,862.0348275862068,2.499887,5,5,0,29,74,Greed,Greed,1.0,0.0,True,453.853206,453.853206,0.0
0x8170715b3b381dffb7062c0298972d4727a0a63b,2024-12-28,343.092145,1,4999.89,4999.89,0.499989,1,1,0,1,72,Greed,Greed,1.0,0.0,True,796.9453510000001,796.9453510000001,0.0
0x8170715b3b381dffb7062c0298972d4727a0a63b,2024-12-29,768.814445,4,7673.17,1918.2925,0.767315,4,4,3,1,73,Greed,Greed,1.0,3.0,True,1565.759796,1565.759796,0.0
0x8170715b3b381dffb7062c0298972d4727a0a63b,2024-12-30,1211.511836,6,5681.31,946.8850000000001,0.568128,6,6,6,0,65,Greed,Greed,1.0,,True,2777.271632,2777.271632,0.0
0x8170715b3b381dffb7062c0298972d4727a0a63b,2024-12-31,306.563532,3,1028.46,342.82,0.10284599999999999,3,3,3,0,64,Greed,Greed,1.0,,True,3083.835164,3083.835164,0.0
0x8170715b3b381dffb7062c0298972d4727a0a63b,2025-01-02,739.18423,3,3012.4900000000002,1004.1633333333334,1.054367,3,3,3,0,70,Greed,Greed,1.0,,True,3823.019394,3823.019394,0.0
0x8170715b3b381dffb7062c0298972d4727a0a63b,2025-01-22,-179.521683,6,11242.93,1873.8216666666667,1.9912670000000001,6,0,0,6,84,Extreme Greed,Greed,0.0,0.0,False,3643.497711,3823.019394,-179.52168299999994
0x8170715b3b381dffb7062c0298972d4727a0a63b,2025-01-25,-18956.391598000002,29,130058.37,4484.771379310345,42.396872,29,5,26,3,75,Extreme Greed,Greed,0.1724137931034483,8.666666666666666,False,-15312.893887000002,3823.019394,-19135.913281
0x8170715b3b381dffb7062c0298972d4727a0a63b,2025-01-26,0.0,26,25001.07,961.5796153846154,3.840246,0,0,0,26,73,Greed,Greed,,0.0,False,-15312.893887000002,3823.019394,-19135.913281
0x8170715b3b381dffb7062c0298972d4727a0a63b,2025-01-27,0.0,22,14999.84,681.8109090909091,1.439962,0,0,0,22,71,Greed,Greed,,0.0,False,-15312.893887000002,3823.019394,-19135.913281
0x8170715b3b381dffb7062c0298972d4727a0a63b,2025-01-28,0.0,17,9999.78,588.2223529411765,0.959961,0,0,0,17,72,Greed,Greed,,0.0,False,-15312.893887000002,3823.019394,-19135.913281
0x8170715b3b381dffb7062c0298972d4727a0a63b,2025-01-29,0.0,7,6999.64,999.9485714285714,0.67196,0,0,0,7,72,Greed,Greed,,0.0,False,-15312.893887000002,3823.019394,-19135.913281
0x8170715b3b381dffb7062c0298972d4727a0a63b,2025-01-30,0.0,37,17999.63,486.4764864864865,1.7279309999999999,0,0,0,37,70,Greed,Greed,,0.0,False,-15312.893887000002,3823.019394,-19135.913281
0x8170715b3b381dffb7062c0298972d4727a0a63b,2025-01-31,0.0,48,30032.41,625.6752083333333,2.883069,0,0,0,48,76,Extreme Greed,Greed,,0.0,False,-15312.893887000002,3823.019394,-19135.913281
0x8170715b3b381dffb7062c0298972d4727a0a63b,2025-02-01,0.0,18,13921.36,773.4088888888889,1.336437,0,0,0,18,68,Greed,Greed,,0.0,False,-15312.893887000002,3823.019394,-19135.913281
0x8170715b3b381dffb7062c0298972d4727a0a63b,2025-02-02,0.0,30,40000.12,1333.3373333333334,5.040154,0,0,0,30,60,Greed,Greed,,0.0,False,-15312.893887000002,3823.019394,-19135.913281
0x8170715b3b381dffb7062c0298972d4727a0a63b,2025-02-03,13770.715332,119,42245.02,355.00016806722687,4.055456,96,96,96,23,44,Fear,Fear,1.0,4.173913043478261,True,-1542.1785550000022,3823.019394,-5365.197949000002
0x8170715b3b381dffb7062c0298972d4727a0a63b,2025-02-04,0.0,45,30451.71,676.7046666666666,2.923326,0,0,0,45,72,Greed,Greed,,0.0,False,-1542.1785550000022,3823.019394,-5365.197949000002
0x8170715b3b381dffb7062c0298972d4727a0a63b,2025-02-05,0.0,25,14999.82,599.9928,1.439955,0,0,0,25,54,Neutral,Neutral,,0.0,False,-1542.1785550000022,3823.019394,-5365.197949000002
0x8170715b3b381dffb7062c0298972d4727a0a63b,2025-02-06,0.0,17,7999.759999999999,470.57411764705876,0.767964,0,0,0,17,49,Neutral,Neutral,,0.0,False,-1542.1785550000022,3823.019394,-5365.197949000002
0x8170715b3b381dffb7062c0298972d4727a0a63b,2025-02-07,0.0,9,5999.86,666.651111111111,0.575978,0,0,0,9,44,Fear,Fear,,0.0,False,-1542.1785550000022,3823.019394,-5365.197949000002
0x8170715b3b381dffb7062c0298972d4727a0a63b,2025-02-08,0.0,5,4999.92,999.984,0.479987,0,0,0,5,44,Fear,Fear,,0.0,False,-1542.1785550000022,3823.019394,-5365.197949000002
0x8170715b3b381dffb7062c0298972d4727a0a63b,2025-02-09,0.0,87,12000.32,137.93471264367815,1.424024,0,0,0,87,46,Neutral,Neutral,,0.0,False,-1542.1785550000022,3823.019394,-5365.197949000002
0x8170715b3b381dffb7062c0298972d4727a0a63b,2025-02-10,24.634532000000036,85,59404.15,698.8723529411765,5.702735,65,29,65,20,43,Fear,Fear,0.4461538461538462,3.25,True,-1517.5440230000022,3823.019394,-5340.563417000002
0x8170715b3b381dffb7062c0298972d4727a0a63b,2025-02-11,0.0,13,9999.93,769.2253846153847,0.959979,0,0,0,13,47,Neutral,Neutral,,0.0,False,-1517.5440230000022,3823.019394,-5340.563417000002
0x8170715b3b381dffb7062c0298972d4727a0a63b,2025-02-12,0.0,23,24999.670000000002,1086.9421739130435,2.399949,0,0,0,23,46,Neutral,Neutral,,0.0,False,-1517.5440230000022,3823.019394,-5340.563417000002
0x8170715b3b381dffb7062c0298972d4727a0a63b,2025-02-13,-3556.3882559999997,46,43595.9,947.7369565217392,8.648265,16,0,16,30,50,Neutral,Neutral,0.0,0.5333333333333333,False,-5073.932279000002,3823.019394,-8896.951673000003
0x8170715b3b381dffb7062c0298972d4727a0a63b,2025-02-14,8781.96,311,847863.59,2726.2494855305467,103.773876,105,82,124,187,48,Neutral,Neutral,0.780952380952381,0.6631016042780749,True,3708.0277209999967,3823.019394,-114.99167300000317
0x8170715b3b381dffb7062c0298972d4727a0a63b,2025-02-15,35346.87108,179,432960.07,2418.771340782123,108.947388,161,154,50,129,50,Neutral,Neutral,0.9565217391304348,0.3875968992248062,True,39054.898800999996,39054.898800999996,0.0
0x8170715b3b381dffb7062c0298972d4727a0a63b,2025-02-16,0.0,3,9999.890000000001,3333.296666666667,0.959985,0,0,0,3,54,Neutral,Neutral,,0.0,False,39054.898800999996,39054.898800999996,0.0
0x8170715b3b381dffb7062c0298972d4727a0a63b,2025-02-17,0.0,6,15019.05,2503.1749999999997,2.646425,0,0,0,6,51,Neutral,Neutral,,0.0,False,39054.898800999996,39054.898800999996,0.0
0x8170715b3b381dffb7062c0298972d4727a0a63b,2025-02-18,0.0,13,24999.7,1923.0538461538463,2.3999610000000002,0,0,0,13,47,Neutral,Neutral,,0.0,False,39054.898800999996,39054.898800999996,0.0
0x8170715b3b381dffb7062c0298972d4727a0a63b,2025-02-19,0.0,17,14999.82,882.3423529411765,1.439975,0,0,0,17,44,Fear,Fear,,0.0,False,39054.898800999996,39054.898800999996,0.0
0x8170715b3b381dffb7062c0298972d4727a0a63b,2025-02-20,0.0,31,34999.78,1129.0251612903226,3.359948,0,0,0,31,49,Neutral,Neutral,,0.0,False,39054.898800999996,39054.898800999996,0.0
0x8170715b3b381dffb7062c0298972d4727a0a63b,2025-02-21,0.0,38,24999.690000000002,657.8865789473684,2.399939,0,0,0,38,55,Greed,Greed,,0.0,False,39054.898800999996,39054.898800999996,0.0
0x8170715b3b381dffb7062c0298972d4727a0a63b,2025-02-23,0.0,4,4999.92,1249.98,0.479988,0,0,0,4,50,Neutral,Neutral,,0.0,False,39054.898800999996,39054.898800999996,0.0
0x8170715b3b381dffb7062c0298972d4727a0a63b,2025-02-25,8698.883848,39,24999.87,641.0223076923077,2.39996,39,39,39,0,25,Fear,Fear,1.0,,True,47753.78264899999,47753.78264899999,0.0
0x8170715b3b381dffb7062c0298972d4727a0a63b,2025-02-26,2225.835732,1,4999.92,4999.92,0.479992,1,1,1,0,21,Extreme Fear,Fear,1.0,,True,49979.61838099999,49979.61838099999,0.0
0x8170715b3b381dffb7062c0298972d4727a0a63b,2025-02-28,3309.75,7,5000.0,714.2857142857143,0.479998,7,7,7,0,16,Extreme Fear,Fear,1.0,,True,53289.36838099999,53289.36838099999,0.0
0x8170715b3b381dffb7062c0298972d4727a0a63b,2025-03-02,0.0,2,4999.95,2499.975,0.47999499999999995,0,0,0,2,26,Fear,Fear,,0.0,False,53289.36838099999,53289.36838099999,0.0
0x8170715b3b381dffb7062c0298972d4727a0a63b,2025-03-03,0.0,8,4999.95,624.99375,0.479993,0,0,0,8,33,Fear,Fear,,0.0,False,53289.36838099999,53289.36838099999,0.0
0x8170715b3b381dffb7062c0298972d4727a0a63b,2025-03-04,6939.47356,16,14999.91,937.494375,1.43998,13,13,13,3,15,Extreme Fear,Fear,1.0,4.333333333333333,True,60228.84194099999,60228.84194099999,0.0
0x8170715b3b381dffb7062c0298972d4727a0a63b,2025-03-07,0.0,12,149999.77,12499.980833333333,14.399968000000001,0,0,12,0,34,Fear,Fear,,,False,60228.84194099999,60228.84194099999,0.0
0x8170715b3b381dffb7062c0298972d4727a0a63b,2025-03-08,0.0,38,99997.82,2631.5215789473687,9.599786,0,0,38,0,28,Fear,Fear,,,False,60228.84194099999,60228.84194099999,0.0
0x8170715b3b381dffb7062c0298972d4727a0a63b,2025-03-09,3677.4965580000003,5,4999.95,999.99,0.479992,5,5,5,0,27,Fear,Fear,1.0,,True,63906.338499,63906.338499,0.0
0x8170715b3b381dffb7062c0298972d4727a0a63b,2025-03-10,4297.3227640000005,14,54999.92,3928.565714285714,5.279983,5,5,14,0,20,Extreme Fear,Fear,1.0,,True,68203.661263,68203.661263,0.0
0x8170715b3b381dffb7062c0298972d4727a0a63b,2025-03-11,0.0,8,4999.9400000000005,624.9925000000001,0.479989,0,0,0,8,24,Extreme Fear,Fear,,0.0,False,68203.661263,68203.661263,0.0
0x8170715b3b381dffb7062c0298972d4727a0a63b,2025-03-12,-2493.849701,11,54999.26,4999.932727272728,5.279924,1,0,0,11,34,Fear,Fear,0.0,0.0,False,65709.811562,68203.661263,-2493.849700999999
0x8170715b3b381dffb7062c0298972d4727a0a63b,2025-03-13,0.0,37,69999.58,1891.8805405405406,6.7199349999999995,0,0,26,11,45,Neutral,Neutral,,2.3636363636363638,False,65709.811562,68203.661263,-2493.849700999999
0x8170715b3b381dffb7062c0298972d4727a0a63b,2025-03-14,584.05178,1,9999.89,9999.89,0.959989,1,1,0,1,27,Fear,Fear,1.0,0.0,True,66293.863342,68203.661263,-1909.7979210000049
0x8170715b3b381dffb7062c0298972d4727a0a63b,2025-03-15,763.755281,18,39998.04,2222.1133333333332,3.839806,13,3,0,18,46,Neutral,Neutral,0.23076923076923078,0.0,True,67057.618623,68203.661263,-1146.0426399999997
0x8170715b3b381dffb7062c0298972d4727a0a63b,2025-03-16,8368.226125000001,7,19998.62,2856.945714285714,1.919864,7,6,6,1,30,Fear,Fear,0.8571428571428571,6.0,True,75425.844748,75425.844748,0.0
0x8170715b3b381dffb7062c0298972d4727a0a63b,2025-03-17,0.0,72,109999.59,1527.7720833333333,10.559898,0,0,0,72,32,Fear,Fear,,0.0,False,75425.844748,75425.844748,0.0
0x8170715b3b381dffb7062c0298972d4727a0a63b,2025-03-18,0.0,59,75204.56,1274.653559322034,7.2195979999999995,0,0,0,59,34,Fear,Fear,,0.0,False,75425.844748,75425.844748,0.0
0x8170715b3b381dffb7062c0298972d4727a0a63b,2025-03-19,3036.68886,109,164794.05,1511.8720183486237,15.820136,9,9,0,109,32,Fear,Fear,1.0,0.0,True,78462.533608,78462.533608,0.0
0x8170715b3b381dffb7062c0298972d4727a0a63b,2025-03-20,652.062115,12,91079.65000000001,7589.970833333334,8.743675,5,3,0,12,49,Neutral,Neutral,0.6,0.0,True,79114.59572299999,79114.59572299999,0.0
0x8170715b3b381dffb7062c0298972d4727a0a63b,2025-03-22,3082.76165,19,9999.93,526.312105263158,0.95998,19,19,19,0,32,Fear,Fear,1.0,,True,82197.35737299999,82197.35737299999,0.0
0x8170715b3b381dffb7062c0298972d4727a0a63b,2025-03-23,3464.777168,2,9999.92,4999.96,0.959991,2,2,2,0,30,Fear,Fear,1.0,,True,85662.13454099999,85662.13454099999,0.0
0x8170715b3b381dffb7062c0298972d4727a0a63b,2025-03-24,2838.532396,47,94995.22,2021.1748936170213,11.51959,47,41,9,38,45,Neutral,Neutral,0.8723404255319149,0.23684210526315788,True,88500.666937,88500.666937,0.0
0x8170715b3b381dffb7062c0298972d4727a0a63b,2025-03-25,2164.09548,6,39997.490000000005,6666.248333333334,3.8397550000000003,6,6,0,6,46,Neutral,Neutral,1.0,0.0,True,90664.76241699999,90664.76241699999,0.0
0x8170715b3b381dffb7062c0298972d4727a0a63b,2025-03-26,619.572648,1,9998.76,9998.76,0.95988,1,1,0,1,47,Neutral,Neutral,1.0,0.0,True,91284.33506499999,91284.33506499999,0.0
0x8170715b3b381dffb7062c0298972d4727a0a63b,2025-03-27,26714.79759,64,68601.29,1071.89515625,16.429335,62,62,62,2,40,Fear,Fear,1.0,31.0,True,117999.132655,117999.132655,0.0
0x8170715b3b381dffb7062c0298972d4727a0a63b,2025-03-28,13956.614828,29,32999.21,1137.9037931034482,5.087743,29,29,29,0,44,Fear,Fear,1.0,,True,131955.74748299998,131955.74748299998,0.0
0x8170715b3b381dffb7062c0298972d4727a0a63b,2025-03-29,19573.830158,86,99999.07,1162.7798837209302,9.599846,44,44,86,0,26,Fear,Fear,1.0,,True,151529.57764099998,151529.57764099998,0.0
0x8170715b3b381dffb7062c0298972d4727a0a63b,2025-03-30,9683.820194,31,70041.15,2259.391935483871,9.133842,17,15,29,2,32,Fear,Fear,0.8823529411764706,14.5,True,161213.397835,161213.397835,0.0
0x8170715b3b381dffb7062c0298972d4727a0a63b,2025-03-31,5544.028638,8,39999.89,4999.98625,3.839982,6,6,8,0,34,Fear,Fear,1.0,,True,166757.426473,166757.426473,0.0
0x8170715b3b381dffb7062c0298972d4727a0a63b,2025-04-01,4004.50286,13,123441.06,9495.466153846153,34.276202000000005,12,12,0,13,34,Fear,Fear,1.0,0.0,True,170761.929333,170761.929333,0.0
0x8170715b3b381dffb7062c0298972d4727a0a63b,2025-04-02,8045.056928,7,14999.990000000002,2142.8557142857144,1.4399929999999999,7,7,7,0,44,Fear,Fear,1.0,,True,178806.98626099998,178806.98626099998,0.0
0x8170715b3b381dffb7062c0298972d4727a0a63b,2025-04-03,0.0,85,478472.76,5629.0912941176475,59.968334999999996,0,0,58,27,25,Fear,Fear,,2.1481481481481484,False,178806.98626099998,178806.98626099998,0.0
0x8170715b3b381dffb7062c0298972d4727a0a63b,2025-04-04,4805.345609999999,68,63381.48,932.0805882352942,8.48551,7,7,12,56,28,Fear,Fear,1.0,0.21428571428571427,True,183612.331871,183612.331871,0.0
0x8170715b3b381dffb7062c0298972d4727a0a63b,2025-04-06,17621.701092,14,189998.6,13571.328571428572,18.239855,8,8,14,0,34,Fear,Fear,1.0,,True,201234.032963,201234.032963,0.0
0x8170715b3b381dffb7062c0298972d4727a0a63b,2025-04-07,0.0,51,139954.52,2744.2062745098037,27.824674,0,0,0,51,23,Extreme Fear,Fear,,0.0,False,201234.032963,201234.032963,0.0
0x8170715b3b381dffb7062c0298972d4727a0a63b,2025-04-08,0.0,8,149999.02000000002,18749.877500000002,14.399897000000001,0,0,8,0,24,Extreme Fear,Fear,,,False,201234.032963,201234.032963,0.0
0x8170715b3b381dffb7062c0298972d4727a0a63b,2025-04-09,-4058.8889249999997,54,441098.03,8168.482037037037,42.461957,29,18,5,49,18,Extreme Fear,Fear,0.6206896551724138,0.10204081632653061,False,197175.144038,201234.032963,-4058.8889250000066
0x8170715b3b381dffb7062c0298972d4727a0a63b,2025-04-10,4596.960442,89,280478.95,3151.4488764044945,34.245745,46,44,0,89,39,Fear,Fear,0.9565217391304348,0.0,True,201772.10447999998,201772.10447999998,0.0
0x8170715b3b381dffb7062c0298972d4727a0a63b,2025-04-11,-9584.869233000001,238,677582.5,2846.985294117647,81.852119,47,0,0,238,25,Fear,Fear,0.0,0.0,False,192187.235247,201772.10447999998,-9584.869232999976
0x8170715b3b381dffb7062c0298972d4727a0a63b,2025-04-12,0.0,22,59999.380000000005,2727.2445454545455,5.759919,0,0,0,22,43,Fear,Fear,,0.0,False,192187.235247,201772.10447999998,-9584.869232999976
0x8170715b3b381dffb7062c0298972d4727a0a63b,2025-04-13,0.0,18,39998.6,2222.144444444444,3.839859,0,0,0,18,45,Neutral,Neutral,,0.0,False,192187.235247,201772.10447999998,-9584.869232999976
0x8170715b3b381dffb7062c0298972d4727a0a63b,2025-04-15,3204.26268,77,209997.71,2727.2429870129868,20.159716,77,77,77,0,38,Fear,Fear,1.0,,True,195391.497927,201772.10447999998,-6380.6065529999905
0x8170715b3b381dffb7062c0298972d4727a0a63b,2025-04-16,912.29492,39,149999.52,3846.1415384615384,14.399920999999999,1,1,1,38,29,Fear,Fear,1.0,0.02631578947368421,True,196303.792847,201772.10447999998,-5468.311632999976
0x8170715b3b381dffb7062c0298972d4727a0a63b,2025-04-17,0.0,96,189999.95,1979.1661458333335,18.239902,0,0,0,96,30,Fear,Fear,,0.0,False,196303.792847,201772.10447999998,-5468.311632999976
0x8170715b3b381dffb7062c0298972d4727a0a63b,2025-04-18,0.0,46,162886.99,3541.02152173913,15.637112,0,0,0,46,33,Fear,Fear,,0.0,False,196303.792847,201772.10447999998,-5468.311632999976
0x8170715b3b381dffb7062c0298972d4727a0a63b,2025-04-19,0.0,96,337108.33999999997,3511.545208333333,32.362351,0,0,0,96,32,Fear,Fear,,0.0,False,196303.792847,201772.10447999998,-5468.311632999976
0x8170715b3b381dffb7062c0298972d4727a0a63b,2025-04-21,0.0,18,47745.34,2652.518888888889,4.583545,0,0,0,18,39,Fear,Fear,,0.0,False,196303.792847,201772.10447999998,-5468.311632999976
0x8170715b3b381dffb7062c0298972d4727a0a63b,2025-04-22,0.0,49,172251.86,3515.344081632653,16.536157,0,0,0,49,47,Neutral,Neutral,,0.0,False,196303.792847,201772.10447999998,-5468.311632999976
0x8170715b3b381dffb7062c0298972d4727a0a63b,2025-04-23,-358963.139984,1242,2496855.07,2010.350297906602,611.41193,1171,848,1171,71,72,Greed,Greed,0.7241673783091375,16.492957746478872,False,-162659.347137,201772.10447999998,-364431.451617
0x8170715b3b381dffb7062c0298972d4727a0a63b,2025-04-24,398.646746,58,76524.95,1319.3956896551724,7.346353,54,32,54,4,63,Greed,Greed,0.5925925925925926,13.5,True,-162260.700391,201772.10447999998,-364032.804871
0x8170715b3b381dffb7062c0298972d4727a0a63b,2025-04-25,-1335.115406,39,59516.6,1526.0666666666666,10.397576,15,2,15,24,60,Greed,Greed,0.13333333333333333,0.625,False,-163595.81579700002,201772.10447999998,-365367.920277
0x8170715b3b381dffb7062c0298972d4727a0a63b,2025-04-26,-3925.864943,16,34357.46,2147.34125,11.544089,16,0,16,0,65,Greed,Greed,0.0,,False,-167521.68074,201772.10447999998,-369293.78521999996
0x8170715b3b381dffb7062c0298972d4727a0a63b,2025-04-27,-99.444041,12,9221.43,768.4525,0.885246,12,0,12,0,61,Greed,Greed,0.0,,False,-167621.124781,201772.10447999998,-369393.22926099994
0x8381e6d82f1affd39a336e143e081ef7620a3b7f,2024-11-29,0.0,3,2004.8999999999999,668.3,0.17494357000000002,0,0,3,0,78,Extreme Greed,Greed,,,False,0.0,0.0,0.0
0x8381e6d82f1affd39a336e143e081ef7620a3b7f,2024-12-01,0.0,3,2998.76,999.5866666666667,1.049569,0,0,3,0,81,Extreme Greed,Greed,,,False,0.0,0.0,0.0
0x8381e6d82f1affd39a336e143e081ef7620a3b7f,2024-12-02,0.0,6,2043.92,340.65333333333336,0.43464074,0,0,6,0,80,Extreme Greed,Greed,,,False,0.0,0.0,0.0
0x8381e6d82f1affd39a336e143e081ef7620a3b7f,2024-12-04,33.26141600000001,10,6696.09,669.609,1.54664128,5,2,5,5,78,Extreme Greed,Greed,0.4,1.0,True,33.26141600000001,33.26141600000001,0.0
0x8381e6d82f1affd39a336e143e081ef7620a3b7f,2024-12-05,0.0,2,588.53,294.265,0.01519692,0,0,2,0,84,Extreme Greed,Greed,,,False,33.26141600000001,33.26141600000001,0.0
0x8381e6d82f1affd39a336e143e081ef7620a3b7f,2024-12-06,0.0,1,292.11,292.11,0.00232193,0,0,1,0,72,Greed,Greed,,,False,33.26141600000001,33.26141600000001,0.0
0x8381e6d82f1affd39a336e143e081ef7620a3b7f,2024-12-07,0.0,3,3063.8900000000003,1021.2966666666667,0.02168289,0,0,3,0,75,Extreme Greed,Greed,,,False,33.26141600000001,33.26141600000001,0.0
0x8381e6d82f1affd39a336e143e081ef7620a3b7f,2024-12-08,-21.54374,5,4923.79,984.758,1.01392597,2,0,3,2,79,Extreme Greed,Greed,0.0,1.5,False,11.717676000000012,33.26141600000001,-21.54374
0x8381e6d82f1affd39a336e143e081ef7620a3b7f,2024-12-09,0.0,4,1763.8,440.95,0.02488189,0,0,4,0,78,Extreme Greed,Greed,,,False,11.717676000000012,33.26141600000001,-21.54374
0x8381e6d82f1affd39a336e143e081ef7620a3b7f,2024-12-10,0.0,1,587.97,587.97,0.00478794,0,0,1,0,78,Extreme Greed,Greed,,,False,11.717676000000012,33.26141600000001,-21.54374
0x8381e6d82f1affd39a336e143e081ef7620a3b7f,2024-12-13,0.0,3,386.65,128.88333333333333,0.00793096,0,0,3,0,76,Extreme Greed,Greed,,,False,11.717676000000012,33.26141600000001,-21.54374
0x8381e6d82f1affd39a336e143e081ef7620a3b7f,2024-12-15,0.0,5,3698.13,739.626,0.031883879999999996,0,0,5,0,80,Extreme Greed,Greed,,,False,11.717676000000012,33.26141600000001,-21.54374
0x8381e6d82f1affd39a336e143e081ef7620a3b7f,2024-12-19,0.0,1,1399.11,1399.11,0.00611499,0,0,1,0,75,Extreme Greed,Greed,,,False,11.717676000000012,33.26141600000001,-21.54374
0x8381e6d82f1affd39a336e143e081ef7620a3b7f,2024-12-22,0.0,1,2815.79,2815.79,0.00936097,0,0,1,0,73,Greed,Greed,,,False,11.717676000000012,33.26141600000001,-21.54374
0x8381e6d82f1affd39a336e143e081ef7620a3b7f,2024-12-23,0.0,6,17133.940000000002,2855.656666666667,0.06298988,0,0,6,0,70,Greed,Greed,,,False,11.717676000000012,33.26141600000001,-21.54374
0x8381e6d82f1affd39a336e143e081ef7620a3b7f,2024-12-26,0.0,2,3828.0,1914.0,0.013980959999999999,0,0,2,0,79,Extreme Greed,Greed,,,False,11.717676000000012,33.26141600000001,-21.54374
0x8381e6d82f1affd39a336e143e081ef7620a3b7f,2025-01-01,0.0,5,1004.01,200.802,0.01478382,0,0,5,0,66,Greed,Greed,,,False,11.717676000000012,33.26141600000001,-21.54374
0x8381e6d82f1affd39a336e143e081ef7620a3b7f,2025-01-04,0.0,2,1421.73,710.865,0.00615996,0,0,2,0,73,Greed,Greed,,,False,11.717676000000012,33.26141600000001,-21.54374
0x8381e6d82f1affd39a336e143e081ef7620a3b7f,2025-01-05,0.0,1,456.83,456.83,0.00185097,0,0,1,0,72,Greed,Greed,,,False,11.717676000000012,33.26141600000001,-21.54374
0x8381e6d82f1affd39a336e143e081ef7620a3b7f,2025-01-09,0.0,4,6038.5599999999995,1509.6399999999999,0.10100993,0,0,4,0,69,Greed,Greed,,,False,11.717676000000012,33.26141600000001,-21.54374
0x8381e6d82f1affd39a336e143e081ef7620a3b7f,2025-01-18,0.0,7,20650.07,2950.0099999999998,0.11930629000000001,0,0,7,0,77,Extreme Greed,Greed,,,False,11.717676000000012,33.26141600000001,-21.54374
0x8381e6d82f1affd39a336e143e081ef7620a3b7f,2025-01-25,0.0,25,80577.65,3223.1059999999998,28.202164,0,0,25,0,75,Extreme Greed,Greed,,,False,11.717676000000012,33.26141600000001,-21.54374
0x8381e6d82f1affd39a336e143e081ef7620a3b7f,2025-01-26,38294.693499,123,932136.39,7578.344634146341,326.247666,82,82,56,67,73,Greed,Greed,1.0,0.835820895522388,True,38306.411175,38306.411175,0.0
0x8381e6d82f1affd39a336e143e081ef7620a3b7f,2025-01-27,0.0,2,8887.98,4443.99,0.04196391,0,0,2,0,71,Greed,Greed,,,False,38306.411175,38306.411175,0.0
0x8381e6d82f1affd39a336e143e081ef7620a3b7f,2025-02-02,0.0,19,36931.96,1943.7873684210526,0.53399801,0,0,19,0,60,Greed,Greed,,,False,38306.411175,38306.411175,0.0
0x8381e6d82f1affd39a336e143e081ef7620a3b7f,2025-02-03,0.0,8,18810.28,2351.285,0.30528029,0,0,8,0,44,Fear,Fear,,,False,38306.411175,38306.411175,0.0
0x8381e6d82f1affd39a336e143e081ef7620a3b7f,2025-02-04,9167.620989,104,6044911.98,58124.15365384616,2115.719137,49,49,55,49,72,Greed,Greed,1.0,1.1224489795918366,True,47474.032164000004,47474.032164000004,0.0
0x8381e6d82f1affd39a336e143e081ef7620a3b7f,2025-02-05,1843.301845,327,767744.96,2347.8439143730884,119.89688567,155,126,172,155,54,Neutral,Neutral,0.8129032258064516,1.1096774193548387,True,49317.334009,49317.334009,0.0
0x8381e6d82f1affd39a336e143e081ef7620a3b7f,2025-02-06,71.77363,167,314161.67,1881.207604790419,39.75071924,54,39,113,54,49,Neutral,Neutral,0.7222222222222222,2.0925925925925926,True,49389.107639,49389.107639,0.0
0x8381e6d82f1affd39a336e143e081ef7620a3b7f,2025-02-09,1259.5314,103,708608.03,6879.689611650486,212.582348,23,23,23,80,46,Neutral,Neutral,1.0,0.2875,True,50648.639039,50648.639039,0.0
0x8381e6d82f1affd39a336e143e081ef7620a3b7f,2025-02-10,0.0,10,10894.349999999999,1089.435,3.268301,0,0,10,0,43,Fear,Fear,,,False,50648.639039,50648.639039,0.0
0x8381e6d82f1affd39a336e143e081ef7620a3b7f,2025-02-11,109.90750199999998,211,503396.55,2385.7656398104264,78.85202728,97,80,114,97,47,Neutral,Neutral,0.8247422680412371,1.175257731958763,True,50758.546541,50758.546541,0.0
0x8381e6d82f1affd39a336e143e081ef7620a3b7f,2025-02-12,2760.439779,81,1003654.27,12390.793456790123,175.294547,57,57,24,57,46,Neutral,Neutral,1.0,0.42105263157894735,True,53518.986319999996,53518.986319999996,0.0
0x8381e6d82f1affd39a336e143e081ef7620a3b7f,2025-02-13,1998.702085,42,85654.33,2039.3888095238096,25.696273,42,42,0,42,50,Neutral,Neutral,1.0,0.0,True,55517.688405,55517.688405,0.0
0x8381e6d82f1affd39a336e143e081ef7620a3b7f,2025-02-14,27.247837999999998,40,17808.66,445.2165,2.77669532,11,11,29,11,48,Neutral,Neutral,1.0,2.6363636363636362,True,55544.936243,55544.936243,0.0
0x8381e6d82f1affd39a336e143e081ef7620a3b7f,2025-02-16,559.647247,80,109508.67,1368.858375,17.1429389,34,34,46,34,54,Neutral,Neutral,1.0,1.3529411764705883,True,56104.58349,56104.58349,0.0
0x8381e6d82f1affd39a336e143e081ef7620a3b7f,2025-02-17,64.346683,105,116786.7,1112.2542857142857,9.08480585,17,17,88,17,51,Neutral,Neutral,1.0,5.176470588235294,True,56168.930173,56168.930173,0.0
0x8381e6d82f1affd39a336e143e081ef7620a3b7f,2025-02-18,3981.044269,177,259505.77,1466.1342937853108,11.15622518,27,27,150,27,47,Neutral,Neutral,1.0,5.555555555555555,True,60149.974442,60149.974442,0.0
0x8381e6d82f1affd39a336e143e081ef7620a3b7f,2025-02-21,8995.13393,8,126876.4,15859.55,12.687638999999999,8,8,0,8,55,Greed,Greed,1.0,0.0,True,69145.108372,69145.108372,0.0
0x8381e6d82f1affd39a336e143e081ef7620a3b7f,2025-02-23,0.0,40,18908.36,472.709,0.27752462,0,0,40,0,50,Neutral,Neutral,,,False,69145.108372,69145.108372,0.0
0x8381e6d82f1affd39a336e143e081ef7620a3b7f,2025-02-24,0.0,44,83374.23,1894.8688636363636,1.34109024,0,0,44,0,49,Neutral,Neutral,,,False,69145.108372,69145.108372,0.0
0x8381e6d82f1affd39a336e143e081ef7620a3b7f,2025-02-25,0.0,4,14743.13,3685.7825,0.27318193,0,0,4,0,25,Fear,Fear,,,False,69145.108372,69145.108372,0.0
0x8381e6d82f1affd39a336e143e081ef7620a3b7f,2025-03-26,0.0,1,1134.46,1134.46,0.00901796,0,0,1,0,47,Neutral,Neutral,,,False,69145.108372,69145.108372,0.0
0x8381e6d82f1affd39a336e143e081ef7620a3b7f,2025-04-07,-4968.487948,26,197856.82,7609.877692307693,69.249872,15,0,14,12,23,Extreme Fear,Fear,0.0,1.1666666666666667,False,64176.620424,69145.108372,-4968.487948000002
0x8381e6d82f1affd39a336e143e081ef7620a3b7f,2025-04-08,142.99159,23,91649.26,3984.7504347826084,32.077231,10,10,10,13,24,Extreme Fear,Fear,1.0,0.7692307692307693,True,64319.612014,69145.108372,-4825.496358000004
0x8381e6d82f1affd39a336e143e081ef7620a3b7f,2025-04-11,0.0,3,20592.2,6864.066666666667,7.207268,0,0,3,0,25,Fear,Fear,,,False,64319.612014,69145.108372,-4825.496358000004
0x8381e6d82f1affd39a336e143e081ef7620a3b7f,2025-04-12,202.27562,8,20794.37,2599.29625,7.2780249999999995,8,8,0,8,43,Fear,Fear,1.0,0.0,True,64521.887634,69145.108372,-4623.220738000004
0x8381e6d82f1affd39a336e143e081ef7620a3b7f,2025-04-19,56.13971,22,14645.15,665.6886363636363,2.7150702,11,11,11,11,32,Fear,Fear,1.0,1.0,True,64578.027344,69145.108372,-4567.0810280000005
0x8381e6d82f1affd39a336e143e081ef7620a3b7f,2025-04-22,284.16768,2,132376.25,66188.125,46.331689,1,1,1,1,47,Neutral,Neutral,1.0,1.0,True,64862.195024,69145.108372,-4282.913348000002
0x8381e6d82f1affd39a336e143e081ef7620a3b7f,2025-04-23,0.0,4,71206.52,17801.63,24.922278000000002,0,0,4,0,72,Greed,Greed,,,False,64862.195024,69145.108372,-4282.913348000002
0x8381e6d82f1affd39a336e143e081ef7620a3b7f,2025-04-26,505.40523,3,71711.93000000001,23903.97666666667,7.526466,3,1,0,3,65,Greed,Greed,0.3333333333333333,0.0,True,65367.600254,69145.108372,-3777.508118000005
0x8381e6d82f1affd39a336e143e081ef7620a3b7f,2025-04-27,33.061386999999996,13,13419.3,1032.253846153846,0.8035166,2,2,11,2,61,Greed,Greed,1.0,5.5,True,65400.661641,69145.108372,-3744.4467310000036
0x8381e6d82f1affd39a336e143e081ef7620a3b7f,2025-04-28,0.0,10,7997.5599999999995,799.756,0.15534364,0,0,10,0,54,Neutral,Neutral,,,False,65400.661641,69145.108372,-3744.4467310000036
0x8381e6d82f1affd39a336e143e081ef7620a3b7f,2025-04-29,112.996265,1,8110.65,8110.65,0.811065,1,1,0,1,60,Greed,Greed,1.0,0.0,True,65513.657906,69145.108372,-3631.450466000002
0x8477e447846c758f5a675856001ea72298fd9cb5,2024-05-23,413.347329,305,327801.58,1074.7592786885245,87.513078,156,145,186,119,76,Extreme Greed,Greed,0.9294871794871795,1.5630252100840336,True,413.347329,413.347329,0.0
0x8477e447846c758f5a675856001ea72298fd9cb5,2024-05-25,14.126038999999999,14,4983.98,355.9985714285714,1.494386,5,5,5,9,76,Extreme Greed,Greed,1.0,0.5555555555555556,True,427.473368,427.473368,0.0
0x8477e447846c758f5a675856001ea72298fd9cb5,2024-05-26,5.2257,7,3213.22,459.03142857142853,1.000986,2,2,2,5,75,Extreme Greed,Greed,1.0,0.4,True,432.699068,432.699068,0.0
0x8477e447846c758f5a675856001ea72298fd9cb5,2024-05-27,1129.35587,251,151115.72,602.0546613545816,45.832466,93,90,93,158,74,Greed,Greed,0.967741935483871,0.5886075949367089,True,1562.0549380000002,1562.0549380000002,0.0
0x8477e447846c758f5a675856001ea72298fd9cb5,2024-05-29,277.791953,159,53701.42,337.7447798742138,17.458539000000002,71,68,62,97,72,Greed,Greed,0.9577464788732394,0.6391752577319587,True,1839.846891,1839.846891,0.0
0x8477e447846c758f5a675856001ea72298fd9cb5,2024-05-30,20.951433,7,2838.09,405.4414285714286,0.993326,5,5,5,2,73,Greed,Greed,1.0,2.5,True,1860.7983239999999,1860.7983239999999,0.0
0x8477e447846c758f5a675856001ea72298fd9cb5,2024-05-31,25.35812,13,3636.14,279.70307692307694,1.272646,4,4,4,9,73,Greed,Greed,1.0,0.4444444444444444,True,1886.156444,1886.156444,0.0
0x8477e447846c758f5a675856001ea72298fd9cb5,2024-06-01,91.510419,25,12834.62,513.3848,4.492106,9,9,9,16,72,Greed,Greed,1.0,0.5625,True,1977.666863,1977.666863,0.0
0x8477e447846c758f5a675856001ea72298fd9cb5,2024-06-02,192.906947,93,29464.51,316.822688172043,7.792912,34,34,34,59,73,Greed,Greed,1.0,0.576271186440678,True,2170.57381,2170.57381,0.0
0x8477e447846c758f5a675856001ea72298fd9cb5,2024-06-03,562.808208,70,21466.86,306.66942857142857,5.378086,44,44,44,26,73,Greed,Greed,1.0,1.6923076923076923,True,2733.3820180000002,2733.3820180000002,0.0
0x8477e447846c758f5a675856001ea72298fd9cb5,2024-06-04,52.211438,53,24243.41,457.42283018867926,7.432953,25,25,25,28,73,Greed,Greed,1.0,0.8928571428571429,True,2785.593456,2785.593456,0.0
0x8477e447846c758f5a675856001ea72298fd9cb5,2024-06-05,56.055506,54,25350.77,469.4587037037037,7.1040600000000005,17,16,17,37,75,Extreme Greed,Greed,0.9411764705882353,0.4594594594594595,True,2841.648962,2841.648962,0.0
0x8477e447846c758f5a675856001ea72298fd9cb5,2024-06-06,274.173187,234,137557.76,587.8536752136753,37.079424,102,100,102,132,78,Extreme Greed,Greed,0.9803921568627451,0.7727272727272727,True,3115.822149,3115.822149,0.0
0x8477e447846c758f5a675856001ea72298fd9cb5,2024-06-07,1573.244278,374,311529.93,832.9677272727273,97.668292,148,146,128,246,77,Extreme Greed,Greed,0.9864864864864865,0.5203252032520326,True,4689.066427,4689.066427,0.0
0x8477e447846c758f5a675856001ea72298fd9cb5,2024-06-08,129.13883900000002,22,52349.229999999996,2379.510454545454,18.32221,8,8,14,8,72,Greed,Greed,1.0,1.75,True,4818.205266,4818.205266,0.0
0x8477e447846c758f5a675856001ea72298fd9cb5,2024-06-10,31.266804999999998,49,22587.63,460.97204081632657,6.296223,18,18,18,31,72,Greed,Greed,1.0,0.5806451612903226,True,4849.472071,4849.472071,0.0
0x8477e447846c758f5a675856001ea72298fd9cb5,2024-06-11,51.081143,27,18808.46,696.6096296296296,6.582947,9,9,18,9,74,Greed,Greed,1.0,2.0,True,4900.553214,4900.553214,0.0
0x8477e447846c758f5a675856001ea72298fd9cb5,2024-06-12,-21886.531493,217,191886.99,884.2718433179723,63.692827,78,21,78,139,72,Greed,Greed,0.2692307692307692,0.5611510791366906,False,-16985.978279,4900.553214,-21886.531493
0x8477e447846c758f5a675856001ea72298fd9cb5,2024-07-17,1859.269477,335,451080.54,1346.5090746268656,145.378176,155,145,155,180,69,Greed,Greed,0.9354838709677419,0.8611111111111112,True,-15126.708802,4900.553214,-20027.262016
0x8477e447846c758f5a675856001ea72298fd9cb5,2024-07-18,1233.9043470000001,7,7348.74,1049.82,2.572057,7,7,7,0,61,Greed,Greed,1.0,,True,-13892.804455,4900.553214,-18793.357668999997
0x8477e447846c758f5a675856001ea72298fd9cb5,2024-07-19,35.79975,7,4146.72,592.3885714285715,1.451344,1,1,1,6,60,Greed,Greed,1.0,0.16666666666666666,True,-13857.004705,4900.553214,-18757.557919
0x8477e447846c758f5a675856001ea72298fd9cb5,2024-07-20,2169.508265,257,144482.54,562.1888715953307,45.800537,32,29,32,225,74,Greed,Greed,0.90625,0.14222222222222222,True,-11687.496439999999,4900.553214,-16588.049654
0x8477e447846c758f5a675856001ea72298fd9cb5,2024-07-21,-2960.716887,445,190312.28,427.66804494382023,49.325028,236,21,236,209,74,Greed,Greed,0.08898305084745763,1.1291866028708133,False,-14648.213327,4900.553214,-19548.766540999997
0x8477e447846c758f5a675856001ea72298fd9cb5,2024-07-22,-756.173134,133,78905.43,593.273909774436,18.601636,93,9,93,40,70,Greed,Greed,0.0967741935483871,2.325,False,-15404.386460999998,4900.553214,-20304.939674999998
0x8477e447846c758f5a675856001ea72298fd9cb5,2024-07-23,1805.309858,139,88984.63,640.1771942446044,26.290399,135,100,135,4,71,Greed,Greed,0.7407407407407407,33.75,True,-13599.076603,4900.553214,-18499.629817
0x8477e447846c758f5a675856001ea72298fd9cb5,2024-07-24,625.561479,29,35236.59,1215.0548275862068,11.707764000000001,18,18,18,11,69,Greed,Greed,1.0,1.6363636363636365,True,-12973.515124,4900.553214,-17874.068337999997
0x8477e447846c758f5a675856001ea72298fd9cb5,2024-07-26,341.250124,111,146100.56,1316.2212612612611,44.885186,32,32,32,79,68,Greed,Greed,1.0,0.4050632911392405,True,-12632.265,4900.553214,-17532.818214
0x8477e447846c758f5a675856001ea72298fd9cb5,2024-07-27,0.0,5,4442.76,888.552,1.5549629999999999,0,0,0,5,72,Greed,Greed,,0.0,False,-12632.265,4900.553214,-17532.818214
0x8477e447846c758f5a675856001ea72298fd9cb5,2024-07-28,587.29903,13,11254.99,865.7684615384616,3.939236,12,12,12,1,71,Greed,Greed,1.0,12.0,True,-12044.96597,4900.553214,-16945.519183999997
0x8477e447846c758f5a675856001ea72298fd9cb5,2024-07-29,217.857529,15,26957.79,1797.1860000000001,9.435222,5,5,5,10,74,Greed,Greed,1.0,0.5,True,-11827.108440999998,4900.553214,-16727.661654999996
0x8477e447846c758f5a675856001ea72298fd9cb5,2024-07-31,765.690884,40,44501.4,1112.535,15.575468,14,14,14,26,61,Greed,Greed,1.0,0.5384615384615384,True,-11061.417556999999,4900.553214,-15961.970770999998
0x8477e447846c758f5a675856001ea72298fd9cb5,2024-08-01,167.080017,34,48714.35,1432.7749999999999,17.050004,7,4,25,9,52,Neutral,Neutral,0.5714285714285714,2.7777777777777777,True,-10894.337539999999,4900.553214,-15794.890753999998
0x8477e447846c758f5a675856001ea72298fd9cb5,2024-08-02,228.247701,15,29767.08,1984.4720000000002,10.418471,12,12,0,15,57,Greed,Greed,1.0,0.0,True,-10666.089838999998,4900.553214,-15566.643052999998
0x8477e447846c758f5a675856001ea72298fd9cb5,2024-08-03,464.1897,1,4534.09,4534.09,1.58693,1,1,1,0,37,Fear,Fear,1.0,,True,-10201.900139,4900.553214,-15102.453352999999
0x8477e447846c758f5a675856001ea72298fd9cb5,2024-08-04,109.005815,17,36193.88,2129.0517647058823,12.667850000000001,3,3,14,3,34,Fear,Fear,1.0,4.666666666666667,True,-10092.894323999999,4900.553214,-14993.447537999999
0x8477e447846c758f5a675856001ea72298fd9cb5,2024-08-05,160.44369899999998,17,40082.509999999995,2357.7947058823524,14.028866,7,7,10,7,26,Fear,Fear,1.0,1.4285714285714286,True,-9932.450625,4900.553214,-14833.003838999999
0x8477e447846c758f5a675856001ea72298fd9cb5,2024-08-09,151.092375,69,43836.44,635.3107246376812,15.342713,18,17,18,51,48,Neutral,Neutral,0.9444444444444444,0.35294117647058826,True,-9781.35825,4900.553214,-14681.911463999999
0x8477e447846c758f5a675856001ea72298fd9cb5,2024-08-20,0.0,4,7496.93,1874.2325,2.623926,0,0,0,4,30,Fear,Fear,,0.0,False,-9781.35825,4900.553214,-14681.911463999999
0x8477e447846c758f5a675856001ea72298fd9cb5,2024-08-21,656.200925,143,102990.13,720.2106993006994,36.046484,54,54,54,89,26,Fear,Fear,1.0,0.6067415730337079,True,-9125.157324999998,4900.553214,-14025.710538999998
0x8477e447846c758f5a675856001ea72298fd9cb5,2024-08-31,10.882801,24,7506.33,312.76375,4.955267,13,12,7,17,29,Fear,Fear,0.9230769230769231,0.4117647058823529,True,-9114.274523999999,4900.553214,-14014.827737999998
0x8477e447846c758f5a675856001ea72298fd9cb5,2024-09-01,137.433093,12,12359.68,1029.9733333333334,4.325861,5,5,7,5,26,Fear,Fear,1.0,1.4,True,-8976.841430999999,4900.553214,-13877.394644999998
0x8477e447846c758f5a675856001ea72298fd9cb5,2024-10-20,160.095271,90,56222.15,624.6905555555555,17.178466,6,6,6,84,73,Greed,Greed,1.0,0.07142857142857142,True,-8816.746159999999,4900.553214,-13717.299373999998
0x8477e447846c758f5a675856001ea72298fd9cb5,2024-10-21,2464.915564,162,174093.81,1074.6531481481481,57.349584,68,68,68,94,72,Greed,Greed,1.0,0.723404255319149,True,-6351.830596,4900.553214,-11252.38381
0x8477e447846c758f5a675856001ea72298fd9cb5,2024-10-29,801.170876,16,10692.89,668.305625,3.742505,3,3,3,13,72,Greed,Greed,1.0,0.23076923076923078,True,-5550.65972,4900.553214,-10451.212934
0x8477e447846c758f5a675856001ea72298fd9cb5,2024-10-30,9.150023,25,11830.85,473.23400000000004,3.596988,8,7,8,17,77,Extreme Greed,Greed,0.875,0.47058823529411764,True,-5541.5096969999995,4900.553214,-10442.062910999999
0x8477e447846c758f5a675856001ea72298fd9cb5,2024-10-31,451.122034,11,12581.84,1143.8036363636363,3.453913,11,11,11,0,77,Extreme Greed,Greed,1.0,,True,-5090.3876629999995,4900.553214,-9990.940877
0x8477e447846c758f5a675856001ea72298fd9cb5,2024-11-09,102.90894,77,43384.0,563.4285714285714,13.684359,44,19,44,33,75,Extreme Greed,Greed,0.4318181818181818,1.3333333333333333,True,-4987.478722999999,4900.553214,-9888.031937
0x8477e447846c758f5a675856001ea72298fd9cb5,2024-11-10,442.748384,164,223252.87,1361.297987804878,78.13843,45,45,45,119,78,Extreme Greed,Greed,1.0,0.37815126050420167,True,-4544.730339,4900.553214,-9445.283553
0x8477e447846c758f5a675856001ea72298fd9cb5,2024-11-11,4876.874304,172,328040.19,1907.2104069767443,109.53626799999999,83,79,83,89,76,Extreme Greed,Greed,0.9518072289156626,0.9325842696629213,True,332.1439650000002,4900.553214,-4568.409248999999
0x8477e447846c758f5a675856001ea72298fd9cb5,2024-11-12,1441.27965,91,148469.62,1631.5342857142857,51.964324999999995,30,22,30,61,80,Extreme Greed,Greed,0.7333333333333333,0.4918032786885246,True,1773.4236150000002,4900.553214,-3127.1295989999994
0x8477e447846c758f5a675856001ea72298fd9cb5,2024-11-13,48.000187,4,6615.24,1653.81,2.315338,2,2,2,2,84,Extreme Greed,Greed,1.0,1.0,True,1821.4238020000003,4900.553214,-3079.1294119999993
0x8477e447846c758f5a675856001ea72298fd9cb5,2024-11-15,0.0,2,1111.6100000000001,555.8050000000001,0.38906399999999997,0,0,0,2,80,Extreme Greed,Greed,,0.0,False,1821.4238020000003,4900.553214,-3079.1294119999993
0x8477e447846c758f5a675856001ea72298fd9cb5,2024-11-16,870.746565,30,20235.91,674.5303333333334,7.082553,12,12,12,18,86,Extreme Greed,Greed,1.0,0.6666666666666666,True,2692.170367,4900.553214,-2208.3828469999994
0x8477e447846c758f5a675856001ea72298fd9cb5,2024-11-17,175.061007,20,19591.34,979.567,6.856953000000001,10,7,10,10,90,Extreme Greed,Greed,0.7,1.0,True,2867.231374,4900.553214,-2033.3218399999996
0x8477e447846c758f5a675856001ea72298fd9cb5,2024-11-18,431.960709,79,76527.12,968.6977215189872,26.78446,27,27,27,52,83,Extreme Greed,Greed,1.0,0.5192307692307693,True,3299.192083,4900.553214,-1601.3611309999997
0x8477e447846c758f5a675856001ea72298fd9cb5,2024-11-19,906.2475900000001,56,84626.83,1511.193392857143,27.26,28,26,28,28,90,Extreme Greed,Greed,0.9285714285714286,1.0,True,4205.439673,4900.553214,-695.1135409999997
0x8477e447846c758f5a675856001ea72298fd9cb5,2024-11-20,447.920315,32,64873.33,2027.2915625,22.705639,14,14,14,18,83,Extreme Greed,Greed,1.0,0.7777777777777778,True,4653.359988,4900.553214,-247.1932259999994
0x8477e447846c758f5a675856001ea72298fd9cb5,2024-11-21,0.0,57,79690.14,1398.0726315789473,27.267768,0,0,0,57,82,Extreme Greed,Greed,,0.0,False,4653.359988,4900.553214,-247.1932259999994
0x8477e447846c758f5a675856001ea72298fd9cb5,2024-11-22,365.437929,137,354676.02,2588.8760583941607,102.61079,61,52,60,77,94,Extreme Greed,Greed,0.8524590163934426,0.7792207792207793,True,5018.797917,5018.797917,0.0
0x8477e447846c758f5a675856001ea72298fd9cb5,2024-11-23,1439.449718,191,382580.58,2003.0396858638744,115.653226,65,58,65,126,93,Extreme Greed,Greed,0.8923076923076924,0.5158730158730159,True,6458.247635,6458.247635,0.0
0x8477e447846c758f5a675856001ea72298fd9cb5,2024-11-24,391.890903,70,130658.78,1866.554,41.980559,21,12,21,49,80,Extreme Greed,Greed,0.5714285714285714,0.42857142857142855,True,6850.138538,6850.138538,0.0
0x8477e447846c758f5a675856001ea72298fd9cb5,2024-11-28,0.0,6,2499.8,416.6333333333334,0.874924,0,0,0,6,77,Extreme Greed,Greed,,0.0,False,6850.138538,6850.138538,0.0
0x8477e447846c758f5a675856001ea72298fd9cb5,2024-11-29,22697.489906,63,43800.81,695.2509523809523,14.94323907,37,37,9,54,78,Extreme Greed,Greed,1.0,0.16666666666666666,True,29547.628443999998,29547.628443999998,0.0
0x8477e447846c758f5a675856001ea72298fd9cb5,2024-11-30,40.699929,76,48355.87,636.261447368421,16.924508,5,5,5,71,84,Extreme Greed,Greed,1.0,0.07042253521126761,True,29588.328372999997,29588.328372999997,0.0
0x8477e447846c758f5a675856001ea72298fd9cb5,2024-12-01,1169.432253,123,109899.26,893.489918699187,38.464692,55,55,55,68,81,Extreme Greed,Greed,1.0,0.8088235294117647,True,30757.760626,30757.760626,0.0
0x8477e447846c758f5a675856001ea72298fd9cb5,2024-12-02,254.15562,8,13343.43,1667.92875,4.670198,1,1,1,7,80,Extreme Greed,Greed,1.0,0.14285714285714285,True,31011.916245999997,31011.916245999997,0.0
0x8477e447846c758f5a675856001ea72298fd9cb5,2024-12-03,-158.695661,6,16252.410000000002,2708.735,5.688339,4,0,4,2,76,Extreme Greed,Greed,0.0,2.0,False,30853.220585,31011.916245999997,-158.69566099999793
0x8477e447846c758f5a675856001ea72298fd9cb5,2025-01-02,45.086985,77,25614.71,332.6585714285714,8.74195096,10,10,11,66,70,Greed,Greed,1.0,0.16666666666666666,True,30898.307569999997,31011.916245999997,-113.60867599999983
0x8477e447846c758f5a675856001ea72298fd9cb5,2025-01-03,909.1721379999999,177,44562.55,251.76581920903956,14.999851,32,32,37,140,74,Greed,Greed,1.0,0.2642857142857143,True,31807.479708,31807.479708,0.0
0x8477e447846c758f5a675856001ea72298fd9cb5,2025-01-04,30.818079,51,9329.65,182.9343137254902,3.265351,2,2,2,49,73,Greed,Greed,1.0,0.04081632653061224,True,31838.297787,31838.297787,0.0
0x8477e447846c758f5a675856001ea72298fd9cb5,2025-01-05,151.429584,51,10682.29,209.45666666666668,2.822904,9,9,9,42,72,Greed,Greed,1.0,0.21428571428571427,True,31989.727370999997,31989.727370999997,0.0
0x8477e447846c758f5a675856001ea72298fd9cb5,2025-01-06,272.131501,266,65659.13,246.8388345864662,19.273273,28,8,28,238,76,Extreme Greed,Greed,0.2857142857142857,0.11764705882352941,True,32261.858871999997,32261.858871999997,0.0
0x8477e447846c758f5a675856001ea72298fd9cb5,2025-01-07,4334.417218,222,137318.66,618.5525225225225,43.731671,169,161,186,36,78,Extreme Greed,Greed,0.9526627218934911,5.166666666666667,True,36596.27609,36596.27609,0.0
0x8477e447846c758f5a675856001ea72298fd9cb5,2025-01-08,1303.127763,390,160166.71,410.6838717948718,55.30867544,131,128,231,159,70,Greed,Greed,0.9770992366412213,1.4528301886792452,True,37899.403852999996,37899.403852999996,0.0
0x8477e447846c758f5a675856001ea72298fd9cb5,2025-01-09,123.72129899999999,222,99675.12,448.987027027027,30.789297,37,21,46,176,69,Greed,Greed,0.5675675675675675,0.26136363636363635,True,38023.125152,38023.125152,0.0
0x8477e447846c758f5a675856001ea72298fd9cb5,2025-01-10,1189.078864,254,120981.25,476.30413385826773,42.343309,136,119,178,76,50,Neutral,Neutral,0.875,2.3421052631578947,True,39212.204015999996,39212.204015999996,0.0
0x8477e447846c758f5a675856001ea72298fd9cb5,2025-01-11,417.647169,82,35696.63,435.32475609756096,12.493781,18,17,39,43,69,Greed,Greed,0.9444444444444444,0.9069767441860465,True,39629.851185,39629.851185,0.0
0x8477e447846c758f5a675856001ea72298fd9cb5,2025-01-12,0.0,15,4990.18,332.6786666666667,1.746553,0,0,0,15,62,Greed,Greed,,0.0,False,39629.851185,39629.851185,0.0
0x8477e447846c758f5a675856001ea72298fd9cb5,2025-01-13,2060.162946,58,48015.46,827.8527586206897,16.805393,27,26,41,17,61,Greed,Greed,0.9629629629629629,2.411764705882353,True,41690.014130999996,41690.014130999996,0.0
0x8477e447846c758f5a675856001ea72298fd9cb5,2025-01-14,82.032118,13,7351.24,565.48,2.572929,4,3,3,10,63,Greed,Greed,0.75,0.3,True,41772.046249,41772.046249,0.0
0x8477e447846c758f5a675856001ea72298fd9cb5,2025-01-15,240.93138,64,29205.79,456.34046875,8.972035,30,28,30,34,70,Greed,Greed,0.9333333333333333,0.8823529411764706,True,42012.977629,42012.977629,0.0
0x8477e447846c758f5a675856001ea72298fd9cb5,2025-01-16,218.26223099999999,34,16031.51,471.515,5.611008,11,6,11,23,75,Extreme Greed,Greed,0.5454545454545454,0.4782608695652174,True,42231.239859999994,42231.239859999994,0.0
0x8477e447846c758f5a675856001ea72298fd9cb5,2025-01-17,43.69239,13,5505.14,423.4723076923077,1.926789,1,1,1,12,75,Extreme Greed,Greed,1.0,0.08333333333333333,True,42274.93225,42274.93225,0.0
0x8477e447846c758f5a675856001ea72298fd9cb5,2025-01-18,1055.8044439999999,40,22639.77,565.99425,7.923902,22,20,22,18,77,Extreme Greed,Greed,0.9090909090909091,1.2222222222222223,True,43330.736694,43330.736694,0.0
0x8477e447846c758f5a675856001ea72298fd9cb5,2025-01-19,0.0,13,6607.42,508.26307692307694,2.312596,0,0,0,13,77,Extreme Greed,Greed,,0.0,False,43330.736694,43330.736694,0.0
0x8477e447846c758f5a675856001ea72298fd9cb5,2025-01-20,1876.265511,44,29668.59,674.2861363636364,10.383988,20,19,21,23,76,Extreme Greed,Greed,0.95,0.9130434782608695,True,45207.002205,45207.002205,0.0
0x8477e447846c758f5a675856001ea72298fd9cb5,2025-01-21,201.672306,206,59471.62,288.69718446601945,20.814922,37,35,37,169,76,Extreme Greed,Greed,0.9459459459459459,0.21893491124260356,True,45408.674511,45408.674511,0.0
0x8477e447846c758f5a675856001ea72298fd9cb5,2025-01-22,261.367634,147,86837.31,590.73,30.392978,29,13,29,118,84,Extreme Greed,Greed,0.4482758620689655,0.2457627118644068,True,45670.042145,45670.042145,0.0
0x8477e447846c758f5a675856001ea72298fd9cb5,2025-01-23,7503.093009,275,177889.88999999998,646.8723272727273,58.539402,147,129,152,123,75,Extreme Greed,Greed,0.8775510204081632,1.2357723577235773,True,53173.135153999996,53173.135153999996,0.0
0x8477e447846c758f5a675856001ea72298fd9cb5,2025-01-24,288.144978,61,21346.04,349.93508196721314,7.4710719999999995,2,2,2,59,75,Extreme Greed,Greed,1.0,0.03389830508474576,True,53461.280132,53461.280132,0.0
0x8477e447846c758f5a675856001ea72298fd9cb5,2025-01-25,1125.196124,111,55298.69,498.1863963963964,19.354491,25,25,25,86,75,Extreme Greed,Greed,1.0,0.29069767441860467,True,54586.476255999994,54586.476255999994,0.0
0x8477e447846c758f5a675856001ea72298fd9cb5,2025-01-26,444.464792,96,78294.77,815.5705208333334,27.403108,29,21,29,67,73,Greed,Greed,0.7241379310344828,0.43283582089552236,True,55030.941048,55030.941048,0.0
0x8477e447846c758f5a675856001ea72298fd9cb5,2025-01-27,4321.583225,31,43303.56,1396.8890322580644,15.156218,18,18,24,7,71,Greed,Greed,1.0,3.4285714285714284,True,59352.524272999995,59352.524272999995,0.0
0x8477e447846c758f5a675856001ea72298fd9cb5,2025-01-29,0.0,13,5877.25,452.09615384615387,2.057023,0,0,2,11,72,Greed,Greed,,0.18181818181818182,False,59352.524272999995,59352.524272999995,0.0
0x8477e447846c758f5a675856001ea72298fd9cb5,2025-01-30,0.0,9,2771.67,307.96333333333337,0.970079,0,0,0,9,70,Greed,Greed,,0.0,False,59352.524272999995,59352.524272999995,0.0
0x8477e447846c758f5a675856001ea72298fd9cb5,2025-01-31,151.311363,66,34792.22,527.1548484848485,12.177244,16,16,15,51,76,Extreme Greed,Greed,1.0,0.29411764705882354,True,59503.835635999996,59503.835635999996,0.0
0x8477e447846c758f5a675856001ea72298fd9cb5,2025-02-01,1579.909758,60,36909.24,615.154,12.918201,34,29,34,26,68,Greed,Greed,0.8529411764705882,1.3076923076923077,True,61083.745394,61083.745394,0.0
0x8477e447846c758f5a675856001ea72298fd9cb5,2025-02-02,1023.934713,60,64164.55,1069.4091666666668,22.457569,16,15,58,2,60,Greed,Greed,0.9375,29.0,True,62107.680107,62107.680107,0.0
0x8477e447846c758f5a675856001ea72298fd9cb5,2025-02-03,1474.607584,138,227057.59,1645.3448550724638,79.470085,67,67,71,67,44,Fear,Fear,1.0,1.0597014925373134,True,63582.287691,63582.287691,0.0
0x8477e447846c758f5a675856001ea72298fd9cb5,2025-02-04,0.0,6,2775.0299999999997,462.50499999999994,0.971256,0,0,0,6,72,Greed,Greed,,0.0,False,63582.287691,63582.287691,0.0
0x8477e447846c758f5a675856001ea72298fd9cb5,2025-02-05,554.257954,20,11099.21,554.9604999999999,3.8847129999999996,12,12,12,8,54,Neutral,Neutral,1.0,1.5,True,64136.545645,64136.545645,0.0
0x8477e447846c758f5a675856001ea72298fd9cb5,2025-02-07,0.0,6,1662.92,277.15333333333336,0.582022,0,0,0,6,44,Fear,Fear,,0.0,False,64136.545645,64136.545645,0.0
0x8477e447846c758f5a675856001ea72298fd9cb5,2025-02-08,131.753274,8,2639.67,329.95875,0.923882,7,7,7,1,44,Fear,Fear,1.0,7.0,True,64268.298919,64268.298919,0.0
0x8477e447846c758f5a675856001ea72298fd9cb5,2025-02-09,312.034872,65,20960.649999999998,322.47153846153844,7.336186,21,20,23,42,46,Neutral,Neutral,0.9523809523809523,0.5476190476190477,True,64580.333791,64580.333791,0.0
0x8477e447846c758f5a675856001ea72298fd9cb5,2025-02-10,131.17446,46,26926.87,585.3667391304348,9.424385,8,7,17,29,43,Fear,Fear,0.875,0.5862068965517241,True,64711.508251,64711.508251,0.0
0x8477e447846c758f5a675856001ea72298fd9cb5,2025-02-11,56.537437,19,10821.48,569.5515789473684,3.787513,5,5,5,14,47,Neutral,Neutral,1.0,0.35714285714285715,True,64768.045688,64768.045688,0.0
0x8477e447846c758f5a675856001ea72298fd9cb5,2025-02-12,299.669854,30,12328.46,410.9486666666666,4.314933,26,23,26,4,46,Neutral,Neutral,0.8846153846153846,6.5,True,65067.715542,65067.715542,0.0
0x8477e447846c758f5a675856001ea72298fd9cb5,2025-02-13,181.456277,25,6607.2699999999995,264.2908,2.312537,11,11,11,14,50,Neutral,Neutral,1.0,0.7857142857142857,True,65249.171818999996,65249.171818999996,0.0
0x8477e447846c758f5a675856001ea72298fd9cb5,2025-02-14,0.0,10,2549.71,254.971,0.892394,0,0,0,10,48,Neutral,Neutral,,0.0,False,65249.171818999996,65249.171818999996,0.0
0x8477e447846c758f5a675856001ea72298fd9cb5,2025-02-15,49.98382900000001,9,3941.88,437.9866666666667,1.379656,9,3,9,0,50,Neutral,Neutral,0.3333333333333333,,True,65299.155648,65299.155648,0.0
0x8477e447846c758f5a675856001ea72298fd9cb5,2025-02-16,0.0,1,555.02,555.02,0.194256,0,0,0,1,54,Neutral,Neutral,,0.0,False,65299.155648,65299.155648,0.0
0x8477e447846c758f5a675856001ea72298fd9cb5,2025-02-17,0.0,20,10212.81,510.6405,3.5744730000000002,0,0,0,20,51,Neutral,Neutral,,0.0,False,65299.155648,65299.155648,0.0
0x8477e447846c758f5a675856001ea72298fd9cb5,2025-02-18,950.815596,23,14814.74,644.1191304347826,5.185141,21,21,21,2,47,Neutral,Neutral,1.0,10.5,True,66249.971244,66249.971244,0.0
0x8477e447846c758f5a675856001ea72298fd9cb5,2025-02-19,0.0,9,7496.91,832.99,2.623911,0,0,0,9,44,Fear,Fear,,0.0,False,66249.971244,66249.971244,0.0
0x8477e447846c758f5a675856001ea72298fd9cb5,2025-02-22,-80.922744,18,6183.04,343.5022222222222,2.164054,1,0,1,17,49,Neutral,Neutral,0.0,0.058823529411764705,False,66169.0485,66249.971244,-80.92274399999587
0x8477e447846c758f5a675856001ea72298fd9cb5,2025-02-23,63.922728,24,13789.22,574.5508333333333,4.826209,1,1,1,23,50,Neutral,Neutral,1.0,0.043478260869565216,True,66232.971228,66249.971244,-17.000016000005417
0x8477e447846c758f5a675856001ea72298fd9cb5,2025-02-24,1282.097568,55,48124.62,874.9930909090909,16.843593,38,35,50,5,49,Neutral,Neutral,0.9210526315789473,10.0,True,67515.06879599999,67515.06879599999,0.0
0x8477e447846c758f5a675856001ea72298fd9cb5,2025-02-25,0.0,4,4999.5,1249.875,1.749824,0,0,4,0,25,Fear,Fear,,,False,67515.06879599999,67515.06879599999,0.0
0x8477e447846c758f5a675856001ea72298fd9cb5,2025-02-26,108.13869,14,8992.960000000001,642.3542857142858,3.147529,1,1,0,14,21,Extreme Fear,Fear,1.0,0.0,True,67623.207486,67623.207486,0.0
0x8477e447846c758f5a675856001ea72298fd9cb5,2025-02-27,0.0,1,2499.69,2499.69,0.874891,0,0,1,0,10,Extreme Fear,Fear,,,False,67623.207486,67623.207486,0.0
0x8477e447846c758f5a675856001ea72298fd9cb5,2025-02-28,268.367925,19,21408.62,1126.7694736842104,7.493002000000001,10,10,14,5,16,Extreme Fear,Fear,1.0,2.8,True,67891.575411,67891.575411,0.0
0x8477e447846c758f5a675856001ea72298fd9cb5,2025-03-03,468.35197800000003,68,39158.95,575.8669117647058,13.705607,31,23,32,36,33,Fear,Fear,0.7419354838709677,0.8888888888888888,True,68359.927389,68359.927389,0.0
0x8477e447846c758f5a675856001ea72298fd9cb5,2025-03-04,54.2704,8,8942.56,1117.82,3.1298969999999997,1,1,8,0,15,Extreme Fear,Fear,1.0,,True,68414.197789,68414.197789,0.0
0x8477e447846c758f5a675856001ea72298fd9cb5,2025-03-05,34.86435,34,18466.739999999998,543.1394117647059,6.463336,4,4,0,34,20,Extreme Fear,Fear,1.0,0.0,True,68449.062139,68449.062139,0.0
0x8477e447846c758f5a675856001ea72298fd9cb5,2025-03-06,0.0,7,773.73,110.53285714285714,0.270798,0,0,0,7,25,Fear,Fear,,0.0,False,68449.062139,68449.062139,0.0
0x8477e447846c758f5a675856001ea72298fd9cb5,2025-03-07,9.266712,2,1109.14,554.57,0.388198,1,1,1,1,34,Fear,Fear,1.0,1.0,True,68458.328851,68458.328851,0.0
0x8477e447846c758f5a675856001ea72298fd9cb5,2025-03-09,969.56792,35,8450.19,241.43400000000003,2.957549,33,33,33,2,27,Fear,Fear,1.0,16.5,True,69427.896771,69427.896771,0.0
0x8477e447846c758f5a675856001ea72298fd9cb5,2025-03-10,0.0,3,4998.5,1666.1666666666667,1.749475,0,0,3,0,20,Extreme Fear,Fear,,,False,69427.896771,69427.896771,0.0
0x8477e447846c758f5a675856001ea72298fd9cb5,2025-03-11,94.48255800000001,8,10092.1,1261.5125,3.532232,7,6,1,7,24,Extreme Fear,Fear,0.8571428571428571,0.14285714285714285,True,69522.379329,69522.379329,0.0
0x8477e447846c758f5a675856001ea72298fd9cb5,2025-03-12,0.0,3,2000.46,666.82,0.700161,0,0,3,0,34,Fear,Fear,,,False,69522.379329,69522.379329,0.0
0x8477e447846c758f5a675856001ea72298fd9cb5,2025-03-13,0.0,11,4223.59,383.9627272727273,1.478244,0,0,11,0,45,Neutral,Neutral,,,False,69522.379329,69522.379329,0.0
0x8477e447846c758f5a675856001ea72298fd9cb5,2025-03-14,364.03788,5,6588.04,1317.608,2.30581,5,5,0,5,27,Fear,Fear,1.0,0.0,True,69886.41720899999,69886.41720899999,0.0
0x8477e447846c758f5a675856001ea72298fd9cb5,2025-03-18,185.307189,24,10686.4,445.26666666666665,3.740228,12,12,12,12,34,Fear,Fear,1.0,1.0,True,70071.72439799999,70071.72439799999,0.0
0x8477e447846c758f5a675856001ea72298fd9cb5,2025-03-19,0.0,9,5384.73,598.3033333333333,1.88465,0,0,0,9,32,Fear,Fear,,0.0,False,70071.72439799999,70071.72439799999,0.0
0x8477e447846c758f5a675856001ea72298fd9cb5,2025-03-20,65.297516,11,5319.42,483.58363636363634,1.861792,11,7,11,0,49,Neutral,Neutral,0.6363636363636364,,True,70137.021914,70137.021914,0.0
0x8477e447846c758f5a675856001ea72298fd9cb5,2025-03-21,0.0,2,887.11,443.555,0.31048699999999996,0,0,0,2,31,Fear,Fear,,0.0,False,70137.021914,70137.021914,0.0
0x8477e447846c758f5a675856001ea72298fd9cb5,2025-03-22,-41.40918,4,1149.52,287.38,0.40233399999999997,2,0,2,2,32,Fear,Fear,0.0,1.0,False,70095.612734,70137.021914,-41.40918000000238
0x8477e447846c758f5a675856001ea72298fd9cb5,2025-03-23,178.247768,37,20526.25,554.7635135135135,7.184167,11,11,11,26,30,Fear,Fear,1.0,0.4230769230769231,True,70273.860502,70273.860502,0.0
0x8477e447846c758f5a675856001ea72298fd9cb5,2025-03-24,0.0,78,43672.92,559.9092307692307,15.285498,0,0,0,78,45,Neutral,Neutral,,0.0,False,70273.860502,70273.860502,0.0
0x8477e447846c758f5a675856001ea72298fd9cb5,2025-03-25,994.196069,36,45794.62,1272.072777777778,16.028101,26,25,26,10,46,Neutral,Neutral,0.9615384615384616,2.6,True,71268.056571,71268.056571,0.0
0x8477e447846c758f5a675856001ea72298fd9cb5,2025-03-26,27.5033,9,6700.11,744.4566666666666,2.345032,1,1,1,8,47,Neutral,Neutral,1.0,0.125,True,71295.559871,71295.559871,0.0
0x8477e447846c758f5a675856001ea72298fd9cb5,2025-03-27,195.60777199999998,40,45550.15,1138.75375,13.442556,14,14,14,26,40,Fear,Fear,1.0,0.5384615384615384,True,71491.167643,71491.167643,0.0
0x8477e447846c758f5a675856001ea72298fd9cb5,2025-03-28,1617.77036,37,45331.45,1225.1743243243243,15.865988,25,25,25,12,44,Fear,Fear,1.0,2.0833333333333335,True,73108.938003,73108.938003,0.0
0x8477e447846c758f5a675856001ea72298fd9cb5,2025-03-29,7.57416,10,7212.530000000001,721.253,2.524376,2,2,2,8,26,Fear,Fear,1.0,0.25,True,73116.51216299999,73116.51216299999,0.0
0x8477e447846c758f5a675856001ea72298fd9cb5,2025-03-30,267.13403800000003,8,5452.88,681.61,1.908502,6,6,6,2,32,Fear,Fear,1.0,3.0,True,73383.646201,73383.646201,0.0
0x8477e447846c758f5a675856001ea72298fd9cb5,2025-03-31,92.902727,7,3571.96,510.28000000000003,1.250182,3,3,3,4,34,Fear,Fear,1.0,0.75,True,73476.548928,73476.548928,0.0
0x8477e447846c758f5a675856001ea72298fd9cb5,2025-04-03,0.0,6,3997.21,666.2016666666667,1.399017,0,0,6,0,25,Fear,Fear,,,False,73476.548928,73476.548928,0.0
0x8477e447846c758f5a675856001ea72298fd9cb5,2025-04-04,586.623362,54,26109.75,483.5138888888889,8.263874,17,17,36,18,28,Fear,Fear,1.0,2.0,True,74063.17229,74063.17229,0.0
0x8477e447846c758f5a675856001ea72298fd9cb5,2025-04-05,0.0,4,2498.98,624.745,0.874638,0,0,0,4,30,Fear,Fear,,0.0,False,74063.17229,74063.17229,0.0
0x8477e447846c758f5a675856001ea72298fd9cb5,2025-04-06,67.080809,28,12423.32,443.69,2.599645,4,4,28,0,34,Fear,Fear,1.0,,True,74130.253099,74130.253099,0.0
0x8477e447846c758f5a675856001ea72298fd9cb5,2025-04-07,632.303024,270,499332.72,1849.3804444444443,134.158752,103,73,145,125,23,Extreme Fear,Fear,0.7087378640776699,1.16,True,74762.556123,74762.556123,0.0
0x8477e447846c758f5a675856001ea72298fd9cb5,2025-04-08,81.035707,46,38119.45,828.6836956521738,10.494913,14,14,15,31,24,Extreme Fear,Fear,1.0,0.4838709677419355,True,74843.59183,74843.59183,0.0
0x8477e447846c758f5a675856001ea72298fd9cb5,2025-04-09,500.847132,136,125919.70999999999,925.8802205882353,43.572328999999996,27,26,30,106,18,Extreme Fear,Fear,0.9629629629629629,0.2830188679245283,True,75344.438962,75344.438962,0.0
0x8477e447846c758f5a675856001ea72298fd9cb5,2025-04-10,-103.71342200000002,314,274563.89,874.4072929936306,74.654105,173,84,173,141,39,Fear,Fear,0.48554913294797686,1.2269503546099292,False,75240.72554,75344.438962,-103.71342200000072
0x8477e447846c758f5a675856001ea72298fd9cb5,2025-04-11,19.202581000000002,61,33735.49,553.0408196721311,9.307393,12,12,12,49,25,Fear,Fear,1.0,0.24489795918367346,True,75259.928121,75344.438962,-84.51084099999571
0x8477e447846c758f5a675856001ea72298fd9cb5,2025-04-12,0.0,24,18547.34,772.8058333333333,6.491558,0,0,0,24,43,Fear,Fear,,0.0,False,75259.928121,75344.438962,-84.51084099999571
0x8477e447846c758f5a675856001ea72298fd9cb5,2025-04-13,1350.19094,287,235409.22,820.2411846689896,66.817145,196,147,196,91,45,Neutral,Neutral,0.75,2.1538461538461537,True,76610.119061,76610.119061,0.0
0x8477e447846c758f5a675856001ea72298fd9cb5,2025-04-14,236.725655,23,21458.62,932.9834782608696,7.371822,12,12,12,11,31,Fear,Fear,1.0,1.0909090909090908,True,76846.84471599999,76846.84471599999,0.0
0x8477e447846c758f5a675856001ea72298fd9cb5,2025-04-15,191.802066,38,19793.17,520.8728947368421,6.927599,15,14,15,23,38,Fear,Fear,0.9333333333333333,0.6521739130434783,True,77038.646782,77038.646782,0.0
0x8477e447846c758f5a675856001ea72298fd9cb5,2025-04-16,71.93199,4,1426.15,356.5375,0.499147,4,4,4,0,29,Fear,Fear,1.0,,True,77110.578772,77110.578772,0.0
0x8477e447846c758f5a675856001ea72298fd9cb5,2025-04-18,0.0,20,7661.61,383.0805,2.68156,0,0,0,20,33,Fear,Fear,,0.0,False,77110.578772,77110.578772,0.0
0x8477e447846c758f5a675856001ea72298fd9cb5,2025-04-19,0.0,19,6210.82,326.8852631578947,2.17378,0,0,0,19,32,Fear,Fear,,0.0,False,77110.578772,77110.578772,0.0
0x8477e447846c758f5a675856001ea72298fd9cb5,2025-04-20,43.224447,44,14452.29,328.4611363636364,5.058285,5,5,5,39,37,Fear,Fear,1.0,0.1282051282051282,True,77153.803219,77153.803219,0.0
0x8477e447846c758f5a675856001ea72298fd9cb5,2025-04-21,596.556385,108,53826.78,498.3961111111111,18.339327,32,32,32,76,39,Fear,Fear,1.0,0.42105263157894735,True,77750.359604,77750.359604,0.0
0x8477e447846c758f5a675856001ea72298fd9cb5,2025-04-22,-180.07315699999998,988,1155475.42,1169.5095344129554,337.52486,312,161,312,676,47,Neutral,Neutral,0.5160256410256411,0.46153846153846156,False,77570.28644699999,77750.359604,-180.07315700000618
0x8477e447846c758f5a675856001ea72298fd9cb5,2025-04-23,-27087.802198,1950,1240447.02,636.126676923077,291.009131,1523,41,1523,427,72,Greed,Greed,0.026920551543007223,3.566744730679157,False,50482.484249,77750.359604,-27267.875354999996
0x8477e447846c758f5a675856001ea72298fd9cb5,2025-04-24,2397.669518,117,77083.65,658.8346153846153,25.177256,75,60,75,42,63,Greed,Greed,0.8,1.7857142857142858,True,52880.153766999996,77750.359604,-24870.205837
0x8477e447846c758f5a675856001ea72298fd9cb5,2025-04-25,36.153454,207,220182.68,1063.6844444444444,77.063853,2,2,2,205,60,Greed,Greed,1.0,0.00975609756097561,True,52916.307220999995,77750.359604,-24834.052383000002
0x8477e447846c758f5a675856001ea72298fd9cb5,2025-04-26,394.655169,70,99166.68,1416.666857142857,34.708292,34,33,34,36,65,Greed,Greed,0.9705882352941176,0.9444444444444444,True,53310.96239,77750.359604,-24439.397213999997
0x8477e447846c758f5a675856001ea72298fd9cb5,2025-04-27,78.78402200000001,20,27281.88,1364.094,9.548649,19,19,19,1,61,Greed,Greed,1.0,19.0,True,53389.746412,77750.359604,-24360.613191999997
0x8477e447846c758f5a675856001ea72298fd9cb5,2025-04-28,-6424.928118,80,175466.0,2193.325,61.413055,76,5,76,4,54,Neutral,Neutral,0.06578947368421052,19.0,False,46964.818294,77750.359604,-30785.54131
0x8477e447846c758f5a675856001ea72298fd9cb5,2025-04-29,-1793.442795,73,28922.66,396.20082191780824,6.708202,33,2,33,40,60,Greed,Greed,0.06060606060606061,0.825,False,45171.375499,77750.359604,-32578.984104999996
0x8477e447846c758f5a675856001ea72298fd9cb5,2025-04-30,-1053.418063,87,85726.91,985.3667816091954,26.119731,56,22,55,32,56,Greed,Greed,0.39285714285714285,1.71875,False,44117.957436,77750.359604,-33632.402168
0x8477e447846c758f5a675856001ea72298fd9cb5,2025-05-01,-200.94846,19,5883.4800000000005,309.6568421052632,1.088026,14,0,14,5,53,Neutral,Neutral,0.0,2.8,False,43917.008976,77750.359604,-33833.350628
0x92f17e8d81a944691c10e753af1b1baae1a2cd0d,2024-12-13,0.0,162,399968.44,2468.940987654321,4.20111348,0,0,162,0,76,Extreme Greed,Greed,,,False,0.0,0.0,0.0
0x92f17e8d81a944691c10e753af1b1baae1a2cd0d,2024-12-15,0.0,413,780642.45,1890.1754237288135,11.53175475,0,0,413,0,80,Extreme Greed,Greed,,,False,0.0,0.0,0.0
0x92f17e8d81a944691c10e753af1b1baae1a2cd0d,2024-12-16,55.987393,2,111.96000000000001,55.980000000000004,0.02034849,1,1,1,1,83,Extreme Greed,Greed,1.0,1.0,True,55.987393,55.987393,0.0
0x92f17e8d81a944691c10e753af1b1baae1a2cd0d,2024-12-17,0.0,1,0.0,0.0,0.0,0,0,0,1,87,Extreme Greed,Greed,,0.0,False,55.987393,55.987393,0.0
0x92f17e8d81a944691c10e753af1b1baae1a2cd0d,2024-12-22,0.0,86,353629.35,4111.969186046511,71.770235,0,0,6,80,73,Greed,Greed,,0.075,False,55.987393,55.987393,0.0
0x92f17e8d81a944691c10e753af1b1baae1a2cd0d,2024-12-23,8639.369933,60,591455.58,9857.592999999999,69.64450000000001,54,54,60,0,70,Greed,Greed,1.0,,True,8695.357326,8695.357326,0.0
0x92f17e8d81a944691c10e753af1b1baae1a2cd0d,2025-01-19,0.0,484,1015731.94,2098.6197107438015,355.505903,0,0,484,0,77,Extreme Greed,Greed,,,False,8695.357326,8695.357326,0.0
0x92f17e8d81a944691c10e753af1b1baae1a2cd0d,2025-01-23,63464.28729,487,1468573.33,3015.5509856262834,514.000444,432,432,100,387,75,Extreme Greed,Greed,1.0,0.25839793281653745,True,72159.644616,72159.644616,0.0
0x92f17e8d81a944691c10e753af1b1baae1a2cd0d,2025-01-29,21987.812579,636,1656692.32,2604.86213836478,579.84199,286,272,286,350,72,Greed,Greed,0.951048951048951,0.8171428571428572,True,94147.457195,94147.457195,0.0
0x92f17e8d81a944691c10e753af1b1baae1a2cd0d,2025-02-02,12245.905048999999,169,400643.99,2370.67449704142,140.225324,75,75,94,75,60,Greed,Greed,1.0,1.2533333333333334,True,106393.362244,106393.362244,0.0
0x92f17e8d81a944691c10e753af1b1baae1a2cd0d,2025-02-07,0.0,2,92000.0,46000.0,0.4,0,0,2,0,44,Fear,Fear,,,False,106393.362244,106393.362244,0.0
0x92f17e8d81a944691c10e753af1b1baae1a2cd0d,2025-02-08,0.0,152,269331.82,1771.9198684210526,1.19999773,0,0,152,0,44,Fear,Fear,,,False,106393.362244,106393.362244,0.0
0x92f17e8d81a944691c10e753af1b1baae1a2cd0d,2025-02-24,0.0,45,426667.97,9481.510444444444,1.99999899,0,0,45,0,49,Neutral,Neutral,,,False,106393.362244,106393.362244,0.0
0x92f17e8d81a944691c10e753af1b1baae1a2cd0d,2025-02-25,0.0,8,482000.0,60250.0,2.39999982,0,0,8,0,25,Fear,Fear,,,False,106393.362244,106393.362244,0.0
0x92f17e8d81a944691c10e753af1b1baae1a2cd0d,2025-04-07,3425.96095,68,653351.5,9608.110294117647,228.673001,33,33,25,43,23,Extreme Fear,Fear,1.0,0.5813953488372093,True,109819.323194,109819.323194,0.0
0x92f17e8d81a944691c10e753af1b1baae1a2cd0d,2025-04-14,-621.54506,25,501579.33,20063.1732,175.552752,7,0,18,7,31,Fear,Fear,0.0,2.5714285714285716,False,109197.778134,109819.323194,-621.545060000004
0x92f17e8d81a944691c10e753af1b1baae1a2cd0d,2025-04-16,0.0,4,168138.0,42034.5,58.848298,0,0,4,0,29,Fear,Fear,,,False,109197.778134,109819.323194,-621.545060000004
0x92f17e8d81a944691c10e753af1b1baae1a2cd0d,2025-04-23,17381.164,248,1731837.76,6983.216774193548,606.143139,4,4,244,4,72,Greed,Greed,1.0,61.0,True,126578.942134,126578.942134,0.0
0xa0feb3725a9335f49874d7cd8eaad6be45b27416,2024-12-13,2270.1241019999998,234,219938.41999999998,939.9077777777777,19.428627,164,164,70,164,76,Extreme Greed,Greed,1.0,0.4268292682926829,True,2270.1241019999998,2270.1241019999998,0.0
0xa0feb3725a9335f49874d7cd8eaad6be45b27416,2024-12-14,10281.503571,683,1143657.42,1674.4618155197657,73.206342,296,296,386,297,83,Extreme Greed,Greed,1.0,1.2996632996632997,True,12551.627672999999,12551.627672999999,0.0
0xa0feb3725a9335f49874d7cd8eaad6be45b27416,2024-12-15,3932.676736,748,1006213.05,1345.2046122994652,64.97873,236,187,512,236,80,Extreme Greed,Greed,0.7923728813559322,2.169491525423729,True,16484.304409,16484.304409,0.0
0xa0feb3725a9335f49874d7cd8eaad6be45b27416,2024-12-16,3923.071266,326,557630.81,1710.5239570552149,30.75539,164,164,162,164,83,Extreme Greed,Greed,1.0,0.9878048780487805,True,20407.375675,20407.375675,0.0
0xa0feb3725a9335f49874d7cd8eaad6be45b27416,2024-12-17,9080.193597,599,1228954.26,2051.6765609348913,68.951806,260,260,339,260,87,Extreme Greed,Greed,1.0,1.3038461538461539,True,29487.569272,29487.569272,0.0
0xa0feb3725a9335f49874d7cd8eaad6be45b27416,2024-12-18,2755.818564,314,551560.22,1756.5612101910826,30.847866,154,154,160,154,81,Extreme Greed,Greed,1.0,1.0389610389610389,True,32243.387835999998,32243.387835999998,0.0
0xa0feb3725a9335f49874d7cd8eaad6be45b27416,2024-12-19,5687.811638,439,850779.2,1937.9936218678815,63.489077,189,189,250,189,75,Extreme Greed,Greed,1.0,1.3227513227513228,True,37931.199474,37931.199474,0.0
0xa0feb3725a9335f49874d7cd8eaad6be45b27416,2024-12-20,5930.482942,243,276288.18,1136.9883950617284,29.021081,163,163,80,163,74,Greed,Greed,1.0,0.49079754601226994,True,43861.682415999996,43861.682415999996,0.0
0xa0feb3725a9335f49874d7cd8eaad6be45b27416,2024-12-21,2600.050242,331,540147.32,1631.86501510574,57.790802,105,105,226,105,73,Greed,Greed,1.0,2.1523809523809523,True,46461.732658,46461.732658,0.0
0xa0feb3725a9335f49874d7cd8eaad6be45b27416,2024-12-22,2718.982224,291,510449.04,1754.1204123711339,43.031281,81,81,210,81,73,Greed,Greed,1.0,2.5925925925925926,True,49180.714882,49180.714882,0.0
0xa0feb3725a9335f49874d7cd8eaad6be45b27416,2024-12-23,0.0,3,4210.68,1403.5600000000002,0.210533,0,0,3,0,70,Greed,Greed,,,False,49180.714882,49180.714882,0.0
0xa0feb3725a9335f49874d7cd8eaad6be45b27416,2024-12-24,0.0,1,2994.6,2994.6,0.898379,0,0,1,0,73,Greed,Greed,,,False,49180.714882,49180.714882,0.0
0xa0feb3725a9335f49874d7cd8eaad6be45b27416,2025-01-15,0.0,2,1044.19,522.095,0.10441900000000001,0,0,2,0,70,Greed,Greed,,,False,49180.714882,49180.714882,0.0
0xa0feb3725a9335f49874d7cd8eaad6be45b27416,2025-01-18,0.0,53,65945.76,1244.2596226415094,14.034398,0,0,53,0,77,Extreme Greed,Greed,,,False,49180.714882,49180.714882,0.0
0xa0feb3725a9335f49874d7cd8eaad6be45b27416,2025-01-20,0.0,1,2999.98,2999.98,0.299998,0,0,1,0,76,Extreme Greed,Greed,,,False,49180.714882,49180.714882,0.0
0xa0feb3725a9335f49874d7cd8eaad6be45b27416,2025-01-22,140.995116,20,6653.5,332.675,0.673011,2,2,18,2,84,Extreme Greed,Greed,1.0,9.0,True,49321.709998,49321.709998,0.0
0xa0feb3725a9335f49874d7cd8eaad6be45b27416,2025-01-23,0.0,6,3419.52,569.92,0.341949,0,0,6,0,75,Extreme Greed,Greed,,,False,49321.709998,49321.709998,0.0
0xa0feb3725a9335f49874d7cd8eaad6be45b27416,2025-01-24,0.0,9,6040.46,671.1622222222222,1.599999,0,0,9,0,75,Extreme Greed,Greed,,,False,49321.709998,49321.709998,0.0
0xa0feb3725a9335f49874d7cd8eaad6be45b27416,2025-01-27,0.0,20,8998.42,449.921,0.8998309999999999,0,0,20,0,71,Greed,Greed,,,False,49321.709998,49321.709998,0.0
0xa0feb3725a9335f49874d7cd8eaad6be45b27416,2025-01-31,9719.053192,65,192340.11,2959.078615384615,19.233983,65,65,0,65,76,Extreme Greed,Greed,1.0,0.0,True,59040.76319,59040.76319,0.0
0xa0feb3725a9335f49874d7cd8eaad6be45b27416,2025-02-01,923.487443,18,25021.87,1390.1038888888888,2.633701,18,18,0,18,68,Greed,Greed,1.0,0.0,True,59964.250632999996,59964.250632999996,0.0
0xa0feb3725a9335f49874d7cd8eaad6be45b27416,2025-02-02,0.0,29,35103.479999999996,1210.4648275862069,5.072198,0,0,29,0,60,Greed,Greed,,,False,59964.250632999996,59964.250632999996,0.0
0xa0feb3725a9335f49874d7cd8eaad6be45b27416,2025-02-03,2161.6751200000003,15,128667.93,8577.862,26.363956,6,6,9,6,44,Fear,Fear,1.0,1.5,True,62125.925752999996,62125.925752999996,0.0
0xa0feb3725a9335f49874d7cd8eaad6be45b27416,2025-02-04,4624.583773,731,893174.02,1221.8522845417237,157.259385,149,138,573,158,72,Greed,Greed,0.9261744966442953,3.6265822784810124,True,66750.509526,66750.509526,0.0
0xa0feb3725a9335f49874d7cd8eaad6be45b27416,2025-02-05,-6194.283149,368,1531595.6300000001,4161.944646739131,304.26918,105,45,263,105,54,Neutral,Neutral,0.42857142857142855,2.5047619047619047,False,60556.226377,66750.509526,-6194.283148999995
0xa0feb3725a9335f49874d7cd8eaad6be45b27416,2025-02-06,2780.135427,806,577728.76,716.7850620347394,111.97957,275,274,531,275,49,Neutral,Neutral,0.9963636363636363,1.930909090909091,True,63336.361804,66750.509526,-3414.1477219999942
0xa0feb3725a9335f49874d7cd8eaad6be45b27416,2025-02-07,6119.377807,787,1376937.75,1749.6032401524778,302.792442,202,202,589,198,44,Fear,Fear,1.0,2.974747474747475,True,69455.739611,69455.739611,0.0
0xa0feb3725a9335f49874d7cd8eaad6be45b27416,2025-02-08,330.039883,328,250781.18,764.5767682926829,27.555919,96,96,232,96,44,Fear,Fear,1.0,2.4166666666666665,True,69785.779494,69785.779494,0.0
0xa0feb3725a9335f49874d7cd8eaad6be45b27416,2025-02-09,183.593223,122,91236.04,747.8363934426229,9.858359,22,21,100,22,46,Neutral,Neutral,0.9545454545454546,4.545454545454546,True,69969.37271699999,69969.37271699999,0.0
0xa0feb3725a9335f49874d7cd8eaad6be45b27416,2025-02-10,1338.39845,304,264062.05,868.6251644736842,16.107328,185,185,119,185,43,Fear,Fear,1.0,0.6432432432432432,True,71307.771167,71307.771167,0.0
0xa0feb3725a9335f49874d7cd8eaad6be45b27416,2025-02-11,869.757103,183,222415.75,1215.386612021858,33.559473,31,31,152,31,47,Neutral,Neutral,1.0,4.903225806451613,True,72177.52827,72177.52827,0.0
0xa0feb3725a9335f49874d7cd8eaad6be45b27416,2025-02-12,0.0,50,49983.3,999.666,2.499139,0,0,50,0,46,Neutral,Neutral,,,False,72177.52827,72177.52827,0.0
0xa0feb3725a9335f49874d7cd8eaad6be45b27416,2025-02-13,1312.55815,399,802803.87,2012.0397744360903,132.655252,160,160,239,160,50,Neutral,Neutral,1.0,1.49375,True,73490.08641999999,73490.08641999999,0.0
0xa0feb3725a9335f49874d7cd8eaad6be45b27416,2025-02-14,414.743169,306,419937.63,1372.3451960784314,60.105301999999995,36,34,271,35,48,Neutral,Neutral,0.9444444444444444,7.742857142857143,True,73904.829589,73904.829589,0.0
0xa0feb3725a9335f49874d7cd8eaad6be45b27416,2025-02-15,590.73516,466,366862.15,787.2578326180258,45.096536,116,113,351,115,50,Neutral,Neutral,0.9741379310344828,3.0521739130434784,True,74495.564749,74495.564749,0.0
0xa0feb3725a9335f49874d7cd8eaad6be45b27416,2025-02-16,819.9958,455,228095.48,501.30874725274725,16.960231,228,195,226,229,54,Neutral,Neutral,0.8552631578947368,0.9868995633187773,True,75315.560549,75315.560549,0.0
0xa0feb3725a9335f49874d7cd8eaad6be45b27416,2025-02-17,303.11202,284,170070.85,598.8410211267606,16.349651,119,118,118,166,51,Neutral,Neutral,0.9915966386554622,0.7108433734939759,True,75618.672569,75618.672569,0.0
0xa0feb3725a9335f49874d7cd8eaad6be45b27416,2025-02-18,3494.964308,413,499345.74,1209.069588377724,38.828941,149,149,262,151,47,Neutral,Neutral,1.0,1.7350993377483444,True,79113.636877,79113.636877,0.0
0xa0feb3725a9335f49874d7cd8eaad6be45b27416,2025-02-19,1280.6095579999999,400,436759.6,1091.899,71.234617,134,134,266,134,44,Fear,Fear,1.0,1.9850746268656716,True,80394.246435,80394.246435,0.0
0xa0feb3725a9335f49874d7cd8eaad6be45b27416,2025-02-20,2866.872677,968,790994.25,817.1428202479339,87.025921,443,443,525,443,49,Neutral,Neutral,1.0,1.18510158013544,True,83261.119112,83261.119112,0.0
0xa0feb3725a9335f49874d7cd8eaad6be45b27416,2025-02-21,3417.71341,769,793176.02,1031.4382574772433,73.35484,341,341,428,341,55,Greed,Greed,1.0,1.2551319648093842,True,86678.832522,86678.832522,0.0
0xa0feb3725a9335f49874d7cd8eaad6be45b27416,2025-02-22,101.06290399999999,41,32351.559999999998,789.0624390243902,4.64251,20,20,21,20,49,Neutral,Neutral,1.0,1.05,True,86779.895426,86779.895426,0.0
0xa0feb3725a9335f49874d7cd8eaad6be45b27416,2025-02-23,0.0,53,11993.11,226.28509433962265,0.599623,0,0,53,0,50,Neutral,Neutral,,,False,86779.895426,86779.895426,0.0
0xa0feb3725a9335f49874d7cd8eaad6be45b27416,2025-02-24,0.0,42,20814.91,495.59309523809526,2.91327,0,0,42,0,49,Neutral,Neutral,,,False,86779.895426,86779.895426,0.0
0xa0feb3725a9335f49874d7cd8eaad6be45b27416,2025-02-25,826.548369,193,120866.0,626.2487046632124,10.378791,54,54,139,54,25,Fear,Fear,1.0,2.574074074074074,True,87606.443795,87606.443795,0.0
0xa0feb3725a9335f49874d7cd8eaad6be45b27416,2025-02-26,0.0,20,14996.51,749.8255,1.999079,0,0,20,0,21,Extreme Fear,Fear,,,False,87606.443795,87606.443795,0.0
0xa0feb3725a9335f49874d7cd8eaad6be45b27416,2025-02-27,0.0,13,9992.43,768.6484615384616,2.997722,0,0,13,0,10,Extreme Fear,Fear,,,False,87606.443795,87606.443795,0.0
0xa0feb3725a9335f49874d7cd8eaad6be45b27416,2025-02-28,1011.258943,197,122779.16,623.2444670050761,17.835655,62,61,141,56,16,Extreme Fear,Fear,0.9838709677419355,2.517857142857143,True,88617.70273799999,88617.70273799999,0.0
0xa0feb3725a9335f49874d7cd8eaad6be45b27416,2025-03-02,625.512206,32,54119.310000000005,1691.2284375000002,2.793128,16,16,16,16,26,Fear,Fear,1.0,1.0,True,89243.21494399999,89243.21494399999,0.0
0xa0feb3725a9335f49874d7cd8eaad6be45b27416,2025-03-03,60.171373,176,41276.27,234.52426136363636,2.7102749999999998,16,15,160,16,33,Fear,Fear,0.9375,10.0,True,89303.386317,89303.386317,0.0
0xa0feb3725a9335f49874d7cd8eaad6be45b27416,2025-03-04,0.0,40,14771.07,369.27675,0.738537,0,0,40,0,15,Extreme Fear,Fear,,,False,89303.386317,89303.386317,0.0
0xa0feb3725a9335f49874d7cd8eaad6be45b27416,2025-03-14,0.0,8,6999.83,874.97875,0.699979,0,0,8,0,27,Fear,Fear,,,False,89303.386317,89303.386317,0.0
0xa0feb3725a9335f49874d7cd8eaad6be45b27416,2025-04-15,73.34455,21,19270.35,917.6357142857142,3.9631380000000003,9,9,9,12,38,Fear,Fear,1.0,0.75,True,89376.73086699999,89376.73086699999,0.0
0xa0feb3725a9335f49874d7cd8eaad6be45b27416,2025-04-16,100.22198900000001,47,18802.76,400.05872340425526,2.990934,19,17,19,28,29,Fear,Fear,0.8947368421052632,0.6785714285714286,True,89476.952856,89476.952856,0.0
0xa0feb3725a9335f49874d7cd8eaad6be45b27416,2025-04-17,18.57004,13,3949.9700000000003,303.8438461538462,0.645079,6,6,6,7,30,Fear,Fear,1.0,0.8571428571428571,True,89495.522896,89495.522896,0.0
0xa0feb3725a9335f49874d7cd8eaad6be45b27416,2025-04-23,6653.134804,550,492035.18,894.6094181818181,40.63173124,215,215,335,215,72,Greed,Greed,1.0,1.558139534883721,True,96148.6577,96148.6577,0.0
0xa0feb3725a9335f49874d7cd8eaad6be45b27416,2025-04-24,1279.688605,334,442781.33,1325.6926047904192,37.2493389753,65,65,269,65,63,Greed,Greed,1.0,4.138461538461539,True,97428.346305,97428.346305,0.0
0xa0feb3725a9335f49874d7cd8eaad6be45b27416,2025-04-25,4058.112969,138,203554.35,1475.0315217391305,16.8622330082,43,43,95,43,60,Greed,Greed,1.0,2.2093023255813953,True,101486.459274,101486.459274,0.0
0xa0feb3725a9335f49874d7cd8eaad6be45b27416,2025-04-26,0.0,50,21299.96,425.9992,0.66920957,0,0,50,0,65,Greed,Greed,,,False,101486.459274,101486.459274,0.0
0xa0feb3725a9335f49874d7cd8eaad6be45b27416,2025-04-27,147.309165,46,39485.85,858.3880434782608,4.8708811662,4,4,42,4,61,Greed,Greed,1.0,10.5,True,101633.76843899999,101633.76843899999,0.0
0xa0feb3725a9335f49874d7cd8eaad6be45b27416,2025-04-28,474.245409,155,171434.73,1106.0305161290323,10.3046254701,21,21,134,21,54,Neutral,Neutral,1.0,6.380952380952381,True,102108.013848,102108.013848,0.0
0xa0feb3725a9335f49874d7cd8eaad6be45b27416,2025-04-29,1189.49741,214,270016.77999999997,1261.7606542056074,19.0121721531,93,93,121,93,60,Greed,Greed,1.0,1.3010752688172043,True,103297.511258,103297.511258,0.0
0xa0feb3725a9335f49874d7cd8eaad6be45b27416,2025-04-30,1555.834562,345,273902.59,793.9205507246378,13.2328752555,123,123,222,123,56,Greed,Greed,1.0,1.8048780487804879,True,104853.34582,104853.34582,0.0
0xa0feb3725a9335f49874d7cd8eaad6be45b27416,2025-05-01,1449.529436,288,325695.48,1130.8870833333333,27.8552032658,101,101,187,101,53,Neutral,Neutral,1.0,1.8514851485148516,True,106302.875256,106302.875256,0.0
0xa520ded057a32086c40e7dd6ed4eb8efb82c00e0,2024-08-03,0.0,16,148506.99,9281.686875,51.977449,0,0,16,0,37,Fear,Fear,,,False,0.0,0.0,0.0
0xa520ded057a32086c40e7dd6ed4eb8efb82c00e0,2024-08-04,-14176.51042,10,134929.87,13492.987,48.482797000000005,2,0,8,2,34,Fear,Fear,0.0,4.0,False,-14176.51042,0.0,-14176.51042
0xa520ded057a32086c40e7dd6ed4eb8efb82c00e0,2024-08-05,0.0,2,20107.61,10053.805,36.606680000000004,0,0,2,0,26,Fear,Fear,,,False,-14176.51042,0.0,-14176.51042
0xa520ded057a32086c40e7dd6ed4eb8efb82c00e0,2024-08-07,0.0,1,500.0,500.0,0.2136618,0,0,1,0,29,Fear,Fear,,,False,-14176.51042,0.0,-14176.51042
0xa520ded057a32086c40e7dd6ed4eb8efb82c00e0,2024-08-08,-40.712216999999995,4,459.28,114.82,0.160745,3,0,0,4,20,Extreme Fear,Fear,0.0,0.0,False,-14217.222637,0.0,-14217.222637
0xa520ded057a32086c40e7dd6ed4eb8efb82c00e0,2024-08-09,0.0,2,500.0,250.0,0.08139447,0,0,2,0,48,Neutral,Neutral,,,False,-14217.222637,0.0,-14217.222637
0xa520ded057a32086c40e7dd6ed4eb8efb82c00e0,2024-08-17,-288.283113,1,211.7,211.7,0.021169,1,0,0,1,25,Fear,Fear,0.0,0.0,False,-14505.50575,0.0,-14505.50575
0xa520ded057a32086c40e7dd6ed4eb8efb82c00e0,2024-08-18,0.0,1,0.01,0.01,0.0,0,0,0,1,31,Fear,Fear,,0.0,False,-14505.50575,0.0,-14505.50575
0xa520ded057a32086c40e7dd6ed4eb8efb82c00e0,2024-08-21,0.0,2,2000.28,1000.14,0.700099,0,0,2,0,26,Fear,Fear,,,False,-14505.50575,0.0,-14505.50575
0xa520ded057a32086c40e7dd6ed4eb8efb82c00e0,2024-09-08,0.0,1,0.11,0.11,0.0,0,0,0,1,29,Fear,Fear,,0.0,False,-14505.50575,0.0,-14505.50575
0xa520ded057a32086c40e7dd6ed4eb8efb82c00e0,2024-09-10,-219.729659,2,1780.54,890.27,0.62319,2,0,0,2,33,Fear,Fear,0.0,0.0,False,-14725.235409,0.0,-14725.235409
0xa520ded057a32086c40e7dd6ed4eb8efb82c00e0,2024-10-17,0.0,1,499.72,499.72,0.174901,0,0,1,0,71,Greed,Greed,,,False,-14725.235409,0.0,-14725.235409
0xa520ded057a32086c40e7dd6ed4eb8efb82c00e0,2024-10-28,167.28016200000002,4,1500.9299999999998,375.23249999999996,0.275335,4,4,0,4,72,Greed,Greed,1.0,0.0,True,-14557.955247,0.0,-14557.955247
0xa520ded057a32086c40e7dd6ed4eb8efb82c00e0,2024-11-07,3360.9281,95,19837.95,208.8205263157895,1.87150338,48,48,47,48,77,Extreme Greed,Greed,1.0,0.9791666666666666,True,-11197.027147,0.0,-11197.027147
0xa520ded057a32086c40e7dd6ed4eb8efb82c00e0,2024-11-13,0.0,1,200.04,200.04,0.070012,0,0,1,0,84,Extreme Greed,Greed,,,False,-11197.027147,0.0,-11197.027147
0xa520ded057a32086c40e7dd6ed4eb8efb82c00e0,2024-11-18,693.220788,9,1677.08,186.3422222222222,0.572741,9,9,0,9,83,Extreme Greed,Greed,1.0,0.0,True,-10503.806359,0.0,-10503.806359
0xa520ded057a32086c40e7dd6ed4eb8efb82c00e0,2024-11-21,2.83504,1,202.87,202.87,0.071004,1,1,0,1,82,Extreme Greed,Greed,1.0,0.0,True,-10500.971319,0.0,-10500.971319
0xa520ded057a32086c40e7dd6ed4eb8efb82c00e0,2024-11-29,0.0,21,121009.49,5762.356666666667,4.22740322,0,0,21,0,78,Extreme Greed,Greed,,,False,-10500.971319,0.0,-10500.971319
0xa520ded057a32086c40e7dd6ed4eb8efb82c00e0,2024-12-01,34709.852428,61,52243.57,856.4519672131147,9.36078833,49,49,12,49,81,Extreme Greed,Greed,1.0,0.24489795918367346,True,24208.881108999998,24208.881108999998,0.0
0xa520ded057a32086c40e7dd6ed4eb8efb82c00e0,2024-12-03,0.0,34,99999.98,2941.1758823529412,2.2150486799999998,0,0,34,0,76,Extreme Greed,Greed,,,False,24208.881108999998,24208.881108999998,0.0
0xa520ded057a32086c40e7dd6ed4eb8efb82c00e0,2024-12-10,0.0,8,109744.79000000001,13718.098750000001,2.38649766,0,0,8,0,78,Extreme Greed,Greed,,,False,24208.881108999998,24208.881108999998,0.0
0xa520ded057a32086c40e7dd6ed4eb8efb82c00e0,2024-12-11,994.238977,15,2475.02,165.00133333333332,0.620024,15,15,0,15,74,Greed,Greed,1.0,0.0,True,25203.120086,25203.120086,0.0
0xa520ded057a32086c40e7dd6ed4eb8efb82c00e0,2024-12-12,2512.437585,4,5497.650000000001,1374.4125000000001,1.8742159999999999,4,4,0,4,83,Extreme Greed,Greed,1.0,0.0,True,27715.557671,27715.557671,0.0
0xa520ded057a32086c40e7dd6ed4eb8efb82c00e0,2024-12-16,2069.35811,13,2499.82,192.29384615384618,0.334015,13,13,0,13,83,Extreme Greed,Greed,1.0,0.0,True,29784.915781,29784.915781,0.0
0xa520ded057a32086c40e7dd6ed4eb8efb82c00e0,2024-12-17,256.200336,1,299.74,299.74,0.029973,1,1,0,1,87,Extreme Greed,Greed,1.0,0.0,True,30041.116116999998,30041.116116999998,0.0
0xa520ded057a32086c40e7dd6ed4eb8efb82c00e0,2024-12-20,23353.625678,12,57160.03,4763.3358333333335,4.49421197,11,11,1,11,74,Greed,Greed,1.0,0.09090909090909091,True,53394.741794999994,53394.741794999994,0.0
0xa520ded057a32086c40e7dd6ed4eb8efb82c00e0,2025-01-04,556.803152,5,1065.4699999999998,213.09399999999997,0.356291,5,5,0,5,73,Greed,Greed,1.0,0.0,True,53951.544946999995,53951.544946999995,0.0
0xa520ded057a32086c40e7dd6ed4eb8efb82c00e0,2025-01-14,7013.428624,12,9951.42,829.285,3.482992,12,12,0,12,63,Greed,Greed,1.0,0.0,True,60964.973570999995,60964.973570999995,0.0
0xa520ded057a32086c40e7dd6ed4eb8efb82c00e0,2025-01-21,2806.434723,8,4780.9800000000005,597.6225000000001,1.670433,8,8,0,8,76,Extreme Greed,Greed,1.0,0.0,True,63771.408294,63771.408294,0.0
0xa520ded057a32086c40e7dd6ed4eb8efb82c00e0,2025-01-27,12084.434144,56,55433.34,989.8810714285713,14.877165,56,56,0,56,71,Greed,Greed,1.0,0.0,True,75855.84243799999,75855.84243799999,0.0
0xa520ded057a32086c40e7dd6ed4eb8efb82c00e0,2025-01-28,0.0,3,0.23,0.07666666666666667,0.0,0,0,0,3,72,Greed,Greed,,0.0,False,75855.84243799999,75855.84243799999,0.0
0xa520ded057a32086c40e7dd6ed4eb8efb82c00e0,2025-02-03,20.596691,1,999.91,999.91,0.349967,1,1,0,1,44,Fear,Fear,1.0,0.0,True,75876.439129,75876.439129,0.0
0xa520ded057a32086c40e7dd6ed4eb8efb82c00e0,2025-02-10,30.785143,2,499.64,249.82,0.174872,2,2,0,2,43,Fear,Fear,1.0,0.0,True,75907.224272,75907.224272,0.0
0xa520ded057a32086c40e7dd6ed4eb8efb82c00e0,2025-03-08,-1121.6509429999999,2,2501.41,1250.705,0.8754900000000001,2,0,0,2,28,Fear,Fear,0.0,0.0,False,74785.573329,75907.224272,-1121.6509430000006
0xa520ded057a32086c40e7dd6ed4eb8efb82c00e0,2025-04-08,-920.33629,1,1000.85,1000.85,0.350298,1,0,0,1,24,Extreme Fear,Fear,0.0,0.0,False,73865.237039,75907.224272,-2041.987233000007
0xa520ded057a32086c40e7dd6ed4eb8efb82c00e0,2025-04-10,-965.1214130000001,3,1602.02,534.0066666666667,0.31047,3,0,0,3,39,Fear,Fear,0.0,0.0,False,72900.115626,75907.224272,-3007.108646000008
0xa520ded057a32086c40e7dd6ed4eb8efb82c00e0,2025-04-13,-53.631353999999995,2,129.06,64.53,0.045167,2,0,0,2,45,Neutral,Neutral,0.0,0.0,False,72846.484272,75907.224272,-3060.7400000000052
0xae5eacaf9c6b9111fd53034a602c192a04e082ed,2024-12-02,0.0,44,78277.3,1779.0295454545455,3.50139761,0,0,44,0,80,Extreme Greed,Greed,,,False,0.0,0.0,0.0
0xae5eacaf9c6b9111fd53034a602c192a04e082ed,2024-12-03,20925.513222,145,565317.04,3898.738206896552,197.860887,105,105,40,105,76,Extreme Greed,Greed,1.0,0.38095238095238093,True,20925.513222,20925.513222,0.0
0xae5eacaf9c6b9111fd53034a602c192a04e082ed,2024-12-04,0.0,1,0.1,0.1,0.0,0,0,0,1,78,Extreme Greed,Greed,,0.0,False,20925.513222,20925.513222,0.0
0xae5eacaf9c6b9111fd53034a602c192a04e082ed,2025-03-04,0.0,21,152639.03,7268.525238095238,51.286693,0,0,21,0,15,Extreme Fear,Fear,,,False,20925.513222,20925.513222,0.0
0xae5eacaf9c6b9111fd53034a602c192a04e082ed,2025-03-05,0.0,9,31505.8,3500.644444444444,10.585937999999999,0,0,9,0,20,Extreme Fear,Fear,,,False,20925.513222,20925.513222,0.0
0xae5eacaf9c6b9111fd53034a602c192a04e082ed,2025-03-11,0.0,4,27647.7,6911.925,9.289627,0,0,4,0,24,Extreme Fear,Fear,,,False,20925.513222,20925.513222,0.0
0xae5eacaf9c6b9111fd53034a602c192a04e082ed,2025-03-18,0.0,38,93534.85,2461.443421052632,31.427672,0,0,38,0,34,Fear,Fear,,,False,20925.513222,20925.513222,0.0
0xae5eacaf9c6b9111fd53034a602c192a04e082ed,2025-04-08,0.0,33,94574.77,2865.9021212121215,31.777091000000002,0,0,33,0,24,Extreme Fear,Fear,,,False,20925.513222,20925.513222,0.0
0xae5eacaf9c6b9111fd53034a602c192a04e082ed,2025-04-09,622.41079,13,10298.349999999999,792.1807692307691,3.460236,6,6,7,6,18,Extreme Fear,Fear,1.0,1.1666666666666667,True,21547.924012000003,21547.924012000003,0.0
0xae5eacaf9c6b9111fd53034a602c192a04e082ed,2025-04-10,5615.909695,19,47249.91,2486.837368421053,15.875953,19,19,0,19,39,Fear,Fear,1.0,0.0,True,27163.833707,27163.833707,0.0
0xae5eacaf9c6b9111fd53034a602c192a04e082ed,2025-04-12,2513.430964,45,101827.89,2262.842,34.214136,24,24,21,24,43,Fear,Fear,1.0,0.875,True,29677.264671,29677.264671,0.0
0xae5eacaf9c6b9111fd53034a602c192a04e082ed,2025-04-21,0.0,21,51130.65,2434.7928571428574,17.179883,0,0,21,0,39,Fear,Fear,,,False,29677.264671,29677.264671,0.0
0xae5eacaf9c6b9111fd53034a602c192a04e082ed,2025-04-23,28100.700490000003,28,79230.9,2829.6749999999997,26.621557,28,28,0,28,72,Greed,Greed,1.0,0.0,True,57777.965161,57777.965161,0.0
0xae5eacaf9c6b9111fd53034a602c192a04e082ed,2025-04-24,2587.44383,87,203141.35,2334.9580459770114,68.25541199999999,17,17,70,17,63,Greed,Greed,1.0,4.117647058823529,True,60365.408991000004,60365.408991000004,0.0
0xae5eacaf9c6b9111fd53034a602c192a04e082ed,2025-04-25,7480.21054,55,141050.08000000002,2564.5469090909096,47.392782000000004,31,31,24,31,60,Greed,Greed,1.0,0.7741935483870968,True,67845.619531,67845.619531,0.0
0xaf40fdc468c30116bd3307bcbf4a451a7ebf1deb,2024-12-09,0.0,4,7875.4800000000005,1968.8700000000001,0.787545,0,0,4,0,78,Extreme Greed,Greed,,,False,0.0,0.0,0.0
0xaf40fdc468c30116bd3307bcbf4a451a7ebf1deb,2024-12-11,39.7705,1,7158.62,7158.62,2.505516,1,1,0,1,74,Greed,Greed,1.0,0.0,True,39.7705,39.7705,0.0
0xaf40fdc468c30116bd3307bcbf4a451a7ebf1deb,2024-12-12,15.24474,1,771.87,771.87,0.270154,1,1,0,1,83,Extreme Greed,Greed,1.0,0.0,True,55.01524,55.01524,0.0
0xaf40fdc468c30116bd3307bcbf4a451a7ebf1deb,2024-12-23,0.0,3,960.4,320.1333333333333,0.09603800000000001,0,0,3,0,70,Greed,Greed,,,False,55.01524,55.01524,0.0
0xaf40fdc468c30116bd3307bcbf4a451a7ebf1deb,2024-12-24,3.43,1,963.83,963.83,0.33734,1,1,0,1,73,Greed,Greed,1.0,0.0,True,58.44524,58.44524,0.0
0xaf40fdc468c30116bd3307bcbf4a451a7ebf1deb,2025-03-16,-1017.424213,125,665417.81,5323.34248,66.44175718,43,18,82,43,30,Fear,Fear,0.4186046511627907,1.9069767441860466,False,-958.978973,58.44524,-1017.424213
0xaf40fdc468c30116bd3307bcbf4a451a7ebf1deb,2025-03-17,-1646.3529,35,331712.01,9477.486,33.171181000000004,33,0,2,33,32,Fear,Fear,0.0,0.06060606060606061,False,-2605.331873,58.44524,-2663.777113
0xaf40fdc468c30116bd3307bcbf4a451a7ebf1deb,2025-03-18,0.0,21,82436.02,3925.5247619047623,8.243589,0,0,21,0,34,Fear,Fear,,,False,-2605.331873,58.44524,-2663.777113
0xaf40fdc468c30116bd3307bcbf4a451a7ebf1deb,2025-03-19,5304.480047,162,761891.37,4703.033148148148,42.4138180394,112,112,50,112,32,Fear,Fear,1.0,0.44642857142857145,True,2699.148174,2699.148174,0.0
0xaf40fdc468c30116bd3307bcbf4a451a7ebf1deb,2025-03-20,0.0,1,84870.0,84870.0,8.487,0,0,1,0,49,Neutral,Neutral,,,False,2699.148174,2699.148174,0.0
0xaf40fdc468c30116bd3307bcbf4a451a7ebf1deb,2025-03-24,5070.619785,23,345112.98,15004.912173913042,55.854544000000004,17,17,6,17,45,Neutral,Neutral,1.0,0.35294117647058826,True,7769.767959,7769.767959,0.0
0xaf40fdc468c30116bd3307bcbf4a451a7ebf1deb,2025-03-25,0.0,1,87100.0,87100.0,8.71,0,0,1,0,46,Neutral,Neutral,,,False,7769.767959,7769.767959,0.0
0xaf40fdc468c30116bd3307bcbf4a451a7ebf1deb,2025-03-26,2087.063794,27,437399.01,16199.963333333333,65.774139,3,3,24,3,47,Neutral,Neutral,1.0,8.0,True,9856.831753,9856.831753,0.0
0xaf40fdc468c30116bd3307bcbf4a451a7ebf1deb,2025-03-27,894.0,21,347421.98,16543.90380952381,78.29369,6,6,15,6,40,Fear,Fear,1.0,2.5,True,10750.831753,10750.831753,0.0
0xaf40fdc468c30116bd3307bcbf4a451a7ebf1deb,2025-03-28,1342.0,54,347258.0,6430.7037037037035,78.365291,4,4,50,4,44,Fear,Fear,1.0,12.5,True,12092.831753,12092.831753,0.0
0xaf40fdc468c30116bd3307bcbf4a451a7ebf1deb,2025-04-03,2020.0,8,340220.0,42527.5,34.021999,1,1,7,1,25,Fear,Fear,1.0,7.0,True,14112.831753,14112.831753,0.0
0xaf40fdc468c30116bd3307bcbf4a451a7ebf1deb,2025-04-05,2400.0,8,333099.99,41637.49875,33.309998,1,1,7,1,30,Fear,Fear,1.0,7.0,True,16512.831753,16512.831753,0.0
0xaf40fdc468c30116bd3307bcbf4a451a7ebf1deb,2025-04-07,0.0,17,38053.979999999996,2238.4694117647055,3.805396,0,0,17,0,23,Extreme Fear,Fear,,,False,16512.831753,16512.831753,0.0
0xaf40fdc468c30116bd3307bcbf4a451a7ebf1deb,2025-04-11,5246.0,7,208500.0,29785.714285714286,20.849999,7,7,0,7,25,Fear,Fear,1.0,0.0,True,21758.831753,21758.831753,0.0
0xaf40fdc468c30116bd3307bcbf4a451a7ebf1deb,2025-04-12,0.0,14,20099.91,1435.7078571428572,0.0066152269999999996,0,0,14,0,43,Fear,Fear,,,False,21758.831753,21758.831753,0.0
0xb1231a4a2dd02f2276fa3c5e2a2f3436e6bfed23,2023-12-05,0.0,9,50005.83,5556.203333333334,12.501455,0,0,7,2,75,Extreme Greed,Greed,,3.5,False,0.0,0.0,0.0
0xb1231a4a2dd02f2276fa3c5e2a2f3436e6bfed23,2023-12-14,-205.43473700000007,11,113203.35,10291.213636363636,28.300831000000002,6,4,5,6,72,Greed,Greed,0.6666666666666666,0.8333333333333334,False,-205.43473700000007,0.0,-205.43473700000007
0xb1231a4a2dd02f2276fa3c5e2a2f3436e6bfed23,2023-12-15,-24.632033999999997,2,10609.95,5304.975,2.652489,2,0,2,0,70,Greed,Greed,0.0,,False,-230.06677100000007,0.0,-230.06677100000007
0xb1231a4a2dd02f2276fa3c5e2a2f3436e6bfed23,2023-12-16,0.0,3,15348.77,5116.256666666667,3.8371890000000004,0,0,3,0,67,Greed,Greed,,,False,-230.06677100000007,0.0,-230.06677100000007
0xb1231a4a2dd02f2276fa3c5e2a2f3436e6bfed23,2023-12-17,304.982785,14,116278.02,8305.572857142857,29.069499,11,7,3,11,73,Greed,Greed,0.6363636363636364,0.2727272727272727,True,74.9160139999999,74.9160139999999,0.0
0xb1231a4a2dd02f2276fa3c5e2a2f3436e6bfed23,2023-12-18,0.0,2,31164.179999999997,15582.089999999998,7.791045,0,0,2,0,65,Greed,Greed,,,False,74.9160139999999,74.9160139999999,0.0
0xb1231a4a2dd02f2276fa3c5e2a2f3436e6bfed23,2023-12-19,1000.5386120000001,15,91602.41,6106.827333333334,22.900596,10,10,5,10,73,Greed,Greed,1.0,0.5,True,1075.454626,1075.454626,0.0
0xb1231a4a2dd02f2276fa3c5e2a2f3436e6bfed23,2023-12-20,162.732282,18,141636.79,7868.710555555556,35.409187,8,8,10,8,74,Greed,Greed,1.0,1.25,True,1238.186908,1238.186908,0.0
0xb1231a4a2dd02f2276fa3c5e2a2f3436e6bfed23,2023-12-21,537.211402,49,125233.97,2555.795306122449,31.308469,27,26,22,27,70,Greed,Greed,0.9629629629629629,0.8148148148148148,True,1775.39831,1775.39831,0.0
0xb1231a4a2dd02f2276fa3c5e2a2f3436e6bfed23,2023-12-22,141.832675,10,88874.28,8887.428,22.218566000000003,2,2,8,2,74,Greed,Greed,1.0,4.0,True,1917.2309850000001,1917.2309850000001,0.0
0xb1231a4a2dd02f2276fa3c5e2a2f3436e6bfed23,2023-12-23,146.936704,13,78438.25,6033.711538461538,19.609555,8,8,5,8,70,Greed,Greed,1.0,0.625,True,2064.167689,2064.167689,0.0
0xb1231a4a2dd02f2276fa3c5e2a2f3436e6bfed23,2023-12-24,1008.619956,39,402954.94,10332.177948717948,100.738715,17,15,21,18,71,Greed,Greed,0.8823529411764706,1.1666666666666667,True,3072.787645,3072.787645,0.0
0xb1231a4a2dd02f2276fa3c5e2a2f3436e6bfed23,2023-12-25,-245.081348,3,59948.51,19982.836666666666,14.987124999999999,1,0,2,1,73,Greed,Greed,0.0,2.0,False,2827.706297,3072.787645,-245.0813479999997
0xb1231a4a2dd02f2276fa3c5e2a2f3436e6bfed23,2023-12-27,-704.8892269999999,28,171411.06,6121.823571428571,42.852747,13,4,15,13,73,Greed,Greed,0.3076923076923077,1.1538461538461537,False,2122.81707,3072.787645,-949.9705749999998
0xb1231a4a2dd02f2276fa3c5e2a2f3436e6bfed23,2023-12-28,-970.730876,23,100117.25,4352.923913043478,25.0293,13,0,10,13,73,Greed,Greed,0.0,0.7692307692307693,False,1152.086194,3072.787645,-1920.701451
0xb1231a4a2dd02f2276fa3c5e2a2f3436e6bfed23,2023-12-29,508.92214299999995,50,569559.72,11391.1944,142.389901,20,15,31,19,65,Greed,Greed,0.75,1.631578947368421,True,1661.008337,3072.787645,-1411.779308
0xb1231a4a2dd02f2276fa3c5e2a2f3436e6bfed23,2023-12-30,354.998648,52,702550.21,13510.58096153846,175.637526,33,23,20,32,68,Greed,Greed,0.696969696969697,0.625,True,2016.006985,3072.787645,-1056.78066
0xb1231a4a2dd02f2276fa3c5e2a2f3436e6bfed23,2024-01-01,-129.53146,18,264239.52999999997,14679.973888888888,66.059867,6,1,10,8,65,Greed,Greed,0.16666666666666666,1.25,False,1886.475525,3072.787645,-1186.3121199999998
0xb1231a4a2dd02f2276fa3c5e2a2f3436e6bfed23,2024-01-02,783.979116,17,121348.74,7138.1611764705885,30.337176,9,8,9,8,71,Greed,Greed,0.8888888888888888,1.125,True,2670.4546410000003,3072.787645,-402.3330039999996
0xb1231a4a2dd02f2276fa3c5e2a2f3436e6bfed23,2024-01-03,866.015507,67,394499.36,5888.050149253731,98.624811,35,28,32,35,70,Greed,Greed,0.8,0.9142857142857143,True,3536.470148,3536.470148,0.0
0xb1231a4a2dd02f2276fa3c5e2a2f3436e6bfed23,2024-01-04,-67.60364,5,99792.54000000001,19958.508,24.948132,3,0,2,3,68,Greed,Greed,0.0,0.6666666666666666,False,3468.866508,3536.470148,-67.60363999999981
0xb1231a4a2dd02f2276fa3c5e2a2f3436e6bfed23,2024-01-05,164.141565,66,1703942.66,25817.31303030303,425.985639,23,13,31,35,72,Greed,Greed,0.5652173913043478,0.8857142857142857,True,3633.008073,3633.008073,0.0
0xb1231a4a2dd02f2276fa3c5e2a2f3436e6bfed23,2024-01-06,135.58166400000002,22,298521.4,13569.154545454547,74.630342,12,10,11,11,70,Greed,Greed,0.8333333333333334,1.0,True,3768.5897370000002,3768.5897370000002,0.0
0xb1231a4a2dd02f2276fa3c5e2a2f3436e6bfed23,2024-01-07,-835.681235,97,1048850.06,10812.887216494846,262.212464,37,9,52,45,71,Greed,Greed,0.24324324324324326,1.1555555555555554,False,2932.908502,3768.5897370000002,-835.681235
0xb1231a4a2dd02f2276fa3c5e2a2f3436e6bfed23,2024-01-08,-269.874439,128,1522452.43,11894.159609375,380.613064,67,32,40,88,71,Greed,Greed,0.47761194029850745,0.45454545454545453,False,2663.034063,3768.5897370000002,-1105.5556740000002
0xb1231a4a2dd02f2276fa3c5e2a2f3436e6bfed23,2024-01-09,-826.349863,70,870051.97,12429.313857142857,204.012928,28,18,28,42,76,Extreme Greed,Greed,0.6428571428571429,0.6666666666666666,False,1836.6842,3768.5897370000002,-1931.9055370000003
0xb1231a4a2dd02f2276fa3c5e2a2f3436e6bfed23,2024-01-10,-1517.091342,193,2057479.48,10660.515440414507,434.044865,83,41,92,101,73,Greed,Greed,0.4939759036144578,0.9108910891089109,False,319.592858,3768.5897370000002,-3448.9968790000003
0xb1231a4a2dd02f2276fa3c5e2a2f3436e6bfed23,2024-01-11,-164.08950099999998,19,259180.22999999998,13641.064736842105,64.795045,9,5,11,8,76,Extreme Greed,Greed,0.5555555555555556,1.375,False,155.503357,3768.5897370000002,-3613.08638
0xb1231a4a2dd02f2276fa3c5e2a2f3436e6bfed23,2024-01-12,-1925.519024,7,200082.27,28583.181428571428,49.480726999999995,2,0,5,2,71,Greed,Greed,0.0,2.5,False,-1770.015667,3768.5897370000002,-5538.605404
0xb1231a4a2dd02f2276fa3c5e2a2f3436e6bfed23,2024-01-15,0.0,5,50006.24,10001.248,12.501555,0,0,5,0,52,Neutral,Neutral,,,False,-1770.015667,3768.5897370000002,-5538.605404
0xb1231a4a2dd02f2276fa3c5e2a2f3436e6bfed23,2024-01-16,939.6285419999999,3,52945.25,17648.416666666668,13.236312,3,3,0,3,64,Greed,Greed,1.0,0.0,True,-830.387125,3768.5897370000002,-4598.976862
0xb1231a4a2dd02f2276fa3c5e2a2f3436e6bfed23,2024-01-17,813.2741110000001,53,800831.03,15110.019433962265,159.707606,19,11,31,22,60,Greed,Greed,0.5789473684210527,1.4090909090909092,True,-17.113013999999907,3768.5897370000002,-3785.7027510000003
0xb1231a4a2dd02f2276fa3c5e2a2f3436e6bfed23,2024-01-18,68.93319,46,424631.52999999997,9231.120217391304,92.657901,9,3,18,28,63,Greed,Greed,0.3333333333333333,0.6428571428571429,True,51.82017600000009,3768.5897370000002,-3716.769561
0xb1231a4a2dd02f2276fa3c5e2a2f3436e6bfed23,2024-01-19,-385.215235,39,426902.16,10946.209230769231,92.685441,23,5,27,12,51,Neutral,Neutral,0.21739130434782608,2.25,False,-333.39505899999995,3768.5897370000002,-4101.984796000001
0xb1231a4a2dd02f2276fa3c5e2a2f3436e6bfed23,2024-01-20,-146.57487000000003,106,1070090.51,10095.193490566038,267.522583,32,15,60,46,52,Neutral,Neutral,0.46875,1.3043478260869565,False,-479.969929,3768.5897370000002,-4248.559666
0xb1231a4a2dd02f2276fa3c5e2a2f3436e6bfed23,2024-01-21,266.58114600000005,11,103129.74,9375.43090909091,25.78243,5,3,3,8,56,Greed,Greed,0.6,0.375,True,-213.38878299999993,3768.5897370000002,-3981.97852
0xb1231a4a2dd02f2276fa3c5e2a2f3436e6bfed23,2024-01-22,209.39217099999996,37,283856.41,7671.794864864864,63.358518000000004,15,9,23,14,55,Greed,Greed,0.6,1.6428571428571428,True,-3.9966119999999705,3768.5897370000002,-3772.586349
0xb1231a4a2dd02f2276fa3c5e2a2f3436e6bfed23,2024-01-23,-369.2447299999998,45,414518.93000000005,9211.531777777778,85.72457,20,11,33,12,50,Neutral,Neutral,0.55,2.75,False,-373.24134199999975,3768.5897370000002,-4141.831079
0xb1231a4a2dd02f2276fa3c5e2a2f3436e6bfed23,2024-01-24,-2808.353815,68,965084.59,14192.42044117647,227.771095,40,10,27,41,48,Neutral,Neutral,0.25,0.6585365853658537,False,-3181.5951569999997,3768.5897370000002,-6950.184894
0xb1231a4a2dd02f2276fa3c5e2a2f3436e6bfed23,2024-01-25,-3093.6293849999997,6,66566.13,11094.355000000001,16.641532,6,0,0,6,52,Neutral,Neutral,0.0,0.0,False,-6275.224542,3768.5897370000002,-10043.814279
0xb1231a4a2dd02f2276fa3c5e2a2f3436e6bfed23,2024-01-26,0.0,3,2517.41,839.1366666666667,0.629351,0,0,3,0,49,Neutral,Neutral,,,False,-6275.224542,3768.5897370000002,-10043.814279
0xb1231a4a2dd02f2276fa3c5e2a2f3436e6bfed23,2024-01-29,484.847102,72,412139.32,5724.157222222222,103.034807,44,44,20,52,55,Greed,Greed,1.0,0.38461538461538464,True,-5790.377439999999,3768.5897370000002,-9558.967176999999
0xb1231a4a2dd02f2276fa3c5e2a2f3436e6bfed23,2024-01-30,-173.65419100000003,49,401011.38,8183.905714285715,100.25281,19,5,28,21,61,Greed,Greed,0.2631578947368421,1.3333333333333333,False,-5964.031631,3768.5897370000002,-9732.621368
0xb1231a4a2dd02f2276fa3c5e2a2f3436e6bfed23,2024-01-31,-799.840817,859,6305647.13,7340.683504074505,1549.411475,436,231,470,389,60,Greed,Greed,0.5298165137614679,1.2082262210796915,False,-6763.872447999999,3768.5897370000002,-10532.462185
0xb1231a4a2dd02f2276fa3c5e2a2f3436e6bfed23,2024-02-01,0.0,6,2008.18,334.69666666666666,0.5020439999999999,0,0,6,0,63,Greed,Greed,,,False,-6763.872447999999,3768.5897370000002,-10532.462185
0xb1231a4a2dd02f2276fa3c5e2a2f3436e6bfed23,2024-02-02,456.423473,42,474278.43,11292.343571428572,91.569636,21,13,19,23,63,Greed,Greed,0.6190476190476191,0.8260869565217391,True,-6307.448974999999,3768.5897370000002,-10076.038712
0xb1231a4a2dd02f2276fa3c5e2a2f3436e6bfed23,2024-02-03,223.30918699999998,56,603820.0,10782.5,109.662349,12,6,18,38,60,Greed,Greed,0.5,0.47368421052631576,True,-6084.1397879999995,3768.5897370000002,-9852.729524999999
0xb1231a4a2dd02f2276fa3c5e2a2f3436e6bfed23,2024-02-04,47.62389499999999,35,203187.53,5805.358,50.52688,28,9,19,16,60,Greed,Greed,0.32142857142857145,1.1875,True,-6036.515893,3768.5897370000002,-9805.10563
0xb1231a4a2dd02f2276fa3c5e2a2f3436e6bfed23,2024-02-05,-33.45419400000003,72,770198.26,10697.198055555556,165.549465,32,14,33,39,60,Greed,Greed,0.4375,0.8461538461538461,False,-6069.970087,3768.5897370000002,-9838.559824
0xb1231a4a2dd02f2276fa3c5e2a2f3436e6bfed23,2024-02-06,-215.615907,1088,8047153.41,7396.280707720588,988.606997,523,179,518,570,64,Greed,Greed,0.3422562141491396,0.9087719298245615,False,-6285.585993999999,3768.5897370000002,-10054.175731
0xb1231a4a2dd02f2276fa3c5e2a2f3436e6bfed23,2024-02-07,241.24212,15,6758.73,450.582,0.339693,2,2,7,8,62,Greed,Greed,1.0,0.875,True,-6044.343873999999,3768.5897370000002,-9812.933611
0xb1231a4a2dd02f2276fa3c5e2a2f3436e6bfed23,2024-02-08,770.756024,10,26051.12,2605.112,3.0028870000000003,4,4,2,8,66,Greed,Greed,1.0,0.25,True,-5273.58785,3768.5897370000002,-9042.177587
0xb1231a4a2dd02f2276fa3c5e2a2f3436e6bfed23,2024-02-11,983.443176,34,212311.82,6244.465294117647,24.955292,7,7,23,11,71,Greed,Greed,1.0,2.090909090909091,True,-4290.144673999999,3768.5897370000002,-8058.734410999999
0xb1231a4a2dd02f2276fa3c5e2a2f3436e6bfed23,2024-02-12,913.8817869999998,16,227247.69999999998,14202.981249999999,27.111911,15,6,11,5,70,Greed,Greed,0.4,2.2,True,-3376.262887,3768.5897370000002,-7144.852624
0xb1231a4a2dd02f2276fa3c5e2a2f3436e6bfed23,2024-02-13,559.44389,14,1999.99,142.85642857142858,-0.039992,14,14,0,14,79,Extreme Greed,Greed,1.0,0.0,True,-2816.818997,3768.5897370000002,-6585.408734000001
0xb1231a4a2dd02f2276fa3c5e2a2f3436e6bfed23,2024-02-14,191.29666400000002,23,102701.18,4465.268695652174,12.175298,4,4,7,16,74,Greed,Greed,1.0,0.4375,True,-2625.522333,3768.5897370000002,-6394.11207
0xb1231a4a2dd02f2276fa3c5e2a2f3436e6bfed23,2024-02-15,816.0903969999999,11,108750.16,9886.378181818181,27.187538,11,8,3,8,72,Greed,Greed,0.7272727272727273,0.375,True,-1809.4319359999997,3768.5897370000002,-5578.021673
0xb1231a4a2dd02f2276fa3c5e2a2f3436e6bfed23,2024-02-16,0.0,12,100752.64,8396.053333333333,24.985659,0,0,10,2,72,Greed,Greed,,5.0,False,-1809.4319359999997,3768.5897370000002,-5578.021673
0xb1231a4a2dd02f2276fa3c5e2a2f3436e6bfed23,2024-02-17,259.62944200000004,30,203758.88,6791.962666666667,50.737215,11,7,25,5,76,Extreme Greed,Greed,0.6363636363636364,5.0,True,-1549.8024939999996,3768.5897370000002,-5318.392231
0xb1231a4a2dd02f2276fa3c5e2a2f3436e6bfed23,2024-02-19,-8.05898,6,50003.09,8333.848333333333,12.500769,3,1,3,3,75,Extreme Greed,Greed,0.3333333333333333,1.0,False,-1557.8614739999996,3768.5897370000002,-5326.451211
0xb1231a4a2dd02f2276fa3c5e2a2f3436e6bfed23,2024-02-20,210.315294,4,1710.3,427.575,0.427573,4,4,0,4,72,Greed,Greed,1.0,0.0,True,-1347.5461799999996,3768.5897370000002,-5116.135917
0xb1231a4a2dd02f2276fa3c5e2a2f3436e6bfed23,2024-02-21,0.0,1,10005.6,10005.6,2.501399,0,0,1,0,78,Extreme Greed,Greed,,,False,-1347.5461799999996,3768.5897370000002,-5116.135917
0xb1231a4a2dd02f2276fa3c5e2a2f3436e6bfed23,2024-02-22,0.0,2,5000.64,2500.32,1.25016,0,0,2,0,74,Greed,Greed,,,False,-1347.5461799999996,3768.5897370000002,-5116.135917
0xb1231a4a2dd02f2276fa3c5e2a2f3436e6bfed23,2024-02-26,0.0,2,499.96999999999997,249.98499999999999,-0.009998,0,0,0,2,72,Greed,Greed,,0.0,False,-1347.5461799999996,3768.5897370000002,-5116.135917
0xb1231a4a2dd02f2276fa3c5e2a2f3436e6bfed23,2024-02-27,576.38114,8,2576.32,322.04,0.374085,7,7,0,8,79,Extreme Greed,Greed,1.0,0.0,True,-771.1650399999997,3768.5897370000002,-4539.754777
0xb1231a4a2dd02f2276fa3c5e2a2f3436e6bfed23,2024-02-29,1320.804256,7,24827.09,3546.727142857143,6.2067689999999995,3,3,0,7,80,Extreme Greed,Greed,1.0,0.0,True,549.6392160000001,3768.5897370000002,-3218.950521
0xb1231a4a2dd02f2276fa3c5e2a2f3436e6bfed23,2024-03-02,-1443.814567,7,2943.77,420.5385714285714,0.735937,7,0,7,0,80,Extreme Greed,Greed,0.0,,False,-894.1753509999998,3768.5897370000002,-4662.765088
0xb1231a4a2dd02f2276fa3c5e2a2f3436e6bfed23,2024-03-04,1026.004099,13,3776.71,290.5161538461538,0.94417,13,13,0,13,82,Extreme Greed,Greed,1.0,0.0,True,131.82874800000025,3768.5897370000002,-3636.760989
0xb1231a4a2dd02f2276fa3c5e2a2f3436e6bfed23,2024-03-15,388.830831,19,75909.83,3995.254210526316,26.568427,8,8,6,13,83,Extreme Greed,Greed,1.0,0.46153846153846156,True,520.6595790000002,3768.5897370000002,-3247.930158
0xb1231a4a2dd02f2276fa3c5e2a2f3436e6bfed23,2024-03-16,0.0,2,10000.0,5000.0,0.999999,0,0,0,2,81,Extreme Greed,Greed,,0.0,False,520.6595790000002,3768.5897370000002,-3247.930158
0xb1231a4a2dd02f2276fa3c5e2a2f3436e6bfed23,2024-03-17,0.0,2,7502.61,3751.305,2.6259129999999997,0,0,2,0,79,Extreme Greed,Greed,,,False,520.6595790000002,3768.5897370000002,-3247.930158
0xb1231a4a2dd02f2276fa3c5e2a2f3436e6bfed23,2024-03-18,212.3193,1,5214.47,5214.47,1.825065,1,1,0,1,77,Extreme Greed,Greed,1.0,0.0,True,732.9788790000002,3768.5897370000002,-3035.610858
0xb1231a4a2dd02f2276fa3c5e2a2f3436e6bfed23,2024-03-19,-174.00152,10,29828.420000000002,2982.842,5.439754,2,0,8,2,79,Extreme Greed,Greed,0.0,4.0,False,558.9773590000002,3768.5897370000002,-3209.612378
0xb1231a4a2dd02f2276fa3c5e2a2f3436e6bfed23,2024-03-20,3829.986976,10,71343.41,7134.341,23.095237,4,4,6,4,74,Greed,Greed,1.0,1.5,True,4388.964335000001,4388.964335000001,0.0
0xb1231a4a2dd02f2276fa3c5e2a2f3436e6bfed23,2024-03-21,238.326075,4,10243.210000000001,2560.8025000000002,3.58512,1,1,3,1,78,Extreme Greed,Greed,1.0,3.0,True,4627.2904100000005,4627.2904100000005,0.0
0xb1231a4a2dd02f2276fa3c5e2a2f3436e6bfed23,2024-04-02,0.0,4,14999.89,3749.9725,1.4999850000000001,0,0,4,0,79,Extreme Greed,Greed,,,False,4627.2904100000005,4627.2904100000005,0.0
0xb1231a4a2dd02f2276fa3c5e2a2f3436e6bfed23,2024-04-03,0.0,2,9999.66,4999.83,0.999965,0,0,2,0,71,Greed,Greed,,,False,4627.2904100000005,4627.2904100000005,0.0
0xb1231a4a2dd02f2276fa3c5e2a2f3436e6bfed23,2024-04-05,965.5522159999999,8,25965.08,3245.635,9.087776999999999,8,8,0,8,79,Extreme Greed,Greed,1.0,0.0,True,5592.842626000001,5592.842626000001,0.0
0xb1231a4a2dd02f2276fa3c5e2a2f3436e6bfed23,2024-04-12,-2830.444513,15,30327.6,2021.84,10.614658,15,0,15,0,79,Extreme Greed,Greed,0.0,,False,2762.3981130000006,5592.842626000001,-2830.444513
0xb1231a4a2dd02f2276fa3c5e2a2f3436e6bfed23,2024-04-26,0.0,3,4988.290000000001,1662.7633333333335,1.745898,0,0,0,3,70,Greed,Greed,,0.0,False,2762.3981130000006,5592.842626000001,-2830.444513
0xb1231a4a2dd02f2276fa3c5e2a2f3436e6bfed23,2024-04-28,0.0,50,16986.19,339.7238,5.945152,0,0,0,50,65,Greed,Greed,,0.0,False,2762.3981130000006,5592.842626000001,-2830.444513
0xb1231a4a2dd02f2276fa3c5e2a2f3436e6bfed23,2024-04-29,0.0,14,4223.82,301.70142857142855,1.478329,0,0,0,14,67,Greed,Greed,,0.0,False,2762.3981130000006,5592.842626000001,-2830.444513
0xb1231a4a2dd02f2276fa3c5e2a2f3436e6bfed23,2024-05-03,0.0,6,4978.85,829.8083333333334,1.742594,0,0,0,6,48,Neutral,Neutral,,0.0,False,2762.3981130000006,5592.842626000001,-2830.444513
0xb1231a4a2dd02f2276fa3c5e2a2f3436e6bfed23,2024-05-04,0.0,3,4999.41,1666.47,1.749792,0,0,0,3,67,Greed,Greed,,0.0,False,2762.3981130000006,5592.842626000001,-2830.444513
0xb1231a4a2dd02f2276fa3c5e2a2f3436e6bfed23,2024-05-07,227.320653,7,9768.73,1395.532857142857,3.419052,2,2,2,5,68,Greed,Greed,1.0,0.4,True,2989.718766000001,5592.842626000001,-2603.1238599999997
0xb1231a4a2dd02f2276fa3c5e2a2f3436e6bfed23,2024-05-09,0.0,3,4975.54,1658.5133333333333,1.741438,0,0,0,3,55,Greed,Greed,,0.0,False,2989.718766000001,5592.842626000001,-2603.1238599999997
0xb1231a4a2dd02f2276fa3c5e2a2f3436e6bfed23,2024-05-12,0.0,13,10174.92,782.6861538461538,3.561207,0,0,7,6,56,Greed,Greed,,1.1666666666666667,False,2989.718766000001,5592.842626000001,-2603.1238599999997
0xb1231a4a2dd02f2276fa3c5e2a2f3436e6bfed23,2024-05-13,0.0,3,4974.81,1658.2700000000002,1.741183,0,0,0,3,57,Greed,Greed,,0.0,False,2989.718766000001,5592.842626000001,-2603.1238599999997
0xb1231a4a2dd02f2276fa3c5e2a2f3436e6bfed23,2024-05-16,0.0,3,3840.0699999999997,1280.0233333333333,1.344025,0,0,0,3,70,Greed,Greed,,0.0,False,2989.718766000001,5592.842626000001,-2603.1238599999997
0xb1231a4a2dd02f2276fa3c5e2a2f3436e6bfed23,2024-05-20,-74.818442,3,5121.35,1707.1166666666668,1.792472,3,0,0,3,70,Greed,Greed,0.0,0.0,False,2914.9003240000006,5592.842626000001,-2677.942302
0xb1231a4a2dd02f2276fa3c5e2a2f3436e6bfed23,2024-05-21,1272.088356,72,618820.65,8594.73125,216.587183,18,7,18,54,76,Extreme Greed,Greed,0.3888888888888889,0.3333333333333333,True,4186.98868,5592.842626000001,-1405.8539460000002
0xb1231a4a2dd02f2276fa3c5e2a2f3436e6bfed23,2024-05-23,0.0,19,74038.45999999999,3896.7610526315784,25.913452,0,0,3,16,76,Extreme Greed,Greed,,0.1875,False,4186.98868,5592.842626000001,-1405.8539460000002
0xb1231a4a2dd02f2276fa3c5e2a2f3436e6bfed23,2024-05-24,821.949278,2,50811.899999999994,25405.949999999997,17.784165,2,2,0,2,74,Greed,Greed,1.0,0.0,True,5008.937958,5592.842626000001,-583.9046680000001
0xb1231a4a2dd02f2276fa3c5e2a2f3436e6bfed23,2024-05-25,0.0,2,25007.149999999998,12503.574999999999,8.752501,0,0,2,0,76,Extreme Greed,Greed,,,False,5008.937958,5592.842626000001,-583.9046680000001
0xb1231a4a2dd02f2276fa3c5e2a2f3436e6bfed23,2024-05-26,773.4582,9,50763.450000000004,5640.383333333334,17.767205,2,2,0,9,75,Extreme Greed,Greed,1.0,0.0,True,5782.3961580000005,5782.3961580000005,0.0
0xb1231a4a2dd02f2276fa3c5e2a2f3436e6bfed23,2024-06-07,0.0,14,1086.13,77.5807142857143,0.20394,0,0,14,0,77,Extreme Greed,Greed,,,False,5782.3961580000005,5782.3961580000005,0.0
0xb1231a4a2dd02f2276fa3c5e2a2f3436e6bfed23,2024-06-09,0.0,12,1410.26,117.52166666666666,0.16579,0,0,12,0,75,Extreme Greed,Greed,,,False,5782.3961580000005,5782.3961580000005,0.0
0xb1231a4a2dd02f2276fa3c5e2a2f3436e6bfed23,2024-06-11,4269.550668,75,78468.0,1046.24,26.744072,8,8,75,0,74,Greed,Greed,1.0,,True,10051.946826,10051.946826,0.0
0xb1231a4a2dd02f2276fa3c5e2a2f3436e6bfed23,2024-06-12,0.0,37,1520.97,41.1072972972973,0.22859,0,0,37,0,72,Greed,Greed,,,False,10051.946826,10051.946826,0.0
0xb1231a4a2dd02f2276fa3c5e2a2f3436e6bfed23,2024-06-13,6634.160155,78,132565.25,1699.554487179487,33.39573,19,19,75,3,70,Greed,Greed,1.0,25.0,True,16686.106981,16686.106981,0.0
0xb1231a4a2dd02f2276fa3c5e2a2f3436e6bfed23,2024-06-14,10258.592609,15,41879.7,2791.98,4.657957000000001,15,15,15,0,74,Greed,Greed,1.0,,True,26944.69959,26944.69959,0.0
0xb1231a4a2dd02f2276fa3c5e2a2f3436e6bfed23,2024-06-15,1285.5244400000001,40,126252.62,3156.3154999999997,44.18839,9,9,0,40,74,Greed,Greed,1.0,0.0,True,28230.22403,28230.22403,0.0
0xb1231a4a2dd02f2276fa3c5e2a2f3436e6bfed23,2024-06-16,0.0,11,25235.079999999998,2294.0981818181817,8.832277,0,0,0,11,71,Greed,Greed,,0.0,False,28230.22403,28230.22403,0.0
0xb1231a4a2dd02f2276fa3c5e2a2f3436e6bfed23,2024-06-17,9330.743339,24,115888.54000000001,4828.689166666667,40.560975,21,21,24,0,71,Greed,Greed,1.0,,True,37560.967369000005,37560.967369000005,0.0
0xb1231a4a2dd02f2276fa3c5e2a2f3436e6bfed23,2024-06-18,282.57636,18,200316.57,11128.698333333334,45.110881,4,4,14,4,74,Greed,Greed,1.0,3.5,True,37843.543729000005,37843.543729000005,0.0
0xb1231a4a2dd02f2276fa3c5e2a2f3436e6bfed23,2024-06-19,2833.6833,41,203841.21,4971.736829268292,65.094424,14,14,0,41,64,Greed,Greed,1.0,0.0,True,40677.227029,40677.227029,0.0
0xb1231a4a2dd02f2276fa3c5e2a2f3436e6bfed23,2024-06-20,0.0,27,8485.69,314.2848148148148,2.9699769999999996,0,0,0,27,60,Greed,Greed,,0.0,False,40677.227029,40677.227029,0.0
0xb1231a4a2dd02f2276fa3c5e2a2f3436e6bfed23,2024-06-21,0.0,69,102048.20999999999,1478.9595652173912,35.301404,0,0,57,12,63,Greed,Greed,,4.75,False,40677.227029,40677.227029,0.0
0xb1231a4a2dd02f2276fa3c5e2a2f3436e6bfed23,2024-06-22,756.876565,21,151594.06,7218.764761904762,34.23331,8,8,1,20,53,Neutral,Neutral,1.0,0.05,True,41434.103594,41434.103594,0.0
0xb1231a4a2dd02f2276fa3c5e2a2f3436e6bfed23,2024-06-23,0.0,5,1792.12,358.424,0.17921199999999998,0,0,0,5,55,Greed,Greed,,0.0,False,41434.103594,41434.103594,0.0
0xb1231a4a2dd02f2276fa3c5e2a2f3436e6bfed23,2024-06-24,0.0,10,150995.43,15099.543,15.348434,0,0,4,6,51,Neutral,Neutral,,0.6666666666666666,False,41434.103594,41434.103594,0.0
0xb1231a4a2dd02f2276fa3c5e2a2f3436e6bfed23,2024-06-25,4869.353105,49,103099.08,2104.062857142857,36.084651,11,11,11,38,30,Fear,Fear,1.0,0.2894736842105263,True,46303.456699,46303.456699,0.0
0xb1231a4a2dd02f2276fa3c5e2a2f3436e6bfed23,2024-06-26,0.0,41,995.8199999999999,24.288292682926826,0.08612,0,0,41,0,46,Neutral,Neutral,,,False,46303.456699,46303.456699,0.0
0xb1231a4a2dd02f2276fa3c5e2a2f3436e6bfed23,2024-06-27,0.0,18,10496.869999999999,583.1594444444444,3.5594840000000003,0,0,12,6,40,Fear,Fear,,2.0,False,46303.456699,46303.456699,0.0
0xb1231a4a2dd02f2276fa3c5e2a2f3436e6bfed23,2024-06-29,4307.587820000001,58,56564.14,975.2437931034483,382.059402,11,11,19,39,30,Fear,Fear,1.0,0.48717948717948717,True,50611.044519,50611.044519,0.0
0xb1231a4a2dd02f2276fa3c5e2a2f3436e6bfed23,2024-06-30,0.0,11,521.4200000000001,47.401818181818186,6.557923999999999,0,0,2,9,47,Neutral,Neutral,,0.2222222222222222,False,50611.044519,50611.044519,0.0
0xb1231a4a2dd02f2276fa3c5e2a2f3436e6bfed23,2024-07-01,3863.351096,51,265469.6,5205.286274509804,391.30283499999996,17,17,4,47,53,Neutral,Neutral,1.0,0.0851063829787234,True,54474.395615,54474.395615,0.0
0xb1231a4a2dd02f2276fa3c5e2a2f3436e6bfed23,2024-07-02,2421.253116,18,33347.47,1852.6372222222224,11.458730000000001,13,13,13,5,51,Neutral,Neutral,1.0,2.6,True,56895.648731,56895.648731,0.0
0xb1231a4a2dd02f2276fa3c5e2a2f3436e6bfed23,2024-07-03,0.0,8,75720.58,9465.0725,26.27066,0,0,8,0,50,Neutral,Neutral,,,False,56895.648731,56895.648731,0.0
0xb1231a4a2dd02f2276fa3c5e2a2f3436e6bfed23,2024-07-04,0.0,11,175545.79,15958.708181818183,23.766878,0,0,11,0,44,Fear,Fear,,,False,56895.648731,56895.648731,0.0
0xb1231a4a2dd02f2276fa3c5e2a2f3436e6bfed23,2024-07-05,0.0,12,1991.15,165.92916666666667,0.52617,0,0,12,0,29,Fear,Fear,,,False,56895.648731,56895.648731,0.0
0xb1231a4a2dd02f2276fa3c5e2a2f3436e6bfed23,2024-07-06,108.87217799999999,24,2490.17,103.75708333333334,344.35416,7,7,17,7,26,Fear,Fear,1.0,2.4285714285714284,True,57004.520909,57004.520909,0.0
0xb1231a4a2dd02f2276fa3c5e2a2f3436e6bfed23,2024-07-07,61.428942,10,498.75,49.875,0.049875,10,10,0,10,29,Fear,Fear,1.0,0.0,True,57065.949851000005,57065.949851000005,0.0
0xb1231a4a2dd02f2276fa3c5e2a2f3436e6bfed23,2024-07-08,0.0,1,497.64,497.64,0.0156,0,0,1,0,28,Fear,Fear,,,False,57065.949851000005,57065.949851000005,0.0
0xb1231a4a2dd02f2276fa3c5e2a2f3436e6bfed23,2024-07-09,648.984412,15,2736.45,182.42999999999998,0.39756800000000003,15,15,0,15,27,Fear,Fear,1.0,0.0,True,57714.934263,57714.934263,0.0
0xb1231a4a2dd02f2276fa3c5e2a2f3436e6bfed23,2024-07-10,382.10788099999996,13,15983.1,1229.4692307692308,5.594077,5,5,0,13,28,Fear,Fear,1.0,0.0,True,58097.042144,58097.042144,0.0
0xb1231a4a2dd02f2276fa3c5e2a2f3436e6bfed23,2024-07-12,1412.314654,9,13576.32,1508.48,4.751705,9,9,9,0,25,Fear,Fear,1.0,,True,59509.356798,59509.356798,0.0
0xb1231a4a2dd02f2276fa3c5e2a2f3436e6bfed23,2024-07-13,234.778463,4,499.18,124.795,0.174715,4,4,0,4,25,Fear,Fear,1.0,0.0,True,59744.135261,59744.135261,0.0
0xb1231a4a2dd02f2276fa3c5e2a2f3436e6bfed23,2024-07-17,0.0,7,9990.67,1427.2385714285715,3.4967310000000005,0,0,0,7,69,Greed,Greed,,0.0,False,59744.135261,59744.135261,0.0
0xb1231a4a2dd02f2276fa3c5e2a2f3436e6bfed23,2024-07-24,0.0,35,5957.84,170.22400000000002,33.55578,0,0,33,2,69,Greed,Greed,,16.5,False,59744.135261,59744.135261,0.0
0xb1231a4a2dd02f2276fa3c5e2a2f3436e6bfed23,2024-07-25,916.7382600000001,12,9173.93,764.4941666666667,42.402789,10,10,12,0,68,Greed,Greed,1.0,,True,60660.873521,60660.873521,0.0
0xb1231a4a2dd02f2276fa3c5e2a2f3436e6bfed23,2024-07-26,2425.262989,30,252476.63,8415.887666666667,109.178455,29,29,1,29,68,Greed,Greed,1.0,0.034482758620689655,True,63086.136510000004,63086.136510000004,0.0
0xb1231a4a2dd02f2276fa3c5e2a2f3436e6bfed23,2024-07-29,112.946925,24,300241.35,12510.05625,105.084462,11,11,13,11,74,Greed,Greed,1.0,1.1818181818181819,True,63199.083435,63199.083435,0.0
0xb1231a4a2dd02f2276fa3c5e2a2f3436e6bfed23,2024-08-01,0.0,9,35064.43,3896.047777777778,40.646786999999996,0,0,9,0,52,Neutral,Neutral,,,False,63199.083435,63199.083435,0.0
0xb1231a4a2dd02f2276fa3c5e2a2f3436e6bfed23,2024-08-02,554.12049,12,70586.13,5882.177500000001,31.513529000000002,5,5,7,5,57,Greed,Greed,1.0,1.4,True,63753.203925,63753.203925,0.0
0xb1231a4a2dd02f2276fa3c5e2a2f3436e6bfed23,2024-08-03,0.0,6,25012.14,4168.69,15.721086,0,0,6,0,37,Fear,Fear,,,False,63753.203925,63753.203925,0.0
0xb1231a4a2dd02f2276fa3c5e2a2f3436e6bfed23,2024-08-04,0.0,27,135069.22,5002.563703703704,69.208735,0,0,26,1,34,Fear,Fear,,26.0,False,63753.203925,63753.203925,0.0
0xb1231a4a2dd02f2276fa3c5e2a2f3436e6bfed23,2024-08-05,-8394.889856,44,146567.12,3331.070909090909,77.275266,29,26,14,30,26,Fear,Fear,0.896551724137931,0.4666666666666667,False,55358.314069,63753.203925,-8394.889856000002
0xb1231a4a2dd02f2276fa3c5e2a2f3436e6bfed23,2024-08-06,51.56325,80,60707.38,758.8422499999999,61.73168,5,5,75,5,17,Extreme Fear,Fear,1.0,15.0,True,55409.87731900001,63753.203925,-8343.326605999995
0xb1231a4a2dd02f2276fa3c5e2a2f3436e6bfed23,2024-08-07,188.789255,21,1992.73,94.89190476190477,3.538542,10,10,11,10,29,Fear,Fear,1.0,1.1,True,55598.666574,63753.203925,-8154.537350999999
0xb1231a4a2dd02f2276fa3c5e2a2f3436e6bfed23,2024-08-08,0.0,5,15840.07,3168.014,6.48725,0,0,5,0,20,Extreme Fear,Fear,,,False,55598.666574,63753.203925,-8154.537350999999
0xb1231a4a2dd02f2276fa3c5e2a2f3436e6bfed23,2024-08-09,6783.078347,60,326830.3,5447.171666666666,123.61698521,31,17,31,29,48,Neutral,Neutral,0.5483870967741935,1.0689655172413792,True,62381.744921000005,63753.203925,-1371.4590039999966
0xb1231a4a2dd02f2276fa3c5e2a2f3436e6bfed23,2024-08-10,0.0,87,11338.61,130.32885057471265,50.0831879,0,0,87,0,40,Fear,Fear,,,False,62381.744921000005,63753.203925,-1371.4590039999966
0xb1231a4a2dd02f2276fa3c5e2a2f3436e6bfed23,2024-08-11,0.0,16,3390.36,211.8975,26.63734,0,0,16,0,39,Fear,Fear,,,False,62381.744921000005,63753.203925,-1371.4590039999966
0xb1231a4a2dd02f2276fa3c5e2a2f3436e6bfed23,2024-08-12,0.0,31,10026.31,323.4293548387097,20.622761,0,0,23,8,25,Fear,Fear,,2.875,False,62381.744921000005,63753.203925,-1371.4590039999966
0xb1231a4a2dd02f2276fa3c5e2a2f3436e6bfed23,2024-08-13,212.08102,17,8297.1,488.06470588235294,13.557843,8,8,16,1,31,Fear,Fear,1.0,16.0,True,62593.825941,63753.203925,-1159.3779839999988
0xb1231a4a2dd02f2276fa3c5e2a2f3436e6bfed23,2024-08-14,0.0,15,2043.16,136.21066666666667,23.85989,0,0,15,0,30,Fear,Fear,,,False,62593.825941,63753.203925,-1159.3779839999988
0xb1231a4a2dd02f2276fa3c5e2a2f3436e6bfed23,2024-08-15,0.0,12,1522.3700000000001,126.86416666666668,16.50261,0,0,12,0,29,Fear,Fear,,,False,62593.825941,63753.203925,-1159.3779839999988
0xb1231a4a2dd02f2276fa3c5e2a2f3436e6bfed23,2024-08-16,825.230544,33,153882.71,4663.112424242424,76.812895,3,3,30,3,27,Fear,Fear,1.0,10.0,True,63419.056485,63753.203925,-334.14744000000064
0xb1231a4a2dd02f2276fa3c5e2a2f3436e6bfed23,2024-08-19,339.69958299999996,8,100315.03,12539.37875,35.110258,5,5,3,5,28,Fear,Fear,1.0,0.6,True,63758.756068,63758.756068,0.0
0xb1231a4a2dd02f2276fa3c5e2a2f3436e6bfed23,2024-08-24,0.0,5,19999.6,3999.9199999999996,6.999857,0,0,0,5,56,Greed,Greed,,0.0,False,63758.756068,63758.756068,0.0
0xb1231a4a2dd02f2276fa3c5e2a2f3436e6bfed23,2024-08-25,0.0,13,6953.95,534.9192307692308,21.054886,0,0,8,5,54,Neutral,Neutral,,1.6,False,63758.756068,63758.756068,0.0
0xb1231a4a2dd02f2276fa3c5e2a2f3436e6bfed23,2024-08-26,0.0,1,347.75,347.75,0.0107,0,0,1,0,55,Greed,Greed,,,False,63758.756068,63758.756068,0.0
0xb1231a4a2dd02f2276fa3c5e2a2f3436e6bfed23,2024-08-27,0.0,43,5244.97,121.97604651162791,29.30174,0,0,42,1,48,Neutral,Neutral,,42.0,False,63758.756068,63758.756068,0.0
0xb1231a4a2dd02f2276fa3c5e2a2f3436e6bfed23,2024-08-28,1333.359645,2,23665.510000000002,11832.755000000001,8.282928,2,2,2,0,30,Fear,Fear,1.0,,True,65092.11571300001,65092.11571300001,0.0
0xb1231a4a2dd02f2276fa3c5e2a2f3436e6bfed23,2024-08-29,0.0,1,9995.85,9995.85,3.498547,0,0,0,1,29,Fear,Fear,,0.0,False,65092.11571300001,65092.11571300001,0.0
0xb1231a4a2dd02f2276fa3c5e2a2f3436e6bfed23,2024-08-30,256.464,1,9739.38,9739.38,3.408784,1,1,1,0,34,Fear,Fear,1.0,,True,65348.57971300001,65348.57971300001,0.0
0xb1231a4a2dd02f2276fa3c5e2a2f3436e6bfed23,2024-08-31,0.0,9,100000.14,11111.126666666667,35.000048,0,0,4,5,29,Fear,Fear,,0.8,False,65348.57971300001,65348.57971300001,0.0
0xb1231a4a2dd02f2276fa3c5e2a2f3436e6bfed23,2024-09-04,1065.785132,33,96475.99,2923.5148484848487,51.318484999999995,8,5,30,3,27,Fear,Fear,0.625,10.0,True,66414.364845,66414.364845,0.0
0xb1231a4a2dd02f2276fa3c5e2a2f3436e6bfed23,2024-09-06,-1104.856765,38,4056.43,106.74815789473683,1.419742,38,0,0,38,22,Extreme Fear,Fear,0.0,0.0,False,65309.50808,66414.364845,-1104.856765000004
0xb1231a4a2dd02f2276fa3c5e2a2f3436e6bfed23,2024-09-09,0.0,2,4014.4300000000003,2007.2150000000001,34.9079,0,0,2,0,26,Fear,Fear,,,False,65309.50808,66414.364845,-1104.856765000004
0xb1231a4a2dd02f2276fa3c5e2a2f3436e6bfed23,2024-09-10,0.0,1,766.74,766.74,6.66721,0,0,1,0,33,Fear,Fear,,,False,65309.50808,66414.364845,-1104.856765000004
0xb1231a4a2dd02f2276fa3c5e2a2f3436e6bfed23,2024-09-14,0.0,10,1014.1500000000001,101.415,30.381330000000002,0,0,10,0,50,Neutral,Neutral,,,False,65309.50808,66414.364845,-1104.856765000004
0xb1231a4a2dd02f2276fa3c5e2a2f3436e6bfed23,2024-09-18,-878.684794,145,13633.5,94.02413793103449,31.732943,134,0,11,134,45,Neutral,Neutral,0.0,0.08208955223880597,False,64430.823286000006,66414.364845,-1983.5415589999975
0xb1231a4a2dd02f2276fa3c5e2a2f3436e6bfed23,2024-09-19,0.0,19,1521.8700000000001,80.09842105263158,28.60766,0,0,19,0,49,Neutral,Neutral,,,False,64430.823286000006,66414.364845,-1983.5415589999975
0xb1231a4a2dd02f2276fa3c5e2a2f3436e6bfed23,2024-09-24,0.0,9,1005.0600000000001,111.67333333333335,12.37924,0,0,9,0,54,Neutral,Neutral,,,False,64430.823286000006,66414.364845,-1983.5415589999975
0xb1231a4a2dd02f2276fa3c5e2a2f3436e6bfed23,2024-10-04,0.0,1,0.34,0.34,0.0,0,0,0,1,41,Fear,Fear,,0.0,False,64430.823286000006,66414.364845,-1983.5415589999975
0xb1231a4a2dd02f2276fa3c5e2a2f3436e6bfed23,2024-10-08,0.0,1,0.58,0.58,0.0,0,0,0,1,49,Neutral,Neutral,,0.0,False,64430.823286000006,66414.364845,-1983.5415589999975
0xb1231a4a2dd02f2276fa3c5e2a2f3436e6bfed23,2024-12-04,274999.139393,44,274999.35,6249.985227272727,27.499921,44,44,0,44,78,Extreme Greed,Greed,1.0,0.0,True,339429.962679,339429.962679,0.0
0xb1231a4a2dd02f2276fa3c5e2a2f3436e6bfed23,2024-12-05,49999.876084999996,4,49999.92,12499.98,4.999989,4,4,0,4,84,Extreme Greed,Greed,1.0,0.0,True,389429.838764,389429.838764,0.0
0xb1231a4a2dd02f2276fa3c5e2a2f3436e6bfed23,2024-12-06,74999.848329,25,74999.89,2999.9956,7.499981,25,25,0,25,72,Greed,Greed,1.0,0.0,True,464429.687093,464429.687093,0.0
0xb1231a4a2dd02f2276fa3c5e2a2f3436e6bfed23,2024-12-07,74999.62263,5,79997.34999999999,15999.469999999998,9.249149,3,3,0,5,75,Extreme Greed,Greed,1.0,0.0,True,539429.309723,539429.309723,0.0
0xb1231a4a2dd02f2276fa3c5e2a2f3436e6bfed23,2024-12-08,0.0,145,517950.24,3572.0706206896552,177.533199,0,0,0,145,79,Extreme Greed,Greed,,0.0,False,539429.309723,539429.309723,0.0
0xb1231a4a2dd02f2276fa3c5e2a2f3436e6bfed23,2024-12-11,274998.942584,156,274999.12,1762.8148717948718,27.499848,156,156,0,156,74,Greed,Greed,1.0,0.0,True,814428.252307,814428.252307,0.0
0xb1231a4a2dd02f2276fa3c5e2a2f3436e6bfed23,2024-12-12,449328.107544,314,449328.49,1430.9824522292993,82.264982,314,314,0,314,83,Extreme Greed,Greed,1.0,0.0,True,1263756.359851,1263756.359851,0.0
0xb1231a4a2dd02f2276fa3c5e2a2f3436e6bfed23,2024-12-14,100273.248286,50,100273.33,2005.4666,35.095629,50,50,0,50,83,Extreme Greed,Greed,1.0,0.0,True,1364029.6081370001,1364029.6081370001,0.0
0xb1231a4a2dd02f2276fa3c5e2a2f3436e6bfed23,2024-12-15,49955.768945,26,49955.77,1921.375769230769,17.484518,26,26,0,26,80,Extreme Greed,Greed,1.0,0.0,True,1413985.377082,1413985.377082,0.0
0xb1231a4a2dd02f2276fa3c5e2a2f3436e6bfed23,2024-12-17,50346.757308,38,100346.89,2640.7076315789473,22.621409,30,30,0,38,87,Extreme Greed,Greed,1.0,0.0,True,1464332.13439,1464332.13439,0.0
0xb1231a4a2dd02f2276fa3c5e2a2f3436e6bfed23,2024-12-18,2222.47801,18,47777.47,2654.303888888889,16.722106,18,18,18,0,81,Extreme Greed,Greed,1.0,,True,1466554.6124,1466554.6124,0.0
0xb1231a4a2dd02f2276fa3c5e2a2f3436e6bfed23,2024-12-20,0.0,43,99833.96,2321.7200000000003,34.941861,0,0,0,43,74,Greed,Greed,,0.0,False,1466554.6124,1466554.6124,0.0
0xb1231a4a2dd02f2276fa3c5e2a2f3436e6bfed23,2024-12-21,0.0,62,99748.06999999999,1608.8398387096772,34.911783,0,0,0,62,73,Greed,Greed,,0.0,False,1466554.6124,1466554.6124,0.0
0xb1231a4a2dd02f2276fa3c5e2a2f3436e6bfed23,2024-12-23,20549.813184,63,229006.97,3635.03126984127,73.90245,44,44,44,19,70,Greed,Greed,1.0,2.3157894736842106,True,1487104.425584,1487104.425584,0.0
0xb1231a4a2dd02f2276fa3c5e2a2f3436e6bfed23,2024-12-24,0.0,7,74999.87,10714.267142857143,7.499985,0,0,0,7,73,Greed,Greed,,0.0,False,1487104.425584,1487104.425584,0.0
0xb1231a4a2dd02f2276fa3c5e2a2f3436e6bfed23,2024-12-26,10371.049075,61,114603.95999999999,1878.7534426229506,40.111361,61,61,61,0,79,Extreme Greed,Greed,1.0,,True,1497475.474659,1497475.474659,0.0
0xb1231a4a2dd02f2276fa3c5e2a2f3436e6bfed23,2024-12-30,0.0,25,82543.01,3301.7203999999997,28.890048,0,0,0,25,65,Greed,Greed,,0.0,False,1497475.474659,1497475.474659,0.0
0xb1231a4a2dd02f2276fa3c5e2a2f3436e6bfed23,2025-01-02,0.0,6,9999.68,1666.6133333333335,3.28644,0,0,6,0,70,Greed,Greed,,,False,1497475.474659,1497475.474659,0.0
0xb1231a4a2dd02f2276fa3c5e2a2f3436e6bfed23,2025-01-03,0.0,18,10040.31,557.795,12.95507,0,0,18,0,74,Greed,Greed,,,False,1497475.474659,1497475.474659,0.0
0xb1231a4a2dd02f2276fa3c5e2a2f3436e6bfed23,2025-01-04,1659.7995640000001,19,32206.48,1695.0778947368422,20.675533,13,13,6,13,73,Greed,Greed,1.0,0.46153846153846156,True,1499135.274223,1499135.274223,0.0
0xb1231a4a2dd02f2276fa3c5e2a2f3436e6bfed23,2025-01-05,956.5545050000001,33,10963.06,332.21393939393937,3.8369910000000003,32,32,0,33,72,Greed,Greed,1.0,0.0,True,1500091.828728,1500091.828728,0.0
0xb1231a4a2dd02f2276fa3c5e2a2f3436e6bfed23,2025-01-06,281.45074800000003,85,20211.98,237.78799999999998,16.545263000000002,28,28,57,28,76,Extreme Greed,Greed,1.0,2.0357142857142856,True,1500373.279476,1500373.279476,0.0
0xb1231a4a2dd02f2276fa3c5e2a2f3436e6bfed23,2025-01-08,0.0,16,15118.5,944.90625,21.35509,0,0,16,0,70,Greed,Greed,,,False,1500373.279476,1500373.279476,0.0
0xb1231a4a2dd02f2276fa3c5e2a2f3436e6bfed23,2025-01-15,5383.278555,11,5402.5,491.1363636363636,1.89087,11,11,0,11,70,Greed,Greed,1.0,0.0,True,1505756.558031,1505756.558031,0.0
0xb1231a4a2dd02f2276fa3c5e2a2f3436e6bfed23,2025-01-16,897.284184,23,32044.07,1393.2204347826087,28.7254,11,11,11,12,75,Extreme Greed,Greed,1.0,0.9166666666666666,True,1506653.842215,1506653.842215,0.0
0xb1231a4a2dd02f2276fa3c5e2a2f3436e6bfed23,2025-01-18,7393.785411,101,192423.33,1905.1814851485146,67.348119,39,39,39,62,77,Extreme Greed,Greed,1.0,0.6290322580645161,True,1514047.627626,1514047.627626,0.0
0xb1231a4a2dd02f2276fa3c5e2a2f3436e6bfed23,2025-01-19,3867.854339,3,18934.89,6311.63,6.62721,3,3,0,3,77,Extreme Greed,Greed,1.0,0.0,True,1517915.481965,1517915.481965,0.0
0xb1231a4a2dd02f2276fa3c5e2a2f3436e6bfed23,2025-01-20,0.0,23,30145.64,1310.68,53.761520000000004,0,0,23,0,76,Extreme Greed,Greed,,,False,1517915.481965,1517915.481965,0.0
0xb1231a4a2dd02f2276fa3c5e2a2f3436e6bfed23,2025-01-21,2997.363771,52,83097.17,1598.0225,29.083934,22,22,0,52,76,Extreme Greed,Greed,1.0,0.0,True,1520912.845736,1520912.845736,0.0
0xb1231a4a2dd02f2276fa3c5e2a2f3436e6bfed23,2025-01-22,0.0,111,199719.96,1799.2789189189189,69.901926,0,0,0,111,84,Extreme Greed,Greed,,0.0,False,1520912.845736,1520912.845736,0.0
0xb1231a4a2dd02f2276fa3c5e2a2f3436e6bfed23,2025-01-23,25224.994585,90,224447.49,2493.861,78.556575,90,90,90,0,75,Extreme Greed,Greed,1.0,,True,1546137.840321,1546137.840321,0.0
0xb1231a4a2dd02f2276fa3c5e2a2f3436e6bfed23,2025-01-25,0.0,15,15073.09,1004.8726666666666,25.928919999999998,0,0,15,0,75,Extreme Greed,Greed,,,False,1546137.840321,1546137.840321,0.0
0xb1231a4a2dd02f2276fa3c5e2a2f3436e6bfed23,2025-01-27,0.0,13,45035.7,3464.2846153846153,45.30869,0,0,13,0,71,Greed,Greed,,,False,1546137.840321,1546137.840321,0.0
0xb1231a4a2dd02f2276fa3c5e2a2f3436e6bfed23,2025-01-29,0.0,40,12210.24,305.256,1.12784054,0,0,40,0,72,Greed,Greed,,,False,1546137.840321,1546137.840321,0.0
0xb1231a4a2dd02f2276fa3c5e2a2f3436e6bfed23,2025-01-30,2503.8204370000003,336,542520.25,1614.6436011904761,189.881964,3,3,0,336,70,Greed,Greed,1.0,0.0,True,1548641.660758,1548641.660758,0.0
0xb1231a4a2dd02f2276fa3c5e2a2f3436e6bfed23,2025-01-31,0.0,58,99951.94,1723.3093103448277,28.733186,0,0,0,58,76,Extreme Greed,Greed,,0.0,False,1548641.660758,1548641.660758,0.0
0xb1231a4a2dd02f2276fa3c5e2a2f3436e6bfed23,2025-02-01,15452.344326,11,15404.29,1400.39,13.485088,3,3,11,0,68,Greed,Greed,1.0,,True,1564094.005084,1564094.005084,0.0
0xb1231a4a2dd02f2276fa3c5e2a2f3436e6bfed23,2025-02-02,69051.70619,88,575314.52,6537.665,107.46372169,71,71,88,0,60,Greed,Greed,1.0,,True,1633145.7112740001,1633145.7112740001,0.0
0xb1231a4a2dd02f2276fa3c5e2a2f3436e6bfed23,2025-02-03,46742.288748,258,343928.37,1333.0556976744185,153.00027305,89,89,127,131,44,Fear,Fear,1.0,0.9694656488549618,True,1679888.000022,1679888.000022,0.0
0xb1231a4a2dd02f2276fa3c5e2a2f3436e6bfed23,2025-02-04,16102.444634,661,1623702.15,2456.432904689864,482.879833,258,238,258,403,72,Greed,Greed,0.9224806201550387,0.6401985111662531,True,1695990.444656,1695990.444656,0.0
0xb1231a4a2dd02f2276fa3c5e2a2f3436e6bfed23,2025-02-05,14644.100674,218,514427.44,2359.758899082569,121.71671,92,92,92,126,54,Neutral,Neutral,1.0,0.7301587301587301,True,1710634.54533,1710634.54533,0.0
0xb1231a4a2dd02f2276fa3c5e2a2f3436e6bfed23,2025-02-06,51100.947505,419,677553.7,1617.0732696897373,228.81037800000001,355,355,355,64,49,Neutral,Neutral,1.0,5.546875,True,1761735.492835,1761735.492835,0.0
0xb1231a4a2dd02f2276fa3c5e2a2f3436e6bfed23,2025-02-07,1831.9529619999998,143,153505.59,1073.4656643356643,82.65716616,48,48,105,38,44,Fear,Fear,1.0,2.763157894736842,True,1763567.445797,1763567.445797,0.0
0xb1231a4a2dd02f2276fa3c5e2a2f3436e6bfed23,2025-02-09,115791.92916,67,177368.06,2647.2844776119405,85.58612486,12,12,34,33,46,Neutral,Neutral,1.0,1.0303030303030303,True,1879359.374957,1879359.374957,0.0
0xb1231a4a2dd02f2276fa3c5e2a2f3436e6bfed23,2025-02-10,0.0,17,33322.12,1960.124705882353,11.662733,0,0,0,17,43,Fear,Fear,,0.0,False,1879359.374957,1879359.374957,0.0
0xb1231a4a2dd02f2276fa3c5e2a2f3436e6bfed23,2025-02-11,0.0,121,276535.25,2285.4152892561983,96.787301,0,0,0,121,47,Neutral,Neutral,,0.0,False,1879359.374957,1879359.374957,0.0
0xb1231a4a2dd02f2276fa3c5e2a2f3436e6bfed23,2025-02-12,8664.933786,243,412695.06,1698.3335802469135,155.38698,76,76,102,141,46,Neutral,Neutral,1.0,0.723404255319149,True,1888024.308743,1888024.308743,0.0
0xb1231a4a2dd02f2276fa3c5e2a2f3436e6bfed23,2025-02-13,0.0,168,291528.56,1735.2890476190476,70.792085,0,0,0,168,50,Neutral,Neutral,,0.0,False,1888024.308743,1888024.308743,0.0
0xb1231a4a2dd02f2276fa3c5e2a2f3436e6bfed23,2025-02-14,0.0,165,266536.1,1615.370303030303,46.627826,0,0,0,165,48,Neutral,Neutral,,0.0,False,1888024.308743,1888024.308743,0.0
0xb1231a4a2dd02f2276fa3c5e2a2f3436e6bfed23,2025-02-18,73677.453556,264,700853.59,2654.748446969697,170.298756,264,264,264,0,47,Neutral,Neutral,1.0,,True,1961701.762299,1961701.762299,0.0
0xb1231a4a2dd02f2276fa3c5e2a2f3436e6bfed23,2025-02-19,3350.218775,85,196397.61,2310.5601176470586,68.739105,26,26,26,59,44,Fear,Fear,1.0,0.4406779661016949,True,1965051.981074,1965051.981074,0.0
0xb1231a4a2dd02f2276fa3c5e2a2f3436e6bfed23,2025-02-20,0.0,279,405151.94,1452.1574910394265,122.19722378,0,0,39,240,49,Neutral,Neutral,,0.1625,False,1965051.981074,1965051.981074,0.0
0xb1231a4a2dd02f2276fa3c5e2a2f3436e6bfed23,2025-02-21,3056.449155,58,276572.26,4768.487241379311,71.798779,31,31,31,27,55,Greed,Greed,1.0,1.1481481481481481,True,1968108.430229,1968108.430229,0.0
0xb1231a4a2dd02f2276fa3c5e2a2f3436e6bfed23,2025-02-22,5628.488702,127,200001.43,1574.8144094488189,70.000452,93,93,93,34,49,Neutral,Neutral,1.0,2.735294117647059,True,1973736.918931,1973736.918931,0.0
0xb1231a4a2dd02f2276fa3c5e2a2f3436e6bfed23,2025-02-23,8934.09502,88,200497.32,2278.3786363636364,70.174004,88,88,88,0,50,Neutral,Neutral,1.0,,True,1982671.013951,1982671.013951,0.0
0xb1231a4a2dd02f2276fa3c5e2a2f3436e6bfed23,2025-02-24,10841.97075,208,231266.55,1111.8584134615385,112.19299013,126,126,208,0,49,Neutral,Neutral,1.0,,True,1993512.984701,1993512.984701,0.0
0xb1231a4a2dd02f2276fa3c5e2a2f3436e6bfed23,2025-02-25,0.0,71,100678.56,1418.0078873239436,279.06802658,0,0,71,0,25,Fear,Fear,,,False,1993512.984701,1993512.984701,0.0
0xb1231a4a2dd02f2276fa3c5e2a2f3436e6bfed23,2025-02-26,0.0,26,1738.75,66.875,0.72798394,0,0,26,0,21,Extreme Fear,Fear,,,False,1993512.984701,1993512.984701,0.0
0xb1231a4a2dd02f2276fa3c5e2a2f3436e6bfed23,2025-02-27,0.0,10,15083.57,1508.357,56.2519,0,0,10,0,10,Extreme Fear,Fear,,,False,1993512.984701,1993512.984701,0.0
0xb1231a4a2dd02f2276fa3c5e2a2f3436e6bfed23,2025-03-04,0.0,77,136289.6,1769.9948051948052,89.575457,0,0,77,0,15,Extreme Fear,Fear,,,False,1993512.984701,1993512.984701,0.0
0xb1231a4a2dd02f2276fa3c5e2a2f3436e6bfed23,2025-03-05,4647.056049,89,179915.21,2021.519213483146,62.970283,57,57,32,57,20,Extreme Fear,Fear,1.0,0.5614035087719298,True,1998160.04075,1998160.04075,0.0
0xb1231a4a2dd02f2276fa3c5e2a2f3436e6bfed23,2025-03-06,698.036952,66,125778.95999999999,1905.741818181818,44.022608,29,29,37,29,25,Fear,Fear,1.0,1.2758620689655173,True,1998858.077702,1998858.077702,0.0
0xb1231a4a2dd02f2276fa3c5e2a2f3436e6bfed23,2025-03-07,0.0,49,141700.47,2891.8463265306123,30.845155,0,0,49,0,34,Fear,Fear,,,False,1998858.077702,1998858.077702,0.0
0xb1231a4a2dd02f2276fa3c5e2a2f3436e6bfed23,2025-03-08,2923.553302,138,244599.56,1772.4605797101449,85.609778,117,117,21,117,28,Fear,Fear,1.0,0.1794871794871795,True,2001781.631004,2001781.631004,0.0
0xb1231a4a2dd02f2276fa3c5e2a2f3436e6bfed23,2025-03-09,2752.480766,296,526166.48,1777.5894594594595,115.408266,90,90,206,90,27,Fear,Fear,1.0,2.2888888888888888,True,2004534.11177,2004534.11177,0.0
0xb1231a4a2dd02f2276fa3c5e2a2f3436e6bfed23,2025-03-10,0.0,61,145960.21,2392.7903278688523,92.43749600000001,0,0,61,0,20,Extreme Fear,Fear,,,False,2004534.11177,2004534.11177,0.0
0xb1231a4a2dd02f2276fa3c5e2a2f3436e6bfed23,2025-03-11,2349.7162,273,544166.21,1993.2828205128203,171.708047,260,130,13,260,24,Extreme Fear,Fear,0.5,0.05,True,2006883.82797,2006883.82797,0.0
0xb1231a4a2dd02f2276fa3c5e2a2f3436e6bfed23,2025-03-12,1215.156099,334,451312.46,1351.2349101796408,82.95930800000001,34,34,300,34,34,Fear,Fear,1.0,8.823529411764707,True,2008098.984069,2008098.984069,0.0
0xb1231a4a2dd02f2276fa3c5e2a2f3436e6bfed23,2025-03-13,0.0,42,50020.82,1190.9719047619049,17.50726,0,0,42,0,45,Neutral,Neutral,,,False,2008098.984069,2008098.984069,0.0
0xb1231a4a2dd02f2276fa3c5e2a2f3436e6bfed23,2025-03-14,22911.093812,323,422967.35,1309.496439628483,148.038419,323,323,0,323,27,Fear,Fear,1.0,0.0,True,2031010.077881,2031010.077881,0.0
0xb1231a4a2dd02f2276fa3c5e2a2f3436e6bfed23,2025-03-17,646.346496,113,81148.83,718.1312389380531,25.02595498,30,30,83,30,32,Fear,Fear,1.0,2.7666666666666666,True,2031656.424377,2031656.424377,0.0
0xb1231a4a2dd02f2276fa3c5e2a2f3436e6bfed23,2025-03-20,824.5402799999999,30,49156.28,1638.5426666666667,17.204681,10,10,10,20,49,Neutral,Neutral,1.0,0.5,True,2032480.964657,2032480.964657,0.0
0xb1231a4a2dd02f2276fa3c5e2a2f3436e6bfed23,2025-03-24,0.0,57,74920.81,1314.4001754385965,26.222252,0,0,0,57,45,Neutral,Neutral,,0.0,False,2032480.964657,2032480.964657,0.0
0xb1231a4a2dd02f2276fa3c5e2a2f3436e6bfed23,2025-03-26,2597.947325,38,72322.5,1903.2236842105262,25.312857,38,38,38,0,47,Neutral,Neutral,1.0,,True,2035078.911982,2035078.911982,0.0
0xb1231a4a2dd02f2276fa3c5e2a2f3436e6bfed23,2025-04-03,0.0,9,49999.95,5555.549999999999,4.999993,0,0,9,0,25,Fear,Fear,,,False,2035078.911982,2035078.911982,0.0
0xb1231a4a2dd02f2276fa3c5e2a2f3436e6bfed23,2025-04-04,2242.086667,99,112749.28,1138.8816161616162,39.462212,65,65,34,65,28,Fear,Fear,1.0,0.5230769230769231,True,2037320.998649,2037320.998649,0.0
0xb1231a4a2dd02f2276fa3c5e2a2f3436e6bfed23,2025-04-07,3601.4274,80,137098.98,1713.7372500000001,47.984597,38,38,42,38,23,Extreme Fear,Fear,1.0,1.105263157894737,True,2040922.426049,2040922.426049,0.0
0xb1231a4a2dd02f2276fa3c5e2a2f3436e6bfed23,2025-04-11,0.0,20,33318.82,1665.941,11.661578,0,0,0,20,25,Fear,Fear,,0.0,False,2040922.426049,2040922.426049,0.0
0xb1231a4a2dd02f2276fa3c5e2a2f3436e6bfed23,2025-04-12,0.0,17,66609.9,3918.2294117647057,23.313461,0,0,0,17,43,Fear,Fear,,0.0,False,2040922.426049,2040922.426049,0.0
0xb1231a4a2dd02f2276fa3c5e2a2f3436e6bfed23,2025-04-13,0.0,30,33332.85,1111.095,3.333273,0,0,0,30,45,Neutral,Neutral,,0.0,False,2040922.426049,2040922.426049,0.0
0xb1231a4a2dd02f2276fa3c5e2a2f3436e6bfed23,2025-04-15,0.0,50,73308.2,1466.164,25.657843,0,0,0,50,38,Fear,Fear,,0.0,False,2040922.426049,2040922.426049,0.0
0xb1231a4a2dd02f2276fa3c5e2a2f3436e6bfed23,2025-04-17,0.0,105,123285.01,1174.1429523809522,43.149709,0,0,0,105,30,Fear,Fear,,0.0,False,2040922.426049,2040922.426049,0.0
0xb1231a4a2dd02f2276fa3c5e2a2f3436e6bfed23,2025-04-18,0.0,50,58289.06,1165.7812,20.401142,0,0,0,50,33,Fear,Fear,,0.0,False,2040922.426049,2040922.426049,0.0
0xb1231a4a2dd02f2276fa3c5e2a2f3436e6bfed23,2025-04-19,0.0,98,141602.3,1444.9214285714284,41.227535,0,0,0,98,32,Fear,Fear,,0.0,False,2040922.426049,2040922.426049,0.0
0xb1231a4a2dd02f2276fa3c5e2a2f3436e6bfed23,2025-04-20,0.0,73,83279.77,1140.8187671232877,29.147878,0,0,0,73,37,Fear,Fear,,0.0,False,2040922.426049,2040922.426049,0.0
0xb1231a4a2dd02f2276fa3c5e2a2f3436e6bfed23,2025-04-22,0.0,73,106665.84,1461.1758904109588,28.999797,0,0,0,73,47,Neutral,Neutral,,0.0,False,2040922.426049,2040922.426049,0.0
0xb1231a4a2dd02f2276fa3c5e2a2f3436e6bfed23,2025-04-23,0.0,6,58332.3,9722.050000000001,12.083064,0,0,0,6,72,Greed,Greed,,0.0,False,2040922.426049,2040922.426049,0.0
0xb1231a4a2dd02f2276fa3c5e2a2f3436e6bfed23,2025-05-01,102460.17164,73,252734.08,3462.1106849315065,65.532843,57,57,57,16,53,Neutral,Neutral,1.0,3.5625,True,2143382.597689,2143382.597689,0.0
0xb899e522b5715391ae1d4f137653e7906c5e2115,2025-02-28,-72.202951,7,5148.04,735.4342857142857,1.801812,5,0,2,5,16,Extreme Fear,Fear,0.0,0.4,False,-72.202951,-72.202951,0.0
0xb899e522b5715391ae1d4f137653e7906c5e2115,2025-03-02,34795.678173,155,3841996.39,24787.07348387097,1161.706196,75,75,80,75,26,Fear,Fear,1.0,1.0666666666666667,True,34723.475222,34723.475222,0.0
0xb899e522b5715391ae1d4f137653e7906c5e2115,2025-03-03,535.4072209999999,31,523107.77,16874.44419354839,173.363097,14,14,17,14,33,Fear,Fear,1.0,1.2142857142857142,True,35258.882443,35258.882443,0.0
0xb899e522b5715391ae1d4f137653e7906c5e2115,2025-03-04,4578.655427,124,2193702.34,17691.147903225807,737.083879,63,63,51,73,15,Extreme Fear,Fear,1.0,0.6986301369863014,True,39837.53787,39837.53787,0.0
0xb899e522b5715391ae1d4f137653e7906c5e2115,2025-03-05,2036.224492,100,1758733.42,17587.334199999998,506.515125,38,38,62,38,20,Extreme Fear,Fear,1.0,1.631578947368421,True,41873.762362,41873.762362,0.0
0xb899e522b5715391ae1d4f137653e7906c5e2115,2025-03-06,5348.989502,375,4886690.06,13031.173493333332,975.934273,228,228,156,219,25,Fear,Fear,1.0,0.7123287671232876,True,47222.751864,47222.751864,0.0
0xb899e522b5715391ae1d4f137653e7906c5e2115,2025-03-07,5348.62711,659,12525513.26,19006.84864946889,3456.934429,361,303,298,361,34,Fear,Fear,0.8393351800554016,0.8254847645429363,True,52571.378974,52571.378974,0.0
0xb899e522b5715391ae1d4f137653e7906c5e2115,2025-03-09,10760.578324,630,8745720.92,13882.096698412699,2050.821109,384,384,379,251,27,Fear,Fear,1.0,1.5099601593625498,True,63331.957298,63331.957298,0.0
0xb899e522b5715391ae1d4f137653e7906c5e2115,2025-03-10,9163.142483,358,7660851.18,21399.0256424581,1807.040325,120,120,238,120,20,Extreme Fear,Fear,1.0,1.9833333333333334,True,72495.099781,72495.099781,0.0
0xb899e522b5715391ae1d4f137653e7906c5e2115,2025-03-11,-57956.282957999996,466,7053227.87,15135.68212446352,1570.92531,323,89,166,300,24,Extreme Fear,Fear,0.2755417956656347,0.5533333333333333,False,14538.816823000001,72495.099781,-57956.282957999996
0xb899e522b5715391ae1d4f137653e7906c5e2115,2025-03-12,4544.583988,251,7092968.81,28258.839880478085,1773.242091,146,146,146,105,34,Fear,Fear,1.0,1.3904761904761904,True,19083.400811,72495.099781,-53411.69897
0xb899e522b5715391ae1d4f137653e7906c5e2115,2025-03-13,3896.9493979999997,41,1119705.4,27309.887804878046,279.926336,23,23,23,18,45,Neutral,Neutral,1.0,1.2777777777777777,True,22980.350209,72495.099781,-49514.749572
0xb899e522b5715391ae1d4f137653e7906c5e2115,2025-03-14,1188.74187,82,3322827.08,40522.281463414634,830.70673,46,46,46,36,27,Fear,Fear,1.0,1.2777777777777777,True,24169.092079000002,72495.099781,-48326.007701999995
0xb899e522b5715391ae1d4f137653e7906c5e2115,2025-03-15,594.5722,65,1889410.94,29067.860615384616,472.352706,37,37,37,28,46,Neutral,Neutral,1.0,1.3214285714285714,True,24763.664279,72495.099781,-47731.43550199999
0xb899e522b5715391ae1d4f137653e7906c5e2115,2025-03-16,-16453.702941,246,9152280.48,37204.39219512195,2288.069993,118,52,101,145,30,Fear,Fear,0.4406779661016949,0.696551724137931,False,8309.961338000001,72495.099781,-64185.138442999996
0xb899e522b5715391ae1d4f137653e7906c5e2115,2025-03-17,812.52566,51,1631552.9000000001,31991.233333333337,407.888205,37,37,37,14,32,Fear,Fear,1.0,2.642857142857143,True,9122.486998,72495.099781,-63372.612783
0xb899e522b5715391ae1d4f137653e7906c5e2115,2025-03-18,1157.213435,32,1585574.64,49549.2075,396.393646,11,11,11,21,34,Fear,Fear,1.0,0.5238095238095238,True,10279.700433000002,72495.099781,-62215.39934799999
0xb899e522b5715391ae1d4f137653e7906c5e2115,2025-03-20,38.9845,2,4435.8099999999995,2217.9049999999997,1.108952,1,1,1,1,49,Neutral,Neutral,1.0,1.0,True,10318.684933,72495.099781,-62176.414848
0xb899e522b5715391ae1d4f137653e7906c5e2115,2025-03-21,829.63013,28,1555477.21,55552.7575,388.869295,14,14,14,14,31,Fear,Fear,1.0,1.0,True,11148.315063000002,72495.099781,-61346.784717999995
0xb899e522b5715391ae1d4f137653e7906c5e2115,2025-03-23,907.21938,20,1637164.23,81858.2115,409.29105,6,6,6,14,30,Fear,Fear,1.0,0.42857142857142855,True,12055.534443,72495.099781,-60439.565338
0xb899e522b5715391ae1d4f137653e7906c5e2115,2025-03-25,-836.051084,95,3353418.9,35299.146315789476,838.354684,47,22,47,48,46,Neutral,Neutral,0.46808510638297873,0.9791666666666666,False,11219.483359000002,72495.099781,-61275.61642199999
0xb899e522b5715391ae1d4f137653e7906c5e2115,2025-03-26,-774.039828,91,997002.1799999999,10956.067912087912,249.250515,57,0,34,57,47,Neutral,Neutral,0.0,0.5964912280701754,False,10445.443531,72495.099781,-62049.65625
0xb899e522b5715391ae1d4f137653e7906c5e2115,2025-03-30,685.277142,48,1336904.74,27852.182083333333,401.071407,24,24,24,24,32,Fear,Fear,1.0,1.0,True,11130.720673000002,72495.099781,-61364.379107999994
0xb899e522b5715391ae1d4f137653e7906c5e2115,2025-04-03,361.071464,24,680921.11,28371.712916666667,204.276324,7,7,12,12,25,Fear,Fear,1.0,1.0,True,11491.792137,72495.099781,-61003.307644
0xb899e522b5715391ae1d4f137653e7906c5e2115,2025-04-04,0.0,6,101691.64,16948.606666666667,30.507488,0,0,6,0,28,Fear,Fear,,,False,11491.792137,72495.099781,-61003.307644
0xb899e522b5715391ae1d4f137653e7906c5e2115,2025-04-05,611.49348,5,102303.13,20460.626,30.690936,5,5,0,5,30,Fear,Fear,1.0,0.0,True,12103.285617000001,72495.099781,-60391.814163999996
0xb899e522b5715391ae1d4f137653e7906c5e2115,2025-04-06,254.093244,25,477594.31,19103.7724,143.278281,17,17,8,17,34,Fear,Fear,1.0,0.47058823529411764,True,12357.378861000001,72495.099781,-60137.72091999999
0xb899e522b5715391ae1d4f137653e7906c5e2115,2025-04-07,1291.1500099999998,113,2671258.06,23639.45185840708,801.377352,41,30,72,41,23,Extreme Fear,Fear,0.7317073170731707,1.7560975609756098,True,13648.528871,72495.099781,-58846.570909999995
0xb899e522b5715391ae1d4f137653e7906c5e2115,2025-04-08,936.6942779999999,187,5054069.34,27027.108770053474,1516.220713,127,77,60,127,24,Extreme Fear,Fear,0.6062992125984252,0.47244094488188976,True,14585.223149000001,72495.099781,-57909.876632
0xb899e522b5715391ae1d4f137653e7906c5e2115,2025-04-09,6800.812401,222,6213586.58,27989.12873873874,1864.0758230000001,113,113,109,113,18,Extreme Fear,Fear,1.0,0.9646017699115044,True,21386.03555,72495.099781,-51109.064231
0xb899e522b5715391ae1d4f137653e7906c5e2115,2025-04-10,-117.61638999999997,116,3157534.8,27220.127586206894,921.246646,66,64,50,66,39,Fear,Fear,0.9696969696969697,0.7575757575757576,False,21268.41916,72495.099781,-51226.68062099999
0xb899e522b5715391ae1d4f137653e7906c5e2115,2025-04-11,-482.407981,128,5165726.21,40357.236015625,1549.717797,60,49,60,68,25,Fear,Fear,0.8166666666666667,0.8823529411764706,False,20786.011179,72495.099781,-51709.088601999996
0xb899e522b5715391ae1d4f137653e7906c5e2115,2025-04-12,50.56792,7,163124.33000000002,23303.475714285716,48.937295,4,4,4,3,43,Fear,Fear,1.0,1.3333333333333333,True,20836.579099000002,72495.099781,-51658.520681999995
0xb899e522b5715391ae1d4f137653e7906c5e2115,2025-04-13,1097.533742,20,211023.73,10551.1865,52.755928,3,3,3,17,45,Neutral,Neutral,1.0,0.17647058823529413,True,21934.112841000002,72495.099781,-50560.986939999995
0xb899e522b5715391ae1d4f137653e7906c5e2115,2025-04-15,554.38798,28,1004793.29,35885.474642857145,301.437967,20,20,8,20,38,Fear,Fear,1.0,0.4,True,22488.500821,72495.099781,-50006.598959999996
0xbaaaf6571ab7d571043ff1e313a9609a10637864,2024-12-28,-0.06076,4,346.03,86.5075,0.116262,2,0,2,2,72,Greed,Greed,0.0,1.0,False,-0.06076,-0.06076,0.0
0xbaaaf6571ab7d571043ff1e313a9609a10637864,2025-02-19,31.42038,121,597811.21,4940.588512396694,57.403883,2,2,119,2,44,Fear,Fear,1.0,59.5,True,31.359620000000003,31.359620000000003,0.0
0xbaaaf6571ab7d571043ff1e313a9609a10637864,2025-02-20,35262.804627,185,633013.49,3421.6945405405404,212.692347,185,185,0,185,49,Neutral,Neutral,1.0,0.0,True,35294.164247,35294.164247,0.0
0xbaaaf6571ab7d571043ff1e313a9609a10637864,2025-02-24,22037.667762,4083,6720299.05,1645.9218834190547,843.937528,1824,1824,2259,1824,49,Neutral,Neutral,1.0,1.238486842105263,True,57331.832009000005,57331.832009000005,0.0
0xbaaaf6571ab7d571043ff1e313a9609a10637864,2025-02-25,5672.328492,3292,10427674.81,3167.5804404617256,1122.695336,617,555,2675,617,25,Fear,Fear,0.899513776337115,4.3354943273906,True,63004.160501,63004.160501,0.0
0xbaaaf6571ab7d571043ff1e313a9609a10637864,2025-02-26,23589.520054,470,3354252.61,7136.707680851064,340.63928899999996,470,470,0,470,21,Extreme Fear,Fear,1.0,0.0,True,86593.680555,86593.680555,0.0
0xbaaaf6571ab7d571043ff1e313a9609a10637864,2025-03-04,0.0,563,3730033.45,6625.281438721137,298.127396,0,0,563,0,15,Extreme Fear,Fear,,,False,86593.680555,86593.680555,0.0
0xbaaaf6571ab7d571043ff1e313a9609a10637864,2025-03-05,229058.684298,983,4597959.76,4677.476866734486,1055.073863,898,898,85,898,20,Extreme Fear,Fear,1.0,0.09465478841870824,True,315652.36485300004,315652.36485300004,0.0
0xbaaaf6571ab7d571043ff1e313a9609a10637864,2025-03-06,0.0,71,702888.43,9899.837042253523,0.0,0,0,71,0,25,Fear,Fear,,,False,315652.36485300004,315652.36485300004,0.0
0xbaaaf6571ab7d571043ff1e313a9609a10637864,2025-03-07,87405.926823,829,3952933.62,4768.31558504222,562.216256,564,564,265,564,34,Fear,Fear,1.0,0.4698581560283688,True,403058.291676,403058.291676,0.0
0xbaaaf6571ab7d571043ff1e313a9609a10637864,2025-03-09,10.184488,47,79764.76,1697.1225531914893,8.12502,8,8,39,8,27,Fear,Fear,1.0,4.875,True,403068.476164,403068.476164,0.0
0xbaaaf6571ab7d571043ff1e313a9609a10637864,2025-03-10,5832.316116,667,3357137.76,5033.190044977511,68.75383,208,208,459,208,20,Extreme Fear,Fear,1.0,2.206730769230769,True,408900.79228,408900.79228,0.0
0xbaaaf6571ab7d571043ff1e313a9609a10637864,2025-03-11,1058.58,1651,3610499.47,2186.8561296184134,54.409836,77,77,1574,77,24,Extreme Fear,Fear,1.0,20.441558441558442,True,409959.37228,409959.37228,0.0
0xbaaaf6571ab7d571043ff1e313a9609a10637864,2025-03-12,289639.089112,2617,8161190.8,3118.5291555215895,1227.517252,1708,1708,909,1708,34,Fear,Fear,1.0,0.5322014051522248,True,699598.4613920001,699598.4613920001,0.0
0xbaaaf6571ab7d571043ff1e313a9609a10637864,2025-03-13,66.447417,1,22791.99,22791.99,0.0,1,1,0,1,45,Neutral,Neutral,1.0,0.0,True,699664.908809,699664.908809,0.0
0xbaaaf6571ab7d571043ff1e313a9609a10637864,2025-03-14,16591.266757,1662,3557085.63,2140.244061371841,3.228229,1478,1478,184,1478,27,Fear,Fear,1.0,0.12449255751014884,True,716256.175566,716256.175566,0.0
0xbaaaf6571ab7d571043ff1e313a9609a10637864,2025-03-27,18422.612928,147,786814.29,5352.478163265307,131.101463,29,29,118,29,40,Fear,Fear,1.0,4.068965517241379,True,734678.788494,734678.788494,0.0
0xbaaaf6571ab7d571043ff1e313a9609a10637864,2025-03-28,0.0,167,297810.47,1783.29622754491,93.55906900000001,0,0,167,0,44,Fear,Fear,,,False,734678.788494,734678.788494,0.0
0xbaaaf6571ab7d571043ff1e313a9609a10637864,2025-03-29,720.749699,600,1550608.07,2584.3467833333334,252.002144,246,246,354,246,26,Fear,Fear,1.0,1.4390243902439024,True,735399.538193,735399.538193,0.0
0xbaaaf6571ab7d571043ff1e313a9609a10637864,2025-03-30,0.0,354,1062029.4,3000.0830508474573,277.833116,0,0,354,0,32,Fear,Fear,,,False,735399.538193,735399.538193,0.0
0xbaaaf6571ab7d571043ff1e313a9609a10637864,2025-03-31,0.0,33,282777.74,8569.022424242425,28.277762,0,0,33,0,34,Fear,Fear,,,False,735399.538193,735399.538193,0.0
0xbaaaf6571ab7d571043ff1e313a9609a10637864,2025-04-02,188114.980392,743,2826888.64,3804.6953432032305,918.700872,743,743,0,743,44,Fear,Fear,1.0,0.0,True,923514.518585,923514.518585,0.0
0xbaaaf6571ab7d571043ff1e313a9609a10637864,2025-04-03,3869.208803,937,4382512.84,4677.174855923159,643.514507,498,476,439,498,25,Fear,Fear,0.9558232931726908,0.8815261044176707,True,927383.727388,927383.727388,0.0
0xbaaaf6571ab7d571043ff1e313a9609a10637864,2025-04-04,9367.872074,318,699197.85,2198.7353773584905,129.8195,218,216,100,218,28,Fear,Fear,0.9908256880733946,0.45871559633027525,True,936751.599462,936751.599462,0.0
0xbaaaf6571ab7d571043ff1e313a9609a10637864,2025-04-06,1026.735896,499,1366979.39,2739.437655310621,185.88304300000001,172,172,327,172,34,Fear,Fear,1.0,1.9011627906976745,True,937778.335358,937778.335358,0.0
0xbaaaf6571ab7d571043ff1e313a9609a10637864,2025-04-07,2378.877324,146,1275024.6400000001,8733.045479452056,81.072952219,47,47,99,47,23,Extreme Fear,Fear,1.0,2.106382978723404,True,940157.212682,940157.212682,0.0
0xbaaaf6571ab7d571043ff1e313a9609a10637864,2025-04-30,4.733218,1,10.14,10.14,0.003547,1,1,0,1,56,Greed,Greed,1.0,0.0,True,940161.9459,940161.9459,0.0
0xbaaaf6571ab7d571043ff1e313a9609a10637864,2025-05-01,1.86032,1,3.9,3.9,0.001364,1,1,0,1,53,Neutral,Neutral,1.0,0.0,True,940163.80622,940163.80622,0.0
0xbd5fead7180a9c139fa51a103cb6a2ce86ddb5c3,2024-12-10,0.0,52,145530.36,2798.660769230769,18.167481,0,0,0,52,78,Extreme Greed,Greed,,0.0,False,0.0,0.0,0.0
0xbd5fead7180a9c139fa51a103cb6a2ce86ddb5c3,2024-12-11,0.0,17,10836.08,637.4164705882353,1.086556,0,0,0,17,74,Greed,Greed,,0.0,False,0.0,0.0,0.0
0xbd5fead7180a9c139fa51a103cb6a2ce86ddb5c3,2024-12-12,0.0,1,5158.5,5158.5,0.51585,0,0,0,1,83,Extreme Greed,Greed,,0.0,False,0.0,0.0,0.0
0xbd5fead7180a9c139fa51a103cb6a2ce86ddb5c3,2024-12-15,0.0,58,65108.89,1122.5670689655171,6.515417,0,0,0,58,80,Extreme Greed,Greed,,0.0,False,0.0,0.0,0.0
0xbd5fead7180a9c139fa51a103cb6a2ce86ddb5c3,2024-12-16,0.0,4,2652.3199999999997,663.0799999999999,0.26523,0,0,0,4,83,Extreme Greed,Greed,,0.0,False,0.0,0.0,0.0
0xbd5fead7180a9c139fa51a103cb6a2ce86ddb5c3,2024-12-17,0.0,2,3489.3,1744.65,0.34892900000000004,0,0,0,2,87,Extreme Greed,Greed,,0.0,False,0.0,0.0,0.0
0xbd5fead7180a9c139fa51a103cb6a2ce86ddb5c3,2024-12-18,0.0,14,30910.02,2207.8585714285714,3.0909950000000004,0,0,0,14,81,Extreme Greed,Greed,,0.0,False,0.0,0.0,0.0
0xbd5fead7180a9c139fa51a103cb6a2ce86ddb5c3,2024-12-19,-128.0,37,224992.0,6080.864864864865,22.499194,12,0,8,29,75,Extreme Greed,Greed,0.0,0.27586206896551724,False,-128.0,0.0,-128.0
0xbd5fead7180a9c139fa51a103cb6a2ce86ddb5c3,2024-12-20,11799.68,66,187640.55,2843.038636363636,21.433754,41,41,41,25,74,Greed,Greed,1.0,1.64,True,11671.68,11671.68,0.0
0xbd5fead7180a9c139fa51a103cb6a2ce86ddb5c3,2024-12-23,0.0,16,51465.4,3216.5875,7.303981,0,0,0,16,70,Greed,Greed,,0.0,False,11671.68,11671.68,0.0
0xbd5fead7180a9c139fa51a103cb6a2ce86ddb5c3,2024-12-24,0.0,10,10700.0,1070.0,1.07,0,0,0,10,73,Greed,Greed,,0.0,False,11671.68,11671.68,0.0
0xbd5fead7180a9c139fa51a103cb6a2ce86ddb5c3,2024-12-29,0.0,39,95678.47,2453.2941025641026,29.228901,0,0,0,39,73,Greed,Greed,,0.0,False,11671.68,11671.68,0.0
0xbd5fead7180a9c139fa51a103cb6a2ce86ddb5c3,2025-01-03,0.0,61,111918.4,1834.7278688524589,11.191839,0,0,0,61,74,Greed,Greed,,0.0,False,11671.68,11671.68,0.0
0xbd5fead7180a9c139fa51a103cb6a2ce86ddb5c3,2025-01-08,1023.27508,22,26414.2,1200.6454545454546,3.61208,21,21,21,1,70,Greed,Greed,1.0,21.0,True,12694.95508,12694.95508,0.0
0xbd5fead7180a9c139fa51a103cb6a2ce86ddb5c3,2025-01-14,0.0,8,12712.189999999999,1589.0237499999998,4.449262,0,0,0,8,63,Greed,Greed,,0.0,False,12694.95508,12694.95508,0.0
0xbd5fead7180a9c139fa51a103cb6a2ce86ddb5c3,2025-01-15,0.0,3,3386.5,1128.8333333333333,0.653178,0,0,0,3,70,Greed,Greed,,0.0,False,12694.95508,12694.95508,0.0
0xbd5fead7180a9c139fa51a103cb6a2ce86ddb5c3,2025-01-16,0.0,3,2731.48,910.4933333333333,0.728252,0,0,0,3,75,Extreme Greed,Greed,,0.0,False,12694.95508,12694.95508,0.0
0xbd5fead7180a9c139fa51a103cb6a2ce86ddb5c3,2025-01-17,0.0,3,4558.32,1519.4399999999998,1.59541,0,0,0,3,75,Extreme Greed,Greed,,0.0,False,12694.95508,12694.95508,0.0
0xbd5fead7180a9c139fa51a103cb6a2ce86ddb5c3,2025-01-18,-10750.654828,12,92750.63,7729.219166666667,22.21272,7,0,7,5,77,Extreme Greed,Greed,0.0,1.4,False,1944.300251999999,12694.95508,-10750.654828
0xbd5fead7180a9c139fa51a103cb6a2ce86ddb5c3,2025-01-19,-7963.5855,30,75253.19,2508.4396666666667,21.354695,12,0,12,18,77,Extreme Greed,Greed,0.0,0.6666666666666666,False,-6019.285248000001,12694.95508,-18714.240328
0xbd5fead7180a9c139fa51a103cb6a2ce86ddb5c3,2025-01-20,24895.400898,33,143117.96,4336.907878787879,38.116269,26,26,26,7,76,Extreme Greed,Greed,1.0,3.7142857142857144,True,18876.11565,18876.11565,0.0
0xbd5fead7180a9c139fa51a103cb6a2ce86ddb5c3,2025-01-27,20428.824,23,53883.240000000005,2342.7495652173916,5.388315,23,23,23,0,71,Greed,Greed,1.0,,True,39304.93965,39304.93965,0.0
0xbd5fead7180a9c139fa51a103cb6a2ce86ddb5c3,2025-01-31,0.0,61,96930.53,1589.025081967213,9.693017,0,0,0,61,76,Extreme Greed,Greed,,0.0,False,39304.93965,39304.93965,0.0
0xbd5fead7180a9c139fa51a103cb6a2ce86ddb5c3,2025-02-03,160022.95082600001,69,223835.22,3243.988695652174,37.896369,69,69,69,0,44,Fear,Fear,1.0,,True,199327.89047600003,199327.89047600003,0.0
0xbd5fead7180a9c139fa51a103cb6a2ce86ddb5c3,2025-02-04,0.0,18,68000.0,3777.777777777778,6.8,0,0,0,18,72,Greed,Greed,,0.0,False,199327.89047600003,199327.89047600003,0.0
0xbd5fead7180a9c139fa51a103cb6a2ce86ddb5c3,2025-02-06,-24500.0,13,239500.0,18423.076923076922,39.61807,1,0,12,1,49,Neutral,Neutral,0.0,12.0,False,174827.89047600003,199327.89047600003,-24500.0
0xbd5fead7180a9c139fa51a103cb6a2ce86ddb5c3,2025-02-09,0.0,3,1877.44,625.8133333333334,0.187741,0,0,0,3,46,Neutral,Neutral,,0.0,False,174827.89047600003,199327.89047600003,-24500.0
0xbd5fead7180a9c139fa51a103cb6a2ce86ddb5c3,2025-02-10,0.0,22,13009.77,591.3531818181818,2.248304,0,0,0,22,43,Fear,Fear,,0.0,False,174827.89047600003,199327.89047600003,-24500.0
0xbd5fead7180a9c139fa51a103cb6a2ce86ddb5c3,2025-02-15,0.0,4,3221.7599999999998,805.4399999999999,0.322175,0,0,0,4,50,Neutral,Neutral,,0.0,False,174827.89047600003,199327.89047600003,-24500.0
0xbd5fead7180a9c139fa51a103cb6a2ce86ddb5c3,2025-02-21,0.0,33,154282.11,4675.215454545454,34.823728,0,0,6,27,55,Greed,Greed,,0.2222222222222222,False,174827.89047600003,199327.89047600003,-24500.0
0xbd5fead7180a9c139fa51a103cb6a2ce86ddb5c3,2025-02-22,15074.26913,138,1033230.62,7487.178405797102,277.136234,40,36,86,52,49,Neutral,Neutral,0.9,1.6538461538461537,True,189902.15960600003,199327.89047600003,-9425.73087
0xbd5fead7180a9c139fa51a103cb6a2ce86ddb5c3,2025-02-23,0.0,73,182667.63,2502.296301369863,18.266739,0,0,0,73,50,Neutral,Neutral,,0.0,False,189902.15960600003,199327.89047600003,-9425.73087
0xbd5fead7180a9c139fa51a103cb6a2ce86ddb5c3,2025-02-24,0.0,28,50291.94,1796.1407142857145,15.902961990000001,0,0,1,27,49,Neutral,Neutral,,0.037037037037037035,False,189902.15960600003,199327.89047600003,-9425.73087
0xbd5fead7180a9c139fa51a103cb6a2ce86ddb5c3,2025-02-25,3859.44,28,61075.18,2181.2564285714284,13.28893,17,17,17,11,25,Fear,Fear,1.0,1.5454545454545454,True,193761.59960600003,199327.89047600003,-5566.290869999997
0xbd5fead7180a9c139fa51a103cb6a2ce86ddb5c3,2025-02-26,-871.1949999999999,42,152012.64,3619.3485714285716,44.219407000000004,2,1,6,36,21,Extreme Fear,Fear,0.5,0.16666666666666666,False,192890.40460600003,199327.89047600003,-6437.485870000004
0xbd5fead7180a9c139fa51a103cb6a2ce86ddb5c3,2025-02-27,-48309.11776,90,797335.18,8859.279777777778,182.412908,26,1,5,85,10,Extreme Fear,Fear,0.038461538461538464,0.058823529411764705,False,144581.28684600003,199327.89047600003,-54746.60363
0xbd5fead7180a9c139fa51a103cb6a2ce86ddb5c3,2025-02-28,67673.757678,59,486744.98,8249.914915254238,159.317972,57,57,59,0,16,Extreme Fear,Fear,1.0,,True,212255.04452400003,212255.04452400003,0.0
0xbd5fead7180a9c139fa51a103cb6a2ce86ddb5c3,2025-03-02,-2632.65866,84,1026164.57,12216.244880952381,359.157571,14,0,84,0,26,Fear,Fear,0.0,,False,209622.38586400004,212255.04452400003,-2632.6586599999864
0xbd5fead7180a9c139fa51a103cb6a2ce86ddb5c3,2025-03-03,57561.35367,136,1171195.52,8611.731764705883,310.633142,125,112,75,61,33,Fear,Fear,0.896,1.2295081967213115,True,267183.73953400005,267183.73953400005,0.0
0xbd5fead7180a9c139fa51a103cb6a2ce86ddb5c3,2025-03-04,0.0,2,172000.0,86000.0,8.6,0,0,2,0,15,Extreme Fear,Fear,,,False,267183.73953400005,267183.73953400005,0.0
0xbd5fead7180a9c139fa51a103cb6a2ce86ddb5c3,2025-03-05,3677.4,8,179000.0,22375.0,8.949995000000001,8,8,0,8,20,Extreme Fear,Fear,1.0,0.0,True,270861.139534,270861.139534,0.0
0xbd5fead7180a9c139fa51a103cb6a2ce86ddb5c3,2025-03-06,0.0,16,38934.55,2433.409375,5.201155,0,0,3,13,25,Fear,Fear,,0.23076923076923078,False,270861.139534,270861.139534,0.0
0xbd5fead7180a9c139fa51a103cb6a2ce86ddb5c3,2025-03-07,43861.966536,147,1463931.81,9958.719795918369,420.773182,100,97,116,31,34,Fear,Fear,0.97,3.7419354838709675,True,314723.10607000004,314723.10607000004,0.0
0xbd5fead7180a9c139fa51a103cb6a2ce86ddb5c3,2025-03-08,5836.8743,36,47463.53,1318.431388888889,6.596844000000001,36,36,36,0,28,Fear,Fear,1.0,,True,320559.98037,320559.98037,0.0
0xbd5fead7180a9c139fa51a103cb6a2ce86ddb5c3,2025-03-11,0.0,7,32137.2,4591.028571428572,1.606857,0,0,0,7,24,Extreme Fear,Fear,,0.0,False,320559.98037,320559.98037,0.0
0xbd5fead7180a9c139fa51a103cb6a2ce86ddb5c3,2025-03-12,-15387.62119,57,1407520.53,24693.342631578947,297.786141,10,0,47,10,34,Fear,Fear,0.0,4.7,False,305172.35918,320559.98037,-15387.621189999976
0xbd5fead7180a9c139fa51a103cb6a2ce86ddb5c3,2025-03-18,-120.432,27,474916.19,17589.48851851852,105.245665,1,0,17,10,34,Fear,Fear,0.0,1.7,False,305051.92718,320559.98037,-15508.053190000006
0xbd5fead7180a9c139fa51a103cb6a2ce86ddb5c3,2025-03-19,0.0,26,114771.87,4414.302692307692,13.053277999999999,0,0,18,8,32,Fear,Fear,,2.25,False,305051.92718,320559.98037,-15508.053190000006
0xbd5fead7180a9c139fa51a103cb6a2ce86ddb5c3,2025-03-26,0.0,3,98381.35,32793.78333333333,5.379657440000001,0,0,2,1,47,Neutral,Neutral,,2.0,False,305051.92718,320559.98037,-15508.053190000006
0xbd5fead7180a9c139fa51a103cb6a2ce86ddb5c3,2025-03-27,0.0,21,521099.95999999996,24814.283809523808,52.109989,0,0,21,0,40,Fear,Fear,,,False,305051.92718,320559.98037,-15508.053190000006
0xbd5fead7180a9c139fa51a103cb6a2ce86ddb5c3,2025-03-31,-8320.5,3,416000.0,138666.66666666666,41.599999,3,0,0,3,34,Fear,Fear,0.0,0.0,False,296731.42718,320559.98037,-23828.553190000006
0xbd5fead7180a9c139fa51a103cb6a2ce86ddb5c3,2025-04-01,-9311.892185,28,157040.91,5608.603928571429,35.276799,20,0,20,8,34,Fear,Fear,0.0,2.5,False,287419.534995,320559.98037,-33140.44537500001
0xbd5fead7180a9c139fa51a103cb6a2ce86ddb5c3,2025-04-02,2676.6850000000004,66,186250.28,2821.9739393939394,18.62502,62,62,0,66,44,Fear,Fear,1.0,0.0,True,290096.21999500005,320559.98037,-30463.760374999954
0xbd5fead7180a9c139fa51a103cb6a2ce86ddb5c3,2025-04-03,-5862.0887760000005,12,84612.07,7051.005833333334,29.614225,12,0,12,0,25,Fear,Fear,0.0,,False,284234.13121900003,320559.98037,-36325.84915099997
0xbd5fead7180a9c139fa51a103cb6a2ce86ddb5c3,2025-04-04,-43753.361578,132,719162.6599999999,5448.201969696969,148.694024,59,24,24,108,28,Fear,Fear,0.4067796610169492,0.2222222222222222,False,240480.76964100002,320559.98037,-80079.21072899998
0xbd5fead7180a9c139fa51a103cb6a2ce86ddb5c3,2025-04-07,51942.142881,108,1685695.8800000001,15608.295185185187,312.592923,30,30,57,51,23,Extreme Fear,Fear,1.0,1.1176470588235294,True,292422.912522,320559.98037,-28137.067847999977
0xbd5fead7180a9c139fa51a103cb6a2ce86ddb5c3,2025-04-09,-36400.46439,71,371238.03,5228.704647887324,129.933272,48,0,71,0,18,Extreme Fear,Fear,0.0,,False,256022.44813200002,320559.98037,-64537.532237999985
0xbd5fead7180a9c139fa51a103cb6a2ce86ddb5c3,2025-04-10,19858.73334,130,266960.02999999997,2053.538692307692,13.347951,130,130,28,102,39,Fear,Fear,1.0,0.27450980392156865,True,275881.181472,320559.98037,-44678.79889799998
0xbd5fead7180a9c139fa51a103cb6a2ce86ddb5c3,2025-04-12,0.0,24,1273767.04,53073.62666666667,382.13009800000003,0,0,24,0,43,Fear,Fear,,,False,275881.181472,320559.98037,-44678.79889799998
0xbd5fead7180a9c139fa51a103cb6a2ce86ddb5c3,2025-04-13,32724.19729,35,871803.0499999999,24908.65857142857,235.562431,31,31,0,35,45,Neutral,Neutral,1.0,0.0,True,308605.378762,320559.98037,-11954.601607999997
0xbd5fead7180a9c139fa51a103cb6a2ce86ddb5c3,2025-04-14,0.0,51,50237.11,985.0413725490196,2.511831,0,0,47,4,31,Fear,Fear,,11.75,False,308605.378762,320559.98037,-11954.601607999997
0xbd5fead7180a9c139fa51a103cb6a2ce86ddb5c3,2025-04-15,18951.678454,27,622637.68,23060.654814814818,59.744277000000004,27,27,0,27,38,Fear,Fear,1.0,0.0,True,327557.05721600004,327557.05721600004,0.0
0xbd5fead7180a9c139fa51a103cb6a2ce86ddb5c3,2025-04-16,9556.6,15,255891.99,17059.466,12.794597000000001,15,15,0,15,29,Fear,Fear,1.0,0.0,True,337113.657216,337113.657216,0.0
0xbd5fead7180a9c139fa51a103cb6a2ce86ddb5c3,2025-04-17,0.0,11,11950.72,1086.4290909090907,0.597532,0,0,0,11,30,Fear,Fear,,0.0,False,337113.657216,337113.657216,0.0
0xbd5fead7180a9c139fa51a103cb6a2ce86ddb5c3,2025-04-19,0.0,13,104360.03,8027.694615384616,5.217992,0,0,0,13,32,Fear,Fear,,0.0,False,337113.657216,337113.657216,0.0
0xbd5fead7180a9c139fa51a103cb6a2ce86ddb5c3,2025-04-23,-2993.575225,34,52313.89,1538.6438235294117,9.531647,15,0,14,20,72,Greed,Greed,0.0,0.7,False,334120.08199100004,337113.657216,-2993.5752249999787
0xbd5fead7180a9c139fa51a103cb6a2ce86ddb5c3,2025-05-01,-113601.02013799999,116,1935050.26,16681.46775862069,677.267526,77,1,76,40,53,Neutral,Neutral,0.012987012987012988,1.9,False,220519.06185300002,337113.657216,-116594.595363
0xbee1707d6b44d4d52bfe19e41f8a828645437aab,2024-12-08,15206.395076,92,312936.53,3401.4840217391306,26.747257,84,84,15,77,79,Extreme Greed,Greed,1.0,0.19480519480519481,True,15206.395076,15206.395076,0.0
0xbee1707d6b44d4d52bfe19e41f8a828645437aab,2024-12-09,2397.068675,143,446232.75,3120.5087412587413,50.14075456,9,9,134,9,78,Extreme Greed,Greed,1.0,14.88888888888889,True,17603.463751,17603.463751,0.0
0xbee1707d6b44d4d52bfe19e41f8a828645437aab,2024-12-10,26600.990442,928,1726078.07,1859.9979202586208,116.25613018,708,535,220,708,78,Extreme Greed,Greed,0.7556497175141242,0.3107344632768362,True,44204.454193,44204.454193,0.0
0xbee1707d6b44d4d52bfe19e41f8a828645437aab,2024-12-11,24663.690943,530,639969.74,1207.490075471698,28.83121716,519,519,11,519,74,Greed,Greed,1.0,0.02119460500963391,True,68868.145136,68868.145136,0.0
0xbee1707d6b44d4d52bfe19e41f8a828645437aab,2024-12-12,130826.491662,1041,2702869.34,2596.416272814601,294.08469282,868,848,167,874,83,Extreme Greed,Greed,0.9769585253456221,0.19107551487414187,True,199694.636798,199694.636798,0.0
0xbee1707d6b44d4d52bfe19e41f8a828645437aab,2024-12-13,9405.233313,277,748633.37,2702.6475451263536,19.27604387,70,70,208,69,76,Extreme Greed,Greed,1.0,3.0144927536231885,True,209099.870111,209099.870111,0.0
0xbee1707d6b44d4d52bfe19e41f8a828645437aab,2024-12-14,1294.450646,70,434223.6,6203.194285714286,8.86491787,4,4,66,4,83,Extreme Greed,Greed,1.0,16.5,True,210394.32075699998,210394.32075699998,0.0
0xbee1707d6b44d4d52bfe19e41f8a828645437aab,2024-12-15,1703.2571850000002,9,20046.050000000003,2227.3388888888894,0.62289883,2,2,7,2,80,Extreme Greed,Greed,1.0,3.5,True,212097.577942,212097.577942,0.0
0xbee1707d6b44d4d52bfe19e41f8a828645437aab,2024-12-16,126852.290809,245,1002164.78,4090.4684897959187,53.01264697,116,116,129,116,83,Extreme Greed,Greed,1.0,1.1120689655172413,True,338949.868751,338949.868751,0.0
0xbee1707d6b44d4d52bfe19e41f8a828645437aab,2024-12-17,128648.384642,476,1455099.87,3056.9325000000003,171.85723001,269,269,207,269,87,Extreme Greed,Greed,1.0,0.7695167286245354,True,467598.253393,467598.253393,0.0
0xbee1707d6b44d4d52bfe19e41f8a828645437aab,2024-12-18,2139.192941,342,779519.24,2279.296023391813,30.0033153,235,92,107,235,81,Extreme Greed,Greed,0.39148936170212767,0.4553191489361702,True,469737.446334,469737.446334,0.0
0xbee1707d6b44d4d52bfe19e41f8a828645437aab,2024-12-19,27888.195088,2076,4717265.91,2272.286083815029,447.38810641,1577,1470,499,1577,75,Extreme Greed,Greed,0.932149651236525,0.31642358909321494,True,497625.641422,497625.641422,0.0
0xbee1707d6b44d4d52bfe19e41f8a828645437aab,2024-12-20,139628.47633,1259,3672803.24,2917.238474980143,220.44750733,740,672,519,740,74,Greed,Greed,0.9081081081081082,0.7013513513513514,True,637254.117752,637254.117752,0.0
0xbee1707d6b44d4d52bfe19e41f8a828645437aab,2024-12-21,103460.844587,805,2553922.63,3172.574695652174,236.61668118,558,558,252,553,73,Greed,Greed,1.0,0.45569620253164556,True,740714.962339,740714.962339,0.0
0xbee1707d6b44d4d52bfe19e41f8a828645437aab,2024-12-22,19694.301887,108,547876.73,5072.932685185185,14.599256089999999,81,81,27,81,73,Greed,Greed,1.0,0.3333333333333333,True,760409.2642259999,760409.2642259999,0.0
0xbee1707d6b44d4d52bfe19e41f8a828645437aab,2024-12-23,-76194.26162399999,1482,4858081.91,3278.057968960864,793.25867561,971,297,524,958,70,Greed,Greed,0.305870236869207,0.5469728601252609,False,684215.002602,760409.2642259999,-76194.26162399992
0xbee1707d6b44d4d52bfe19e41f8a828645437aab,2024-12-24,-5527.285214,81,283691.67,3502.3662962962962,49.82744987,49,4,41,40,73,Greed,Greed,0.08163265306122448,1.025,False,678687.717388,760409.2642259999,-81721.54683799995
0xbee1707d6b44d4d52bfe19e41f8a828645437aab,2024-12-25,-1059.724367,35,180715.88,5163.3108571428575,22.30132625,3,0,32,3,73,Greed,Greed,0.0,10.666666666666666,False,677627.993021,760409.2642259999,-82781.271205
0xbee1707d6b44d4d52bfe19e41f8a828645437aab,2024-12-26,3103.720794,337,1411948.76,4189.758931750742,316.42639972,199,195,150,187,79,Extreme Greed,Greed,0.9798994974874372,0.8021390374331551,True,680731.713815,760409.2642259999,-79677.55041099992
0xbee1707d6b44d4d52bfe19e41f8a828645437aab,2024-12-27,0.0,1,0.06,0.06,0.0,0,0,0,1,74,Greed,Greed,,0.0,False,680731.713815,760409.2642259999,-79677.55041099992
0xbee1707d6b44d4d52bfe19e41f8a828645437aab,2025-01-10,0.0,2,5999.62,2999.81,0.0302189,0,0,2,0,50,Neutral,Neutral,,,False,680731.713815,760409.2642259999,-79677.55041099992
0xbee1707d6b44d4d52bfe19e41f8a828645437aab,2025-01-11,65.42769200000001,9,10489.07,1165.4522222222222,0.29955384,2,2,7,2,69,Greed,Greed,1.0,3.5,True,680797.141507,760409.2642259999,-79612.12271899998
0xbee1707d6b44d4d52bfe19e41f8a828645437aab,2025-01-13,0.0,11,16372.36,1488.3963636363637,0.08476173000000001,0,0,11,0,61,Greed,Greed,,,False,680797.141507,760409.2642259999,-79612.12271899998
0xbee1707d6b44d4d52bfe19e41f8a828645437aab,2025-01-14,5103.198502,67,90064.81,1344.250895522388,12.83951148,42,42,25,42,63,Greed,Greed,1.0,0.5952380952380952,True,685900.340009,760409.2642259999,-74508.9242169999
0xbee1707d6b44d4d52bfe19e41f8a828645437aab,2025-01-15,66.63180299999999,8,7268.03,908.50375,1.33531584,3,3,5,3,70,Greed,Greed,1.0,1.6666666666666667,True,685966.971812,760409.2642259999,-74442.29241399991
0xbee1707d6b44d4d52bfe19e41f8a828645437aab,2025-01-16,0.0,2,3175.71,1587.855,0.01342796,0,0,2,0,75,Extreme Greed,Greed,,,False,685966.971812,760409.2642259999,-74442.29241399991
0xbee1707d6b44d4d52bfe19e41f8a828645437aab,2025-01-17,77.26888,7,10242.119999999999,1463.1599999999999,1.2464498899999998,3,3,4,3,75,Extreme Greed,Greed,1.0,1.3333333333333333,True,686044.240692,760409.2642259999,-74365.02353399992
0xbee1707d6b44d4d52bfe19e41f8a828645437aab,2025-01-18,0.0,13,26462.75,2035.5961538461538,0.12113978,0,0,13,0,77,Extreme Greed,Greed,,,False,686044.240692,760409.2642259999,-74365.02353399992
0xbee1707d6b44d4d52bfe19e41f8a828645437aab,2025-01-19,512.9694489999999,29,28533.48,983.9131034482758,4.58776394,26,24,3,26,77,Extreme Greed,Greed,0.9230769230769231,0.11538461538461539,True,686557.210141,760409.2642259999,-73852.05408499995
0xbee1707d6b44d4d52bfe19e41f8a828645437aab,2025-01-20,-4968.452873,191,151219.25,791.7238219895288,26.23259607,85,33,106,85,76,Extreme Greed,Greed,0.38823529411764707,1.2470588235294118,False,681588.757268,760409.2642259999,-78820.5069579999
0xbee1707d6b44d4d52bfe19e41f8a828645437aab,2025-01-21,1343.189535,50,36055.44,721.1088000000001,8.44570538,42,42,8,42,76,Extreme Greed,Greed,1.0,0.19047619047619047,True,682931.9468029999,760409.2642259999,-77477.317423
0xbee1707d6b44d4d52bfe19e41f8a828645437aab,2025-01-22,554.298224,13,9971.11,767.0084615384616,1.9855179500000002,9,9,4,9,84,Extreme Greed,Greed,1.0,0.4444444444444444,True,683486.245027,760409.2642259999,-76923.01919899997
0xbee1707d6b44d4d52bfe19e41f8a828645437aab,2025-01-23,-133.631755,16,15824.55,989.034375,1.2575269500000001,11,1,5,11,75,Extreme Greed,Greed,0.09090909090909091,0.45454545454545453,False,683352.613272,760409.2642259999,-77056.65095399995
0xbee1707d6b44d4d52bfe19e41f8a828645437aab,2025-01-24,2109.118305,84,77411.98,921.5711904761904,9.75562206,46,46,38,46,75,Extreme Greed,Greed,1.0,0.8260869565217391,True,685461.731577,760409.2642259999,-74947.53264899994
0xbee1707d6b44d4d52bfe19e41f8a828645437aab,2025-01-25,107.54725099999999,33,24518.55,742.9863636363636,0.5216746999999999,3,3,30,3,75,Extreme Greed,Greed,1.0,10.0,True,685569.278828,760409.2642259999,-74839.98539799999
0xbee1707d6b44d4d52bfe19e41f8a828645437aab,2025-01-26,1012.208613,27,27800.29,1029.6403703703704,1.62709871,13,13,14,13,73,Greed,Greed,1.0,1.0769230769230769,True,686581.487441,760409.2642259999,-73827.776785
0xbee1707d6b44d4d52bfe19e41f8a828645437aab,2025-01-27,-220.548198,56,56268.58,1004.7960714285715,4.11615147,18,1,38,18,71,Greed,Greed,0.05555555555555555,2.111111111111111,False,686360.939243,760409.2642259999,-74048.32498299994
0xbee1707d6b44d4d52bfe19e41f8a828645437aab,2025-01-28,6959.984986,121,141954.48,1173.1775206611571,36.09488571,83,83,38,83,72,Greed,Greed,1.0,0.4578313253012048,True,693320.924229,760409.2642259999,-67088.33999699994
0xbee1707d6b44d4d52bfe19e41f8a828645437aab,2025-01-29,1193.2639530000001,76,73523.13,967.4096052631579,14.65600211,55,55,21,55,72,Greed,Greed,1.0,0.38181818181818183,True,694514.188182,760409.2642259999,-65895.07604399999
0xbee1707d6b44d4d52bfe19e41f8a828645437aab,2025-01-30,1072.220367,268,342667.16,1278.6088059701492,95.30730432,121,79,128,140,70,Greed,Greed,0.6528925619834711,0.9142857142857143,True,695586.408549,760409.2642259999,-64822.8556769999
0xbee1707d6b44d4d52bfe19e41f8a828645437aab,2025-01-31,3143.489896,249,387449.04,1556.0202409638553,85.31124972,154,154,142,107,76,Extreme Greed,Greed,1.0,1.3271028037383177,True,698729.8984449999,760409.2642259999,-61679.365781
0xbee1707d6b44d4d52bfe19e41f8a828645437aab,2025-02-01,2954.521713,187,225330.98,1204.9785026737968,40.48101958,133,133,73,114,68,Greed,Greed,1.0,0.6403508771929824,True,701684.420158,760409.2642259999,-58724.84406799998
0xbee1707d6b44d4d52bfe19e41f8a828645437aab,2025-02-02,-329.680689,131,240984.89,1839.5793129770993,46.27443222,58,38,73,58,60,Greed,Greed,0.6551724137931034,1.2586206896551724,False,701354.739469,760409.2642259999,-59054.52475699992
0xbee1707d6b44d4d52bfe19e41f8a828645437aab,2025-02-03,5803.573999,325,571375.07,1758.0771384615382,119.81672947999999,179,138,126,199,44,Fear,Fear,0.770949720670391,0.6331658291457286,True,707158.313468,760409.2642259999,-53250.950757999904
0xbee1707d6b44d4d52bfe19e41f8a828645437aab,2025-02-04,806.765131,248,335267.63,1351.8856048387097,92.61476121,112,71,99,149,72,Greed,Greed,0.6339285714285714,0.6644295302013423,True,707965.078599,760409.2642259999,-52444.18562699994
0xbee1707d6b44d4d52bfe19e41f8a828645437aab,2025-02-05,713.82809,14,51363.41,3668.815,12.014707999999999,11,11,11,3,54,Neutral,Neutral,1.0,3.6666666666666665,True,708678.906689,760409.2642259999,-51730.357536999974
0xbee1707d6b44d4d52bfe19e41f8a828645437aab,2025-02-06,1212.452697,29,39537.659999999996,1363.3675862068965,9.39805892,26,26,22,7,49,Neutral,Neutral,1.0,3.142857142857143,True,709891.359386,760409.2642259999,-50517.904839999974
0xbee1707d6b44d4d52bfe19e41f8a828645437aab,2025-02-07,2631.225181,125,257480.58,2059.84464,19.61573529,50,50,75,50,44,Fear,Fear,1.0,1.5,True,712522.584567,760409.2642259999,-47886.6796589999
0xbee1707d6b44d4d52bfe19e41f8a828645437aab,2025-02-08,-189.463436,13,34732.86,2671.7584615384617,10.471792,13,1,0,13,44,Fear,Fear,0.07692307692307693,0.0,False,712333.121131,760409.2642259999,-48076.14309499995
0xbee1707d6b44d4d52bfe19e41f8a828645437aab,2025-02-09,204.72190899999998,56,74755.08,1334.912142857143,10.4209551,21,21,35,21,46,Neutral,Neutral,1.0,1.6666666666666667,True,712537.84304,760409.2642259999,-47871.42118599999
0xbee1707d6b44d4d52bfe19e41f8a828645437aab,2025-02-10,3796.008199,140,207823.25,1484.4517857142857,39.70943063,91,91,49,91,43,Fear,Fear,1.0,0.5384615384615384,True,716333.851239,760409.2642259999,-44075.41298699996
0xbee1707d6b44d4d52bfe19e41f8a828645437aab,2025-02-11,1901.6318190000002,52,101286.59,1947.8190384615384,8.22775757,18,18,34,18,47,Neutral,Neutral,1.0,1.8888888888888888,True,718235.483058,760409.2642259999,-42173.78116799996
0xbee1707d6b44d4d52bfe19e41f8a828645437aab,2025-02-12,1747.1899090000002,71,115270.92,1623.5340845070423,13.27502537,45,45,26,45,46,Neutral,Neutral,1.0,0.5777777777777777,True,719982.672967,760409.2642259999,-40426.59125899989
0xbee1707d6b44d4d52bfe19e41f8a828645437aab,2025-02-13,5096.967096,156,243639.4,1561.7910256410255,67.29254806,79,79,67,89,50,Neutral,Neutral,1.0,0.7528089887640449,True,725079.640063,760409.2642259999,-35329.62416299991
0xbee1707d6b44d4d52bfe19e41f8a828645437aab,2025-02-14,-1818.156466,166,226306.63,1363.292951807229,65.416968,64,1,63,103,48,Neutral,Neutral,0.015625,0.6116504854368932,False,723261.483597,760409.2642259999,-37147.78062899993
0xbee1707d6b44d4d52bfe19e41f8a828645437aab,2025-02-15,3822.79759,130,233792.27,1798.402076923077,38.94403648,54,54,91,39,50,Neutral,Neutral,1.0,2.3333333333333335,True,727084.281187,760409.2642259999,-33324.983038999955
0xbee1707d6b44d4d52bfe19e41f8a828645437aab,2025-02-16,321.733978,54,64469.54,1193.8803703703704,20.0275899,44,38,11,43,54,Neutral,Neutral,0.8636363636363636,0.2558139534883721,True,727406.015165,760409.2642259999,-33003.24906099995
0xbee1707d6b44d4d52bfe19e41f8a828645437aab,2025-02-17,111.69658399999999,151,240263.13,1591.1465562913907,44.12664195,76,48,75,76,51,Neutral,Neutral,0.631578947368421,0.9868421052631579,True,727517.711749,760409.2642259999,-32891.55247699993
0xbee1707d6b44d4d52bfe19e41f8a828645437aab,2025-02-18,3935.153067,512,933694.74,1823.6225390625,150.06850005,301,250,226,286,47,Neutral,Neutral,0.8305647840531561,0.7902097902097902,True,731452.864816,760409.2642259999,-28956.399409999955
0xbee1707d6b44d4d52bfe19e41f8a828645437aab,2025-02-19,5930.986467,406,693700.84,1708.6227586206896,137.51040693,232,230,171,235,44,Fear,Fear,0.9913793103448276,0.7276595744680852,True,737383.851283,760409.2642259999,-23025.412942999974
0xbee1707d6b44d4d52bfe19e41f8a828645437aab,2025-02-20,819.221222,162,185018.25,1142.087962962963,53.59084817,81,62,71,91,49,Neutral,Neutral,0.7654320987654321,0.7802197802197802,True,738203.072505,760409.2642259999,-22206.191720999894
0xbee1707d6b44d4d52bfe19e41f8a828645437aab,2025-02-21,4483.141317,255,425686.52,1669.3589019607844,99.12235592,116,116,112,143,55,Greed,Greed,1.0,0.7832167832167832,True,742686.213822,760409.2642259999,-17723.05040399998
0xbee1707d6b44d4d52bfe19e41f8a828645437aab,2025-02-22,1391.928432,60,65838.61,1097.3101666666666,22.127139969999998,41,41,26,34,49,Neutral,Neutral,1.0,0.7647058823529411,True,744078.142254,760409.2642259999,-16331.121971999994
0xbee1707d6b44d4d52bfe19e41f8a828645437aab,2025-02-23,383.135241,45,102770.62,2283.7915555555555,12.728681550000001,25,25,32,13,50,Neutral,Neutral,1.0,2.4615384615384617,True,744461.277495,760409.2642259999,-15947.986730999895
0xbee1707d6b44d4d52bfe19e41f8a828645437aab,2025-02-24,-10373.274402000001,744,1040850.59,1398.9927284946236,276.72258301,405,110,339,405,49,Neutral,Neutral,0.2716049382716049,0.837037037037037,False,734088.003093,760409.2642259999,-26321.261132999905
0xbee1707d6b44d4d52bfe19e41f8a828645437aab,2025-02-25,-23384.358492,1642,2367753.16,1441.9933982947625,564.95772004,879,446,694,948,25,Fear,Fear,0.5073947667804323,0.7320675105485233,False,710703.644601,760409.2642259999,-49705.619624999934
0xbee1707d6b44d4d52bfe19e41f8a828645437aab,2025-02-26,2617.069579,394,594692.02,1509.370609137056,148.7986648,205,160,222,172,21,Extreme Fear,Fear,0.7804878048780488,1.2906976744186047,True,713320.71418,760409.2642259999,-47088.55004599993
0xbee1707d6b44d4d52bfe19e41f8a828645437aab,2025-02-27,2886.786952,703,1018785.28,1449.1966998577525,222.56163231,358,215,331,372,10,Extreme Fear,Fear,0.6005586592178771,0.8897849462365591,True,716207.501132,760409.2642259999,-44201.763093999936
0xbee1707d6b44d4d52bfe19e41f8a828645437aab,2025-02-28,2642.770468,302,409413.87,1355.6750662251654,97.00998097,134,134,116,186,16,Extreme Fear,Fear,1.0,0.6236559139784946,True,718850.2716,760409.2642259999,-41558.99262599996
0xbee1707d6b44d4d52bfe19e41f8a828645437aab,2025-03-01,446.358633,51,70632.18,1384.9447058823528,14.13199339,16,16,36,15,20,Extreme Fear,Fear,1.0,2.4,True,719296.630233,760409.2642259999,-41112.63399299991
0xbee1707d6b44d4d52bfe19e41f8a828645437aab,2025-03-02,2576.6453030000002,102,195968.57,1921.2604901960785,22.79932942,55,55,32,70,26,Fear,Fear,1.0,0.45714285714285713,True,721873.275536,760409.2642259999,-38535.98868999991
0xbee1707d6b44d4d52bfe19e41f8a828645437aab,2025-03-03,2448.046511,73,143853.55,1970.5965753424655,21.1804367,48,48,56,17,33,Fear,Fear,1.0,3.2941176470588234,True,724321.3220469999,760409.2642259999,-36087.942179000005
0xbee1707d6b44d4d52bfe19e41f8a828645437aab,2025-03-04,-4934.6700519999995,979,1464907.5,1496.3304392236976,345.84151396,499,377,480,499,15,Extreme Fear,Fear,0.7555110220440882,0.9619238476953907,False,719386.651995,760409.2642259999,-41022.61223099998
0xbee1707d6b44d4d52bfe19e41f8a828645437aab,2025-03-05,12814.770318,202,365851.66,1811.146831683168,85.9329572,145,126,91,111,20,Extreme Fear,Fear,0.8689655172413793,0.8198198198198198,True,732201.422313,760409.2642259999,-28207.841912999982
0xbee1707d6b44d4d52bfe19e41f8a828645437aab,2025-03-06,601.486585,88,123746.02,1406.2047727272727,17.94404193,37,37,53,35,25,Fear,Fear,1.0,1.5142857142857142,True,732802.908898,760409.2642259999,-27606.355327999918
0xbee1707d6b44d4d52bfe19e41f8a828645437aab,2025-03-07,9142.064849,623,1174974.32,1885.9940930979135,310.4394441,354,318,304,319,34,Fear,Fear,0.8983050847457628,0.9529780564263323,True,741944.973747,760409.2642259999,-18464.29047899996
0xbee1707d6b44d4d52bfe19e41f8a828645437aab,2025-03-08,2219.262399,134,159554.75,1190.7070895522388,21.81652738,52,52,82,52,28,Fear,Fear,1.0,1.5769230769230769,True,744164.236146,760409.2642259999,-16245.02807999996
0xbee1707d6b44d4d52bfe19e41f8a828645437aab,2025-03-09,805.6551000000001,178,286089.11,1607.242191011236,35.18756423,44,44,134,44,27,Fear,Fear,1.0,3.0454545454545454,True,744969.891246,760409.2642259999,-15439.372979999986
0xbee1707d6b44d4d52bfe19e41f8a828645437aab,2025-03-10,9791.668235,1428,1972859.59,1381.5543347338937,490.0149171,845,727,583,845,20,Extreme Fear,Fear,0.8603550295857988,0.6899408284023668,True,754761.559481,760409.2642259999,-5647.7047449999955
0xbee1707d6b44d4d52bfe19e41f8a828645437aab,2025-03-11,-136.41741799999994,333,408130.63,1225.6175075075075,86.10364051,210,115,128,205,24,Extreme Fear,Fear,0.5476190476190477,0.624390243902439,False,754625.142063,760409.2642259999,-5784.1221629999345
0xbee1707d6b44d4d52bfe19e41f8a828645437aab,2025-03-12,8096.937709,553,990831.72,1791.739095840868,171.13070397,354,272,223,330,34,Fear,Fear,0.768361581920904,0.6757575757575758,True,762722.079772,762722.079772,0.0
0xbee1707d6b44d4d52bfe19e41f8a828645437aab,2025-03-13,5090.880874,690,1008417.36,1461.4744347826086,241.675669,422,392,286,404,45,Neutral,Neutral,0.9289099526066351,0.7079207920792079,True,767812.960646,767812.960646,0.0
0xbee1707d6b44d4d52bfe19e41f8a828645437aab,2025-03-14,-49.67229100000003,92,159132.11,1729.6968478260867,39.822176999999996,51,16,48,44,27,Fear,Fear,0.3137254901960784,1.0909090909090908,False,767763.288355,767812.960646,-49.672291000024416
0xbee1707d6b44d4d52bfe19e41f8a828645437aab,2025-03-15,1764.258791,75,127889.5,1705.1933333333334,23.296708,46,46,51,24,46,Neutral,Neutral,1.0,2.125,True,769527.547146,769527.547146,0.0
0xbee1707d6b44d4d52bfe19e41f8a828645437aab,2025-03-16,5.068941999999993,97,138322.47,1426.0048453608247,29.704423,13,11,95,2,30,Fear,Fear,0.8461538461538461,47.5,True,769532.616088,769532.616088,0.0
0xbee1707d6b44d4d52bfe19e41f8a828645437aab,2025-03-17,390.08642000000003,241,325165.39,1349.2339834024897,89.645779,121,89,120,121,32,Fear,Fear,0.7355371900826446,0.9917355371900827,True,769922.702508,769922.702508,0.0
0xbee1707d6b44d4d52bfe19e41f8a828645437aab,2025-03-18,1930.871511,266,352600.03,1325.5640225563911,86.032419,142,85,124,142,34,Fear,Fear,0.5985915492957746,0.8732394366197183,True,771853.574019,771853.574019,0.0
0xbee1707d6b44d4d52bfe19e41f8a828645437aab,2025-03-19,5253.432742,879,1646388.36,1873.024300341297,297.190079,502,429,397,482,32,Fear,Fear,0.8545816733067729,0.8236514522821576,True,777107.006761,777107.006761,0.0
0xbee1707d6b44d4d52bfe19e41f8a828645437aab,2025-03-20,-682.2653320000001,283,433941.82,1533.3633215547704,113.166543,127,13,147,136,49,Neutral,Neutral,0.10236220472440945,1.0808823529411764,False,776424.741429,777107.006761,-682.2653319999808
0xbee1707d6b44d4d52bfe19e41f8a828645437aab,2025-03-21,4866.15672,550,634061.52,1152.8391272727274,144.56949283,279,279,273,277,31,Fear,Fear,1.0,0.9855595667870036,True,781290.898149,781290.898149,0.0
0xbee1707d6b44d4d52bfe19e41f8a828645437aab,2025-03-22,1637.832293,344,516969.77,1502.8190988372094,144.635452,152,88,138,206,32,Fear,Fear,0.5789473684210527,0.6699029126213593,True,782928.730442,782928.730442,0.0
0xbee1707d6b44d4d52bfe19e41f8a828645437aab,2025-03-23,882.848973,178,173103.66,972.4924719101124,39.66749003,18,18,161,17,30,Fear,Fear,1.0,9.470588235294118,True,783811.579415,783811.579415,0.0
0xbee1707d6b44d4d52bfe19e41f8a828645437aab,2025-03-24,7122.965048,500,694593.88,1389.18776,160.22526237,328,302,152,348,45,Neutral,Neutral,0.9207317073170732,0.4367816091954023,True,790934.544463,790934.544463,0.0
0xbee1707d6b44d4d52bfe19e41f8a828645437aab,2025-03-25,1256.867824,306,370384.07,1210.40545751634,84.40796484,142,135,164,142,46,Neutral,Neutral,0.9507042253521126,1.1549295774647887,True,792191.412287,792191.412287,0.0
0xbee1707d6b44d4d52bfe19e41f8a828645437aab,2025-03-26,-6062.660109,2551,4730632.06,1854.422602900823,1202.9397565900001,1304,586,1304,1247,47,Neutral,Neutral,0.4493865030674847,1.045709703287891,False,786128.7521779999,792191.412287,-6062.660109000048
0xbee1707d6b44d4d52bfe19e41f8a828645437aab,2025-03-27,1743.483217,136,169471.23,1246.1119852941176,40.749951,84,84,76,60,40,Fear,Fear,1.0,1.2666666666666666,True,787872.235395,792191.412287,-4319.176892000018
0xbee1707d6b44d4d52bfe19e41f8a828645437aab,2025-03-28,1841.802102,246,281273.3,1143.3873983739836,59.20153658,82,82,161,85,44,Fear,Fear,1.0,1.8941176470588235,True,789714.037497,792191.412287,-2477.3747900000308
0xbee1707d6b44d4d52bfe19e41f8a828645437aab,2025-03-29,-3661.1103980000003,965,1332948.75,1381.2940414507773,344.78915796,462,308,503,462,26,Fear,Fear,0.6666666666666666,1.0887445887445888,False,786052.927099,792191.412287,-6138.485188000021
0xbee1707d6b44d4d52bfe19e41f8a828645437aab,2025-03-30,536.150767,53,86676.97,1635.4145283018868,19.074014000000002,26,26,27,26,32,Fear,Fear,1.0,1.0384615384615385,True,786589.077866,792191.412287,-5602.334420999978
0xbee1707d6b44d4d52bfe19e41f8a828645437aab,2025-03-31,41.27745400000002,81,65542.37,809.165061728395,13.750005,79,56,2,79,34,Fear,Fear,0.7088607594936709,0.02531645569620253,True,786630.35532,792191.412287,-5561.056967000011
0xbee1707d6b44d4d52bfe19e41f8a828645437aab,2025-04-01,147.445788,35,42937.41,1226.783142857143,7.901415,27,27,18,17,34,Fear,Fear,1.0,1.0588235294117647,True,786777.801108,792191.412287,-5413.6111789999995
0xbee1707d6b44d4d52bfe19e41f8a828645437aab,2025-04-02,1842.839943,118,116943.01,991.0424576271186,26.7983,76,76,53,65,44,Fear,Fear,1.0,0.8153846153846154,True,788620.641051,792191.412287,-3570.7712360000005
0xbee1707d6b44d4d52bfe19e41f8a828645437aab,2025-04-03,-3368.876326,261,445407.35,1706.5415708812259,78.09696617,69,0,192,69,25,Fear,Fear,0.0,2.782608695652174,False,785251.764725,792191.412287,-6939.647561999969
0xbee1707d6b44d4d52bfe19e41f8a828645437aab,2025-04-04,-4513.160132,326,462902.01,1419.9448159509202,110.944353,204,52,122,204,28,Fear,Fear,0.2549019607843137,0.5980392156862745,False,780738.604593,792191.412287,-11452.80769399996
0xbee1707d6b44d4d52bfe19e41f8a828645437aab,2025-04-05,1113.761229,90,100509.71,1116.7745555555557,27.97517,27,27,63,27,30,Fear,Fear,1.0,2.3333333333333335,True,781852.365822,792191.412287,-10339.046465000021
0xbee1707d6b44d4d52bfe19e41f8a828645437aab,2025-04-06,1828.77716,114,237329.68,2081.839298245614,34.458222,33,33,81,33,34,Fear,Fear,1.0,2.4545454545454546,True,783681.142982,792191.412287,-8510.269304999965
0xbee1707d6b44d4d52bfe19e41f8a828645437aab,2025-04-07,-9593.258137,386,630246.61,1632.7632383419689,150.995911,234,20,152,234,23,Extreme Fear,Fear,0.08547008547008547,0.6495726495726496,False,774087.884845,792191.412287,-18103.52744199999
0xbee1707d6b44d4d52bfe19e41f8a828645437aab,2025-04-08,11735.32104,167,254159.43,1521.912754491018,50.877125,125,125,42,125,24,Extreme Fear,Fear,1.0,0.336,True,785823.205885,792191.412287,-6368.20640200004
0xbee1707d6b44d4d52bfe19e41f8a828645437aab,2025-04-09,2503.69251,134,153175.38,1143.0998507462687,37.24659368,107,84,27,107,18,Extreme Fear,Fear,0.7850467289719626,0.2523364485981308,True,788326.898395,792191.412287,-3864.513891999959
0xbee1707d6b44d4d52bfe19e41f8a828645437aab,2025-04-10,35.58096,52,50057.18,962.6380769230769,16.02657293,28,28,30,22,39,Fear,Fear,1.0,1.3636363636363635,True,788362.479355,792191.412287,-3828.932932000025
0xbee1707d6b44d4d52bfe19e41f8a828645437aab,2025-04-11,857.60294,123,164913.22999999998,1340.7579674796746,32.61326378,54,29,78,45,25,Fear,Fear,0.5370370370370371,1.7333333333333334,True,789220.082295,792191.412287,-2971.3299920000136
0xbee1707d6b44d4d52bfe19e41f8a828645437aab,2025-04-12,4358.599132,307,469749.1,1530.1273615635178,109.12335053,115,115,109,198,43,Fear,Fear,1.0,0.5505050505050505,True,793578.681427,793578.681427,0.0
0xbee1707d6b44d4d52bfe19e41f8a828645437aab,2025-04-13,2319.824156,346,498833.4,1441.715028901734,126.6096883,129,109,153,193,45,Neutral,Neutral,0.8449612403100775,0.7927461139896373,True,795898.505583,795898.505583,0.0
0xbee1707d6b44d4d52bfe19e41f8a828645437aab,2025-04-14,6100.692122,380,546393.08,1437.8765263157893,164.4995029,191,191,182,198,31,Fear,Fear,1.0,0.9191919191919192,True,801999.1977049999,801999.1977049999,0.0
0xbee1707d6b44d4d52bfe19e41f8a828645437aab,2025-04-15,920.056063,40,99581.44,2489.536,17.853521,25,25,15,25,38,Fear,Fear,1.0,0.6,True,802919.253768,802919.253768,0.0
0xbee1707d6b44d4d52bfe19e41f8a828645437aab,2025-04-16,1958.056487,286,357560.58,1250.2118181818182,94.74223206,159,79,126,160,29,Fear,Fear,0.4968553459119497,0.7875,True,804877.310255,804877.310255,0.0
0xbee1707d6b44d4d52bfe19e41f8a828645437aab,2025-04-17,3359.966896,588,833455.5,1417.4413265306123,263.853514,247,247,233,355,30,Fear,Fear,1.0,0.6563380281690141,True,808237.277151,808237.277151,0.0
0xbee1707d6b44d4d52bfe19e41f8a828645437aab,2025-04-18,2945.701617,562,847389.21,1507.8099822064057,226.8835711,319,314,324,238,33,Fear,Fear,0.9843260188087775,1.361344537815126,True,811182.978768,811182.978768,0.0
0xbee1707d6b44d4d52bfe19e41f8a828645437aab,2025-04-19,976.5105639999999,971,1377878.27,1419.0301441812564,369.109564,394,192,394,577,32,Fear,Fear,0.4873096446700508,0.682842287694974,True,812159.489332,812159.489332,0.0
0xbee1707d6b44d4d52bfe19e41f8a828645437aab,2025-04-20,807.262731,63,67712.65,1074.8039682539682,14.714917,41,41,41,22,37,Fear,Fear,1.0,1.8636363636363635,True,812966.752063,812966.752063,0.0
0xbee1707d6b44d4d52bfe19e41f8a828645437aab,2025-04-21,711.68096,55,85418.48,1553.0632727272728,18.593412999999998,29,29,29,26,39,Fear,Fear,1.0,1.1153846153846154,True,813678.433023,813678.433023,0.0
0xbee1707d6b44d4d52bfe19e41f8a828645437aab,2025-04-22,1463.173211,427,686404.56,1607.504824355972,133.374425,221,208,230,197,47,Neutral,Neutral,0.9411764705882353,1.16751269035533,True,815141.606234,815141.606234,0.0
0xbee1707d6b44d4d52bfe19e41f8a828645437aab,2025-04-23,1700.638677,329,594489.68,1806.9595136778116,141.40794267,175,107,182,147,72,Greed,Greed,0.6114285714285714,1.2380952380952381,True,816842.244911,816842.244911,0.0
0xbee1707d6b44d4d52bfe19e41f8a828645437aab,2025-04-24,-45.94597,2,7290.08,3645.04,2.1870230000000004,2,0,0,2,63,Greed,Greed,0.0,0.0,False,816796.298941,816842.244911,-45.94597000000067
0xbee1707d6b44d4d52bfe19e41f8a828645437aab,2025-04-25,1101.511718,154,160289.59,1040.8414935064934,33.112463,65,65,65,89,60,Greed,Greed,1.0,0.7303370786516854,True,817897.810659,817897.810659,0.0
0xbee1707d6b44d4d52bfe19e41f8a828645437aab,2025-04-26,18.390524,29,51380.600000000006,1771.744827586207,1.74816868,2,2,29,0,65,Greed,Greed,1.0,,True,817916.201183,817916.201183,0.0
0xbee1707d6b44d4d52bfe19e41f8a828645437aab,2025-04-27,1709.194807,82,176616.47,2153.8593902439025,25.639876,32,32,50,32,61,Greed,Greed,1.0,1.5625,True,819625.39599,819625.39599,0.0
0xbee1707d6b44d4d52bfe19e41f8a828645437aab,2025-04-28,4008.588908,430,643081.52,1495.5384186046513,159.55024042,188,169,164,266,54,Neutral,Neutral,0.898936170212766,0.6165413533834586,True,823633.984898,823633.984898,0.0
0xbee1707d6b44d4d52bfe19e41f8a828645437aab,2025-04-29,8561.771838,902,1749645.47,1939.7399889135254,348.921445,432,398,432,470,60,Greed,Greed,0.9212962962962963,0.9191489361702128,True,832195.756736,832195.756736,0.0
0xbee1707d6b44d4d52bfe19e41f8a828645437aab,2025-04-30,2520.773814,75,131160.4,1748.8053333333332,20.31523462,39,39,50,25,56,Greed,Greed,1.0,2.0,True,834716.53055,834716.53055,0.0
0xbee1707d6b44d4d52bfe19e41f8a828645437aab,2025-05-01,1364.022527,131,320749.11,2448.466488549618,59.900085,94,43,87,44,53,Neutral,Neutral,0.4574468085106383,1.9772727272727273,True,836080.553077,836080.553077,0.0
